city,anchor_id,policy,strategy,weather_year,climate_role,time_slice,selector_role,accepted_comparator_cell_id,event_window_start,event_window_end_exclusive,sizing_contract,artifact_cell_id,annual_electricity_kwh_delivered,annual_natural_gas_kwh_delivered_including_service_water,extreme_336h_electricity_kwh_delivered,extreme_336h_natural_gas_kwh_delivered_including_service_water,annual_occupied_hours,extreme_336h_total_hours,extreme_336h_occupied_hours,sql_hourly_electricity_meter_rows,sql_hourly_natural_gas_meter_rows,trace_minus_sql_electricity_j,trace_minus_sql_natural_gas_j,annual_total_delivered_site_energy_kwh,extreme_336h_total_delivered_site_energy_kwh,annual_occupied_worst_zone_degree_hours_above_26c,annual_occupied_worst_zone_degree_hours_above_26c_zone,extreme_336h_occupied_worst_zone_degree_hours_above_26c,extreme_336h_occupied_worst_zone_degree_hours_above_26c_zone,annual_occupied_worst_zone_degree_hours_above_28c,annual_occupied_worst_zone_degree_hours_above_28c_zone,extreme_336h_occupied_worst_zone_degree_hours_above_28c,extreme_336h_occupied_worst_zone_degree_hours_above_28c_zone,annual_occupied_worst_zone_degree_hours_above_30c,annual_occupied_worst_zone_degree_hours_above_30c_zone,extreme_336h_occupied_worst_zone_degree_hours_above_30c,extreme_336h_occupied_worst_zone_degree_hours_above_30c_zone,dx_high_speed_cooling_capacity_w,fuel_heating_capacity_w,electric_reheat_capacity_w,dx_high_speed_rated_airflow_m3_s,facility_occupied_heating_setpoint_not_met_h,facility_occupied_cooling_setpoint_not_met_h,cooling_unmet_degree_hours_sum,heating_unmet_degree_hours_sum,cooling_occupied_unmet_degree_hours_sum,heating_occupied_unmet_degree_hours_sum,cooling_occupied_unmet_degree_hours_max_zone,heating_occupied_unmet_degree_hours_max_zone,combined_fuel_plus_reheat_capacity_w,zone_cooling_user_design_load_w_sum,zone_cooling_user_design_flow_m3_s_sum,system_cooling_user_design_capacity_w_sum,system_cooling_user_design_flow_m3_s_sum,zone_heating_user_design_load_w_sum,zone_heating_user_design_flow_m3_s_sum,system_heating_user_design_capacity_w_sum,system_heating_user_design_flow_m3_s_sum
Beijing,beijing_ssp585_present_typical,adaptive_band,paperb_adaptive_band_relax,2026,continental_hot_summer,baseline_2020s,typical,SCALED-96-027,2026-08-10 00:00:00,2026-08-24 00:00:00,accepted_denver,SCALED-96-027,394618.220017,92579.1574705,21735.1369778,884.859929372,4176,336,160,8760,8760,0.01611328125,-0.000244140625,487197.377488,22619.9969072,1837.62036907,perimeter_top_zn_4,180.797147106,perimeter_top_zn_4,5.53131327268,perimeter_top_zn_4,2.00739071224,perimeter_mid_zn_1,0,core_bottom,0,core_bottom,236931.11,96468.03,143910.2,12.43,417.5,434,1790.8,3572.05,1666.82,2997.61,320.72,1129.6,240378.23,187892.634215,13.7205749948,199994.895263,12.4322910739,85767.3580601,4.37134465435,93011.3297452,4.37122074011
Beijing,beijing_ssp585_present_typical,fixed,diagnostic_reference,2026,continental_hot_summer,baseline_2020s,typical,SCALED-96-025,2026-08-10 00:00:00,2026-08-24 00:00:00,accepted_denver,SCALED-96-025,413740.613732,91890.8339975,23452.3104246,887.167660359,4176,336,160,8760,8760,0.016357421875,0.0003662109375,505631.447729,24339.478085,84.2313666963,perimeter_mid_zn_1,33.722675851,perimeter_bot_zn_1,0,core_bottom,0,core_bottom,0,core_bottom,0,core_bottom,236931.11,96468.03,143910.2,12.43,523.25,452,2943.79,4803.73,2809.32,4189.31,335.74,1458.67,240378.23,187892.634215,13.7205749948,199994.895263,12.4322910739,85767.3580601,4.37134465435,93011.3297452,4.37122074011
Beijing,beijing_ssp585_present_typical,learned_p90,paperb_p90_tail_asym_relax,2026,continental_hot_summer,baseline_2020s,typical,SCALED-96-028,2026-08-10 00:00:00,2026-08-24 00:00:00,accepted_denver,SCALED-96-028,390381.378497,93463.5465417,21735.1369781,884.859929371,4176,336,160,8760,8760,0.01611328125,0,483844.925038,22619.9969075,2114.85508105,perimeter_mid_zn_1,180.797147106,perimeter_top_zn_4,8.06275344582,perimeter_top_zn_4,2.00739071221,perimeter_mid_zn_1,0,core_bottom,0,core_bottom,236931.11,96468.03,143910.2,12.43,360.75,437,1745.44,3983.32,1620.72,3372.02,296.67,1005.88,240378.23,187892.634215,13.7205749948,199994.895263,12.4322910739,85767.3580601,4.37134465435,93011.3297452,4.37122074011
Beijing,beijing_ssp585_present_typical,pmv,paperb_pmv_relax,2026,continental_hot_summer,baseline_2020s,typical,SCALED-96-026,2026-08-10 00:00:00,2026-08-24 00:00:00,accepted_denver,SCALED-96-026,400087.320411,95787.3241068,21735.0117997,884.859882748,4176,336,160,8760,8760,0.017578125,0.000732421875,495874.644518,22619.8716824,2060.55931896,perimeter_mid_zn_1,180.582875209,perimeter_top_zn_4,7.01249952131,perimeter_top_zn_4,2.05696206009,perimeter_mid_zn_1,0,core_bottom,0,core_bottom,236931.11,96468.03,143910.2,12.43,605,277,1376.25,5658.43,1259.42,5009.46,142.16,1656.29,240378.23,187892.634215,13.7205749948,199994.895263,12.4322910739,85767.3580601,4.37134465435,93011.3297452,4.37122074011
Beijing,beijing_ssp585_present_typical,adaptive_band,paperb_adaptive_band_relax,2026,continental_hot_summer,baseline_2020s,typical,SCALED-96-027,2026-08-10 00:00:00,2026-08-24 00:00:00,city_ddy,REV01-C2-012-003,394645.552391,94375.7681736,21416.2914591,884.843445169,4176,336,160,8760,8760,0.01220703125,-0.00067138671875,489021.320564,22301.1349043,1841.07064135,perimeter_top_zn_4,179.967572747,perimeter_top_zn_4,5.48174874791,perimeter_top_zn_4,0.159924045632,perimeter_top_zn_2,0,core_bottom,0,core_bottom,273813.96,71338.9,124766.1,12.62,427.5,377.75,1576.84,3672.61,1454.46,3087.75,285.8,1113.87,196105,184456.521112,13.4698765275,206971.486014,12.6166501636,71587.0439591,3.77970457593,73957.1233102,3.77961496608
Beijing,beijing_ssp585_present_typical,fixed,diagnostic_reference,2026,continental_hot_summer,baseline_2020s,typical,SCALED-96-025,2026-08-10 00:00:00,2026-08-24 00:00:00,city_ddy,REV01-C2-012-001,412528.205154,93797.824388,22889.299333,888.362484849,4176,336,160,8760,8760,0.019775390625,0,506326.029542,23777.6618179,45.0718988954,perimeter_mid_zn_1,10.7474587676,perimeter_bot_zn_1,0,core_bottom,0,core_bottom,0,core_bottom,0,core_bottom,273813.96,71338.9,124766.1,12.62,535.5,306.25,1810.77,4957.06,1684.66,4325.4,197.28,1438.29,196105,184456.521112,13.4698765275,206971.486014,12.6166501636,71587.0439591,3.77970457593,73957.1233102,3.77961496608
Beijing,beijing_ssp585_present_typical,learned_p90,paperb_p90_tail_asym_relax,2026,continental_hot_summer,baseline_2020s,typical,SCALED-96-028,2026-08-10 00:00:00,2026-08-24 00:00:00,city_ddy,REV01-C2-012-004,390529.013486,95207.1008472,21416.2914591,884.84344517,4176,336,160,8760,8760,0.017578125,0,485736.114333,22301.1349043,2093.94871718,perimeter_mid_zn_1,179.967572747,perimeter_top_zn_4,8.02234912997,perimeter_top_zn_4,0.159924045634,perimeter_top_zn_2,0,core_bottom,0,core_bottom,273813.96,71338.9,124766.1,12.62,369.25,374,1517,4187.96,1392.07,3567.18,258.45,1004.99,196105,184456.521112,13.4698765275,206971.486014,12.6166501636,71587.0439591,3.77970457593,73957.1233102,3.77961496608
Beijing,beijing_ssp585_present_typical,pmv,paperb_pmv_relax,2026,continental_hot_summer,baseline_2020s,typical,SCALED-96-026,2026-08-10 00:00:00,2026-08-24 00:00:00,city_ddy,REV01-C2-012-002,400317.786464,97663.5874772,21416.2913022,884.843445159,4176,336,160,8760,8760,0.01513671875,0.00018310546875,497981.373941,22301.1347474,2033.84082916,perimeter_mid_zn_1,179.967571975,perimeter_top_zn_4,6.98925047107,perimeter_top_zn_4,0.159924045337,perimeter_top_zn_2,0,core_bottom,0,core_bottom,273813.96,71338.9,124766.1,12.62,614.25,243.5,1197.68,5836.58,1080.71,5170.14,105.79,1633.4,196105,184456.521112,13.4698765275,206971.486014,12.6166501636,71587.0439591,3.77970457593,73957.1233102,3.77961496608
Guangzhou,guangzhou_ssp585_future_extreme,adaptive_band,paperb_adaptive_band_relax,2086,hot-humid/subtropical,late_2080s,heatwave_extreme,SCALED-96-047,2086-07-20 00:00:00,2086-08-03 00:00:00,accepted_denver,SCALED-96-047,585241.036071,27388.4083666,30278.9714864,884.956055872,4176,336,160,8760,8760,0.009033203125,0.00018310546875,612629.444438,31163.9275423,9560.95942101,perimeter_mid_zn_1,760.073641045,perimeter_mid_zn_1,3617.01154792,perimeter_bot_zn_1,440.073641045,perimeter_mid_zn_1,792.116089452,perimeter_bot_zn_1,150.011360105,perimeter_mid_zn_1,226867.27,97989.86,143641.66,12.06,7.25,2848,51645.62,14.35,48685.98,14.08,6341.52,14.08,241631.52,177549.814032,12.9299854551,191718.603861,12.0546357775,85804.3772357,4.36338928401,93353.850642,4.36326537041
Guangzhou,guangzhou_ssp585_future_extreme,fixed,diagnostic_reference,2086,hot-humid/subtropical,late_2080s,heatwave_extreme,SCALED-96-045,2086-07-20 00:00:00,2086-08-03 00:00:00,accepted_denver,SCALED-96-045,608391.964738,27015.9483748,30308.4004001,884.957361525,4176,336,160,8760,8760,0.00927734375,-0.000289916992188,635407.913112,31193.3577616,7950.72947714,perimeter_bot_zn_1,761.745039931,perimeter_mid_zn_1,3371.23551044,perimeter_bot_zn_1,441.745039931,perimeter_mid_zn_1,763.471901091,perimeter_bot_zn_1,150.575364927,perimeter_mid_zn_1,226867.27,97989.86,143641.66,12.06,32.25,3312.75,104275.05,77.92,100651.4,75.09,11191.87,74.76,241631.52,177549.814032,12.9299854551,191718.603861,12.0546357775,85804.3772357,4.36338928401,93353.850642,4.36326537041
Guangzhou,guangzhou_ssp585_future_extreme,learned_p90,paperb_p90_tail_asym_relax,2086,hot-humid/subtropical,late_2080s,heatwave_extreme,SCALED-96-048,2086-07-20 00:00:00,2086-08-03 00:00:00,accepted_denver,SCALED-96-048,584046.739155,27381.0360121,30279.3284215,884.956126821,4176,336,160,8760,8760,0.010986328125,-4.57763671875e-05,611427.775167,31164.2845483,9794.53105531,perimeter_mid_zn_1,760.141054779,perimeter_mid_zn_1,3631.3976769,perimeter_bot_zn_1,440.141054779,perimeter_mid_zn_1,798.057464228,perimeter_bot_zn_1,150.035789433,perimeter_mid_zn_1,226867.27,97989.86,143641.66,12.06,6.5,2765,62963.16,12.81,59914.56,12.47,7108.1,12.47,241631.52,177549.814032,12.9299854551,191718.603861,12.0546357775,85804.3772357,4.36338928401,93353.850642,4.36326537041
Guangzhou,guangzhou_ssp585_future_extreme,pmv,paperb_pmv_relax,2086,hot-humid/subtropical,late_2080s,heatwave_extreme,SCALED-96-046,2086-07-20 00:00:00,2086-08-03 00:00:00,accepted_denver,SCALED-96-046,585786.307487,27186.0784039,30307.5674944,884.955531561,4176,336,160,8760,8760,0.0087890625,0.000106811523438,612972.385891,31192.5230259,9605.31193413,perimeter_mid_zn_1,761.458194419,perimeter_mid_zn_1,3673.36634275,perimeter_bot_zn_1,441.458194419,perimeter_mid_zn_1,799.214403547,perimeter_bot_zn_1,150.462505224,perimeter_mid_zn_1,226867.27,97989.86,143641.66,12.06,33.25,2756,95428.96,84.72,91788.99,83.62,9364.48,83.23,241631.52,177549.814032,12.9299854551,191718.603861,12.0546357775,85804.3772357,4.36338928401,93353.850642,4.36326537041
Guangzhou,guangzhou_ssp585_future_extreme,adaptive_band,paperb_adaptive_band_relax,2086,hot-humid/subtropical,late_2080s,heatwave_extreme,SCALED-96-047,2086-07-20 00:00:00,2086-08-03 00:00:00,city_ddy,REV01-C2-012-007,574323.102745,26878.8551182,30570.6802796,888.574819277,4176,336,160,8760,8760,0.011474609375,-9.1552734375e-05,601201.957863,31459.2550988,5645.20744219,perimeter_mid_zn_1,375.956754933,perimeter_mid_zn_3,807.347327263,perimeter_bot_zn_1,95.3520170911,perimeter_mid_zn_3,22.4345029282,perimeter_bot_zn_1,1.8361016317,perimeter_mid_zn_1,305708.5,14984.78,87839.01,12.34,7.25,1581.75,10845.35,14.37,9328.47,13.49,1858.69,13.49,102823.79,176810.989739,12.8764603693,203081.083375,12.3381588529,39908.0851926,2.63113226195,22233.1986972,2.63113226195
Guangzhou,guangzhou_ssp585_future_extreme,fixed,diagnostic_reference,2086,hot-humid/subtropical,late_2080s,heatwave_extreme,SCALED-96-045,2086-07-20 00:00:00,2086-08-03 00:00:00,city_ddy,REV01-C2-012-005,611933.039773,26570.7143808,32265.5442109,890.083930814,4176,336,160,8760,8760,0.01123046875,-0.000167846679688,638503.754154,33155.6281417,2804.02783674,perimeter_bot_zn_1,298.880214032,perimeter_mid_zn_3,461.369635495,perimeter_bot_zn_1,62.9764449078,perimeter_mid_zn_1,11.178264508,perimeter_bot_zn_1,0.818928779919,perimeter_mid_zn_1,305708.5,14984.78,87839.01,12.34,32,2427.5,26826.57,76.18,25541.43,72.85,4653.8,71.52,102823.79,176810.989739,12.8764603693,203081.083375,12.3381588529,39908.0851926,2.63113226195,22233.1986972,2.63113226195
Guangzhou,guangzhou_ssp585_future_extreme,learned_p90,paperb_p90_tail_asym_relax,2086,hot-humid/subtropical,late_2080s,heatwave_extreme,SCALED-96-048,2086-07-20 00:00:00,2086-08-03 00:00:00,city_ddy,REV01-C2-012-008,572901.060662,26851.7062228,30570.6802796,888.574819236,4176,336,160,8760,8760,0.0068359375,6.103515625e-05,599752.766885,31459.2550988,5873.34944188,perimeter_mid_zn_1,375.956754933,perimeter_mid_zn_3,808.141389397,perimeter_bot_zn_1,95.3520170909,perimeter_mid_zn_3,22.4164576358,perimeter_bot_zn_1,1.83610163166,perimeter_mid_zn_1,305708.5,14984.78,87839.01,12.34,6.25,1533.5,10666.41,12.67,9160.64,12.32,1842.26,12.32,102823.79,176810.989739,12.8764603693,203081.083375,12.3381588529,39908.0851926,2.63113226195,22233.1986972,2.63113226195
Guangzhou,guangzhou_ssp585_future_extreme,pmv,paperb_pmv_relax,2086,hot-humid/subtropical,late_2080s,heatwave_extreme,SCALED-96-046,2086-07-20 00:00:00,2086-08-03 00:00:00,city_ddy,REV01-C2-012-006,574404.953385,26640.2170407,30778.6207763,887.468177494,4176,336,160,8760,8760,0.010009765625,0,601045.170426,31666.0889538,5646.64233535,perimeter_mid_zn_1,373.85670785,perimeter_mid_zn_3,817.615468358,perimeter_bot_zn_1,94.0485476393,perimeter_mid_zn_3,24.1950673549,perimeter_bot_zn_1,1.80589013574,perimeter_mid_zn_1,305708.5,14984.78,87839.01,12.34,32.5,1524.5,13889.67,82.33,12346.35,80.55,2106.06,79.82,102823.79,176810.989739,12.8764603693,203081.083375,12.3381588529,39908.0851926,2.63113226195,22233.1986972,2.63113226195
Phoenix,phoenix_ssp585_future_extreme,adaptive_band,paperb_adaptive_band_relax,2085,hot-dry/desert,late_2080s,heatwave_extreme,SCALED-96-095,2085-08-20 18:00:00,2085-09-03 18:00:00,accepted_denver,SCALED-96-095,546778.840578,25525.6244851,31595.6262697,860.831514294,4176,336,160,8760,8760,0.01708984375,-3.0517578125e-05,572304.465063,32456.457784,7705.10266678,perimeter_bot_zn_1,684.259715539,perimeter_bot_zn_1,2180.34688434,perimeter_bot_zn_1,364.624674432,perimeter_bot_zn_1,438.941427107,perimeter_bot_zn_1,109.541337983,perimeter_bot_zn_1,231561.74,92614.33,143083.71,12.62,0,2413.25,29842.78,0,26869.46,0,4379.59,0,235698.04,182826.593357,13.8147671573,194100.573753,12.6231716367,85310.6927393,4.47274248735,88801.0414526,4.47261831668
Phoenix,phoenix_ssp585_future_extreme,fixed,diagnostic_reference,2085,hot-dry/desert,late_2080s,heatwave_extreme,SCALED-96-093,2085-08-20 18:00:00,2085-09-03 18:00:00,accepted_denver,SCALED-96-093,576217.830953,25304.4142061,31875.1098115,860.869845462,4176,336,160,8760,8760,0.00732421875,0.000320434570312,601522.24516,32735.979657,5615.94002295,perimeter_bot_zn_1,699.595338327,perimeter_bot_zn_1,1967.65558726,perimeter_bot_zn_1,379.595338327,perimeter_bot_zn_1,421.303790225,perimeter_bot_zn_1,112.581440067,perimeter_bot_zn_1,231561.74,92614.33,143083.71,12.62,17,3087.25,62167.51,22.31,58856.86,22.31,7934.24,22.29,235698.04,182826.593357,13.8147671573,194100.573753,12.6231716367,85310.6927393,4.47274248735,88801.0414526,4.47261831668
Phoenix,phoenix_ssp585_future_extreme,learned_p90,paperb_p90_tail_asym_relax,2085,hot-dry/desert,late_2080s,heatwave_extreme,SCALED-96-096,2085-08-20 18:00:00,2085-09-03 18:00:00,accepted_denver,SCALED-96-096,541892.589253,25427.40268,31597.4836588,860.830452507,4176,336,160,8760,8760,0.013671875,9.1552734375e-05,567319.991933,32458.3141113,8089.25028585,perimeter_bot_zn_1,684.544985852,perimeter_bot_zn_1,2235.07355714,perimeter_bot_zn_1,364.915209545,perimeter_bot_zn_1,448.206149741,perimeter_bot_zn_1,111.747118541,perimeter_bot_zn_1,231561.74,92614.33,143083.71,12.62,0,2224.25,30063.77,0,27003.9,0,4112.94,0,235698.04,182826.593357,13.8147671573,194100.573753,12.6231716367,85310.6927393,4.47274248735,88801.0414526,4.47261831668
Phoenix,phoenix_ssp585_future_extreme,pmv,paperb_pmv_relax,2085,hot-dry/desert,late_2080s,heatwave_extreme,SCALED-96-094,2085-08-20 18:00:00,2085-09-03 18:00:00,accepted_denver,SCALED-96-094,543865.145632,25155.4563945,31784.0153045,859.682174639,4176,336,160,8760,8760,0.01513671875,-0.000106811523438,569020.602026,32643.6974791,7649.66484851,perimeter_bot_zn_1,702.423268894,perimeter_bot_zn_1,2246.68548175,perimeter_bot_zn_1,382.519674872,perimeter_bot_zn_1,452.805097959,perimeter_bot_zn_1,115.536841647,perimeter_bot_zn_1,231561.74,92614.33,143083.71,12.62,18,2260.5,44833.16,24.42,41481.82,23.68,5175.95,19.96,235698.04,182826.593357,13.8147671573,194100.573753,12.6231716367,85310.6927393,4.47274248735,88801.0414526,4.47261831668
Phoenix,phoenix_ssp585_future_extreme,adaptive_band,paperb_adaptive_band_relax,2085,hot-dry/desert,late_2080s,heatwave_extreme,SCALED-96-095,2085-08-20 18:00:00,2085-09-03 18:00:00,city_ddy,REV01-C2-012-011,547158.510903,25403.630855,32501.9384752,863.274823304,4176,336,160,8760,8760,0.01513671875,-0.00048828125,572562.141758,33365.2132986,5032.62004387,perimeter_bot_zn_1,335.962151513,perimeter_bot_zn_1,648.229225146,perimeter_bot_zn_1,85.4253862603,perimeter_bot_zn_1,33.2513275869,perimeter_bot_zn_1,8.2566508663,perimeter_bot_zn_1,311511.29,15977.36,90321.8,14.04,0,1517.25,9940.26,0,8145.59,0,2116.61,0,106299.16,198901.093337,15.0294743394,245419.035916,14.0423673635,40065.3895505,2.66598014534,27997.2093695,2.66598014534
Phoenix,phoenix_ssp585_future_extreme,fixed,diagnostic_reference,2085,hot-dry/desert,late_2080s,heatwave_extreme,SCALED-96-093,2085-08-20 18:00:00,2085-09-03 18:00:00,city_ddy,REV01-C2-012-009,578857.277291,25249.2290089,34166.6372958,864.513912578,4176,336,160,8760,8760,0.010986328125,9.1552734375e-05,604106.5063,35031.1512083,2341.75980778,perimeter_bot_zn_1,301.823175346,perimeter_bot_zn_1,401.229347466,perimeter_bot_zn_1,80.8821155266,perimeter_bot_zn_1,27.8202635112,perimeter_bot_zn_1,6.84144919027,perimeter_bot_zn_1,311511.29,15977.36,90321.8,14.04,14.75,2188.25,16196.68,18.37,14640.26,18.37,3596.99,18.32,106299.16,198901.093337,15.0294743394,245419.035916,14.0423673635,40065.3895505,2.66598014534,27997.2093695,2.66598014534
Phoenix,phoenix_ssp585_future_extreme,learned_p90,paperb_p90_tail_asym_relax,2085,hot-dry/desert,late_2080s,heatwave_extreme,SCALED-96-096,2085-08-20 18:00:00,2085-09-03 18:00:00,city_ddy,REV01-C2-012-012,534277.091209,25321.42359,30904.1950827,862.03531878,4176,336,160,8760,8760,0.01171875,-1.52587890625e-05,559598.514799,31766.2304015,6108.29325042,perimeter_bot_zn_1,360.05404908,perimeter_bot_zn_1,744.595327534,perimeter_bot_zn_1,78.3851452783,perimeter_bot_zn_1,30.1247735052,perimeter_bot_zn_1,6.48446244175,perimeter_bot_zn_1,311511.29,15977.36,90321.8,14.04,0,1267.25,8189.35,0,6075.29,0,1508.55,0,106299.16,198901.093337,15.0294743394,245419.035916,14.0423673635,40065.3895505,2.66598014534,27997.2093695,2.66598014534
Phoenix,phoenix_ssp585_future_extreme,pmv,paperb_pmv_relax,2085,hot-dry/desert,late_2080s,heatwave_extreme,SCALED-96-094,2085-08-20 18:00:00,2085-09-03 18:00:00,city_ddy,REV01-C2-012-010,535780.020903,25116.8776227,31013.3606181,860.893411806,4176,336,160,8760,8760,0.013427734375,0.000137329101562,560896.898526,31874.2540299,5516.54416281,perimeter_bot_zn_1,360.127889678,perimeter_bot_zn_1,704.08487432,perimeter_bot_zn_1,78.1018320047,perimeter_bot_zn_1,29.2072107606,perimeter_bot_zn_1,6.17244643323,perimeter_bot_zn_1,311511.29,15977.36,90321.8,14.04,14.5,1256.75,8455.49,22.92,6372,22.12,1531.3,17.77,106299.16,198901.093337,15.0294743394,245419.035916,14.0423673635,40065.3895505,2.66598014534,27997.2093695,2.66598014534
