city,sizing_contract_city_ddy,metric,policy,value_city_ddy,lower_is_preferred_city_ddy,rank_city_ddy,sizing_contract_accepted_denver,value_accepted_denver,lower_is_preferred_accepted_denver,rank_accepted_denver,rank_change_city_ddy_minus_denver,rank_changed
Beijing,city_ddy,annual_total_delivered_site_energy_kwh,adaptive_band,489021.320564,True,2,accepted_denver,487197.377488,True,2,0,False
Beijing,city_ddy,annual_total_delivered_site_energy_kwh,fixed,506326.029542,True,4,accepted_denver,505631.447729,True,4,0,False
Beijing,city_ddy,annual_total_delivered_site_energy_kwh,learned_p90,485736.114333,True,1,accepted_denver,483844.925038,True,1,0,False
Beijing,city_ddy,annual_total_delivered_site_energy_kwh,pmv,497981.373941,True,3,accepted_denver,495874.644518,True,3,0,False
Beijing,city_ddy,extreme_336h_total_delivered_site_energy_kwh,adaptive_band,22301.1349043,True,2,accepted_denver,22619.9969072,True,2,0,False
Beijing,city_ddy,extreme_336h_total_delivered_site_energy_kwh,fixed,23777.6618179,True,4,accepted_denver,24339.478085,True,4,0,False
Beijing,city_ddy,extreme_336h_total_delivered_site_energy_kwh,learned_p90,22301.1349043,True,3,accepted_denver,22619.9969075,True,3,0,False
Beijing,city_ddy,extreme_336h_total_delivered_site_energy_kwh,pmv,22301.1347474,True,1,accepted_denver,22619.8716824,True,1,0,False
Beijing,city_ddy,annual_occupied_worst_zone_degree_hours_above_26c,adaptive_band,1841.07064135,True,2,accepted_denver,1837.62036907,True,2,0,False
Beijing,city_ddy,annual_occupied_worst_zone_degree_hours_above_26c,fixed,45.0718988954,True,1,accepted_denver,84.2313666963,True,1,0,False
Beijing,city_ddy,annual_occupied_worst_zone_degree_hours_above_26c,learned_p90,2093.94871718,True,4,accepted_denver,2114.85508105,True,4,0,False
Beijing,city_ddy,annual_occupied_worst_zone_degree_hours_above_26c,pmv,2033.84082916,True,3,accepted_denver,2060.55931896,True,3,0,False
Beijing,city_ddy,annual_occupied_worst_zone_degree_hours_above_28c,adaptive_band,5.48174874791,True,2,accepted_denver,5.53131327268,True,2,0,False
Beijing,city_ddy,annual_occupied_worst_zone_degree_hours_above_28c,fixed,0,True,1,accepted_denver,0,True,1,0,False
Beijing,city_ddy,annual_occupied_worst_zone_degree_hours_above_28c,learned_p90,8.02234912997,True,4,accepted_denver,8.06275344582,True,4,0,False
Beijing,city_ddy,annual_occupied_worst_zone_degree_hours_above_28c,pmv,6.98925047107,True,3,accepted_denver,7.01249952131,True,3,0,False
Beijing,city_ddy,annual_occupied_worst_zone_degree_hours_above_30c,adaptive_band,0,True,1,accepted_denver,0,True,1,0,False
Beijing,city_ddy,annual_occupied_worst_zone_degree_hours_above_30c,fixed,0,True,1,accepted_denver,0,True,1,0,False
Beijing,city_ddy,annual_occupied_worst_zone_degree_hours_above_30c,learned_p90,0,True,1,accepted_denver,0,True,1,0,False
Beijing,city_ddy,annual_occupied_worst_zone_degree_hours_above_30c,pmv,0,True,1,accepted_denver,0,True,1,0,False
Beijing,city_ddy,extreme_336h_occupied_worst_zone_degree_hours_above_26c,adaptive_band,179.967572747,True,3,accepted_denver,180.797147106,True,4,-1,True
Beijing,city_ddy,extreme_336h_occupied_worst_zone_degree_hours_above_26c,fixed,10.7474587676,True,1,accepted_denver,33.722675851,True,1,0,False
Beijing,city_ddy,extreme_336h_occupied_worst_zone_degree_hours_above_26c,learned_p90,179.967572747,True,4,accepted_denver,180.797147106,True,3,1,True
Beijing,city_ddy,extreme_336h_occupied_worst_zone_degree_hours_above_26c,pmv,179.967571975,True,2,accepted_denver,180.582875209,True,2,0,False
Beijing,city_ddy,extreme_336h_occupied_worst_zone_degree_hours_above_28c,adaptive_band,0.159924045632,True,3,accepted_denver,2.00739071224,True,3,0,False
Beijing,city_ddy,extreme_336h_occupied_worst_zone_degree_hours_above_28c,fixed,0,True,1,accepted_denver,0,True,1,0,False
Beijing,city_ddy,extreme_336h_occupied_worst_zone_degree_hours_above_28c,learned_p90,0.159924045634,True,4,accepted_denver,2.00739071221,True,2,2,True
Beijing,city_ddy,extreme_336h_occupied_worst_zone_degree_hours_above_28c,pmv,0.159924045337,True,2,accepted_denver,2.05696206009,True,4,-2,True
Beijing,city_ddy,extreme_336h_occupied_worst_zone_degree_hours_above_30c,adaptive_band,0,True,1,accepted_denver,0,True,1,0,False
Beijing,city_ddy,extreme_336h_occupied_worst_zone_degree_hours_above_30c,fixed,0,True,1,accepted_denver,0,True,1,0,False
Beijing,city_ddy,extreme_336h_occupied_worst_zone_degree_hours_above_30c,learned_p90,0,True,1,accepted_denver,0,True,1,0,False
Beijing,city_ddy,extreme_336h_occupied_worst_zone_degree_hours_above_30c,pmv,0,True,1,accepted_denver,0,True,1,0,False
Beijing,city_ddy,facility_occupied_cooling_setpoint_not_met_h,adaptive_band,377.75,True,4,accepted_denver,434,True,2,2,True
Beijing,city_ddy,facility_occupied_cooling_setpoint_not_met_h,fixed,306.25,True,2,accepted_denver,452,True,4,-2,True
Beijing,city_ddy,facility_occupied_cooling_setpoint_not_met_h,learned_p90,374,True,3,accepted_denver,437,True,3,0,False
Beijing,city_ddy,facility_occupied_cooling_setpoint_not_met_h,pmv,243.5,True,1,accepted_denver,277,True,1,0,False
Beijing,city_ddy,facility_occupied_heating_setpoint_not_met_h,adaptive_band,427.5,True,2,accepted_denver,417.5,True,2,0,False
Beijing,city_ddy,facility_occupied_heating_setpoint_not_met_h,fixed,535.5,True,3,accepted_denver,523.25,True,3,0,False
Beijing,city_ddy,facility_occupied_heating_setpoint_not_met_h,learned_p90,369.25,True,1,accepted_denver,360.75,True,1,0,False
Beijing,city_ddy,facility_occupied_heating_setpoint_not_met_h,pmv,614.25,True,4,accepted_denver,605,True,4,0,False
Beijing,city_ddy,cooling_occupied_unmet_degree_hours_sum,adaptive_band,1454.46,True,3,accepted_denver,1666.82,True,3,0,False
Beijing,city_ddy,cooling_occupied_unmet_degree_hours_sum,fixed,1684.66,True,4,accepted_denver,2809.32,True,4,0,False
Beijing,city_ddy,cooling_occupied_unmet_degree_hours_sum,learned_p90,1392.07,True,2,accepted_denver,1620.72,True,2,0,False
Beijing,city_ddy,cooling_occupied_unmet_degree_hours_sum,pmv,1080.71,True,1,accepted_denver,1259.42,True,1,0,False
Beijing,city_ddy,heating_occupied_unmet_degree_hours_sum,adaptive_band,3087.75,True,1,accepted_denver,2997.61,True,1,0,False
Beijing,city_ddy,heating_occupied_unmet_degree_hours_sum,fixed,4325.4,True,3,accepted_denver,4189.31,True,3,0,False
Beijing,city_ddy,heating_occupied_unmet_degree_hours_sum,learned_p90,3567.18,True,2,accepted_denver,3372.02,True,2,0,False
Beijing,city_ddy,heating_occupied_unmet_degree_hours_sum,pmv,5170.14,True,4,accepted_denver,5009.46,True,4,0,False
Guangzhou,city_ddy,annual_total_delivered_site_energy_kwh,adaptive_band,601201.957863,True,3,accepted_denver,612629.444438,True,2,1,True
Guangzhou,city_ddy,annual_total_delivered_site_energy_kwh,fixed,638503.754154,True,4,accepted_denver,635407.913112,True,4,0,False
Guangzhou,city_ddy,annual_total_delivered_site_energy_kwh,learned_p90,599752.766885,True,1,accepted_denver,611427.775167,True,1,0,False
Guangzhou,city_ddy,annual_total_delivered_site_energy_kwh,pmv,601045.170426,True,2,accepted_denver,612972.385891,True,3,-1,True
Guangzhou,city_ddy,extreme_336h_total_delivered_site_energy_kwh,adaptive_band,31459.2550988,True,2,accepted_denver,31163.9275423,True,1,1,True
Guangzhou,city_ddy,extreme_336h_total_delivered_site_energy_kwh,fixed,33155.6281417,True,4,accepted_denver,31193.3577616,True,4,0,False
Guangzhou,city_ddy,extreme_336h_total_delivered_site_energy_kwh,learned_p90,31459.2550988,True,1,accepted_denver,31164.2845483,True,2,-1,True
Guangzhou,city_ddy,extreme_336h_total_delivered_site_energy_kwh,pmv,31666.0889538,True,3,accepted_denver,31192.5230259,True,3,0,False
Guangzhou,city_ddy,annual_occupied_worst_zone_degree_hours_above_26c,adaptive_band,5645.20744219,True,2,accepted_denver,9560.95942101,True,2,0,False
Guangzhou,city_ddy,annual_occupied_worst_zone_degree_hours_above_26c,fixed,2804.02783674,True,1,accepted_denver,7950.72947714,True,1,0,False
Guangzhou,city_ddy,annual_occupied_worst_zone_degree_hours_above_26c,learned_p90,5873.34944188,True,4,accepted_denver,9794.53105531,True,4,0,False
Guangzhou,city_ddy,annual_occupied_worst_zone_degree_hours_above_26c,pmv,5646.64233535,True,3,accepted_denver,9605.31193413,True,3,0,False
Guangzhou,city_ddy,annual_occupied_worst_zone_degree_hours_above_28c,adaptive_band,807.347327263,True,2,accepted_denver,3617.01154792,True,2,0,False
Guangzhou,city_ddy,annual_occupied_worst_zone_degree_hours_above_28c,fixed,461.369635495,True,1,accepted_denver,3371.23551044,True,1,0,False
Guangzhou,city_ddy,annual_occupied_worst_zone_degree_hours_above_28c,learned_p90,808.141389397,True,3,accepted_denver,3631.3976769,True,3,0,False
Guangzhou,city_ddy,annual_occupied_worst_zone_degree_hours_above_28c,pmv,817.615468358,True,4,accepted_denver,3673.36634275,True,4,0,False
Guangzhou,city_ddy,annual_occupied_worst_zone_degree_hours_above_30c,adaptive_band,22.4345029282,True,3,accepted_denver,792.116089452,True,2,1,True
Guangzhou,city_ddy,annual_occupied_worst_zone_degree_hours_above_30c,fixed,11.178264508,True,1,accepted_denver,763.471901091,True,1,0,False
Guangzhou,city_ddy,annual_occupied_worst_zone_degree_hours_above_30c,learned_p90,22.4164576358,True,2,accepted_denver,798.057464228,True,3,-1,True
Guangzhou,city_ddy,annual_occupied_worst_zone_degree_hours_above_30c,pmv,24.1950673549,True,4,accepted_denver,799.214403547,True,4,0,False
Guangzhou,city_ddy,extreme_336h_occupied_worst_zone_degree_hours_above_26c,adaptive_band,375.956754933,True,4,accepted_denver,760.073641045,True,1,3,True
Guangzhou,city_ddy,extreme_336h_occupied_worst_zone_degree_hours_above_26c,fixed,298.880214032,True,1,accepted_denver,761.745039931,True,4,-3,True
Guangzhou,city_ddy,extreme_336h_occupied_worst_zone_degree_hours_above_26c,learned_p90,375.956754933,True,3,accepted_denver,760.141054779,True,2,1,True
Guangzhou,city_ddy,extreme_336h_occupied_worst_zone_degree_hours_above_26c,pmv,373.85670785,True,2,accepted_denver,761.458194419,True,3,-1,True
Guangzhou,city_ddy,extreme_336h_occupied_worst_zone_degree_hours_above_28c,adaptive_band,95.3520170911,True,4,accepted_denver,440.073641045,True,1,3,True
Guangzhou,city_ddy,extreme_336h_occupied_worst_zone_degree_hours_above_28c,fixed,62.9764449078,True,1,accepted_denver,441.745039931,True,4,-3,True
Guangzhou,city_ddy,extreme_336h_occupied_worst_zone_degree_hours_above_28c,learned_p90,95.3520170909,True,3,accepted_denver,440.141054779,True,2,1,True
Guangzhou,city_ddy,extreme_336h_occupied_worst_zone_degree_hours_above_28c,pmv,94.0485476393,True,2,accepted_denver,441.458194419,True,3,-1,True
Guangzhou,city_ddy,extreme_336h_occupied_worst_zone_degree_hours_above_30c,adaptive_band,1.8361016317,True,4,accepted_denver,150.011360105,True,1,3,True
Guangzhou,city_ddy,extreme_336h_occupied_worst_zone_degree_hours_above_30c,fixed,0.818928779919,True,1,accepted_denver,150.575364927,True,4,-3,True
Guangzhou,city_ddy,extreme_336h_occupied_worst_zone_degree_hours_above_30c,learned_p90,1.83610163166,True,3,accepted_denver,150.035789433,True,2,1,True
Guangzhou,city_ddy,extreme_336h_occupied_worst_zone_degree_hours_above_30c,pmv,1.80589013574,True,2,accepted_denver,150.462505224,True,3,-1,True
Guangzhou,city_ddy,facility_occupied_cooling_setpoint_not_met_h,adaptive_band,1581.75,True,3,accepted_denver,2848,True,3,0,False
Guangzhou,city_ddy,facility_occupied_cooling_setpoint_not_met_h,fixed,2427.5,True,4,accepted_denver,3312.75,True,4,0,False
Guangzhou,city_ddy,facility_occupied_cooling_setpoint_not_met_h,learned_p90,1533.5,True,2,accepted_denver,2765,True,2,0,False
Guangzhou,city_ddy,facility_occupied_cooling_setpoint_not_met_h,pmv,1524.5,True,1,accepted_denver,2756,True,1,0,False
Guangzhou,city_ddy,facility_occupied_heating_setpoint_not_met_h,adaptive_band,7.25,True,2,accepted_denver,7.25,True,2,0,False
Guangzhou,city_ddy,facility_occupied_heating_setpoint_not_met_h,fixed,32,True,3,accepted_denver,32.25,True,3,0,False
Guangzhou,city_ddy,facility_occupied_heating_setpoint_not_met_h,learned_p90,6.25,True,1,accepted_denver,6.5,True,1,0,False
Guangzhou,city_ddy,facility_occupied_heating_setpoint_not_met_h,pmv,32.5,True,4,accepted_denver,33.25,True,4,0,False
Guangzhou,city_ddy,cooling_occupied_unmet_degree_hours_sum,adaptive_band,9328.47,True,2,accepted_denver,48685.98,True,1,1,True
Guangzhou,city_ddy,cooling_occupied_unmet_degree_hours_sum,fixed,25541.43,True,4,accepted_denver,100651.4,True,4,0,False
Guangzhou,city_ddy,cooling_occupied_unmet_degree_hours_sum,learned_p90,9160.64,True,1,accepted_denver,59914.56,True,2,-1,True
Guangzhou,city_ddy,cooling_occupied_unmet_degree_hours_sum,pmv,12346.35,True,3,accepted_denver,91788.99,True,3,0,False
Guangzhou,city_ddy,heating_occupied_unmet_degree_hours_sum,adaptive_band,13.49,True,2,accepted_denver,14.08,True,2,0,False
Guangzhou,city_ddy,heating_occupied_unmet_degree_hours_sum,fixed,72.85,True,3,accepted_denver,75.09,True,3,0,False
Guangzhou,city_ddy,heating_occupied_unmet_degree_hours_sum,learned_p90,12.32,True,1,accepted_denver,12.47,True,1,0,False
Guangzhou,city_ddy,heating_occupied_unmet_degree_hours_sum,pmv,80.55,True,4,accepted_denver,83.62,True,4,0,False
Phoenix,city_ddy,annual_total_delivered_site_energy_kwh,adaptive_band,572562.141758,True,3,accepted_denver,572304.465063,True,3,0,False
Phoenix,city_ddy,annual_total_delivered_site_energy_kwh,fixed,604106.5063,True,4,accepted_denver,601522.24516,True,4,0,False
Phoenix,city_ddy,annual_total_delivered_site_energy_kwh,learned_p90,559598.514799,True,1,accepted_denver,567319.991933,True,1,0,False
Phoenix,city_ddy,annual_total_delivered_site_energy_kwh,pmv,560896.898526,True,2,accepted_denver,569020.602026,True,2,0,False
Phoenix,city_ddy,extreme_336h_total_delivered_site_energy_kwh,adaptive_band,33365.2132986,True,3,accepted_denver,32456.457784,True,1,2,True
Phoenix,city_ddy,extreme_336h_total_delivered_site_energy_kwh,fixed,35031.1512083,True,4,accepted_denver,32735.979657,True,4,0,False
Phoenix,city_ddy,extreme_336h_total_delivered_site_energy_kwh,learned_p90,31766.2304015,True,1,accepted_denver,32458.3141113,True,2,-1,True
Phoenix,city_ddy,extreme_336h_total_delivered_site_energy_kwh,pmv,31874.2540299,True,2,accepted_denver,32643.6974791,True,3,-1,True
Phoenix,city_ddy,annual_occupied_worst_zone_degree_hours_above_26c,adaptive_band,5032.62004387,True,2,accepted_denver,7705.10266678,True,3,-1,True
Phoenix,city_ddy,annual_occupied_worst_zone_degree_hours_above_26c,fixed,2341.75980778,True,1,accepted_denver,5615.94002295,True,1,0,False
Phoenix,city_ddy,annual_occupied_worst_zone_degree_hours_above_26c,learned_p90,6108.29325042,True,4,accepted_denver,8089.25028585,True,4,0,False
Phoenix,city_ddy,annual_occupied_worst_zone_degree_hours_above_26c,pmv,5516.54416281,True,3,accepted_denver,7649.66484851,True,2,1,True
Phoenix,city_ddy,annual_occupied_worst_zone_degree_hours_above_28c,adaptive_band,648.229225146,True,2,accepted_denver,2180.34688434,True,2,0,False
Phoenix,city_ddy,annual_occupied_worst_zone_degree_hours_above_28c,fixed,401.229347466,True,1,accepted_denver,1967.65558726,True,1,0,False
Phoenix,city_ddy,annual_occupied_worst_zone_degree_hours_above_28c,learned_p90,744.595327534,True,4,accepted_denver,2235.07355714,True,3,1,True
Phoenix,city_ddy,annual_occupied_worst_zone_degree_hours_above_28c,pmv,704.08487432,True,3,accepted_denver,2246.68548175,True,4,-1,True
Phoenix,city_ddy,annual_occupied_worst_zone_degree_hours_above_30c,adaptive_band,33.2513275869,True,4,accepted_denver,438.941427107,True,2,2,True
Phoenix,city_ddy,annual_occupied_worst_zone_degree_hours_above_30c,fixed,27.8202635112,True,1,accepted_denver,421.303790225,True,1,0,False
Phoenix,city_ddy,annual_occupied_worst_zone_degree_hours_above_30c,learned_p90,30.1247735052,True,3,accepted_denver,448.206149741,True,3,0,False
Phoenix,city_ddy,annual_occupied_worst_zone_degree_hours_above_30c,pmv,29.2072107606,True,2,accepted_denver,452.805097959,True,4,-2,True
Phoenix,city_ddy,extreme_336h_occupied_worst_zone_degree_hours_above_26c,adaptive_band,335.962151513,True,2,accepted_denver,684.259715539,True,1,1,True
Phoenix,city_ddy,extreme_336h_occupied_worst_zone_degree_hours_above_26c,fixed,301.823175346,True,1,accepted_denver,699.595338327,True,3,-2,True
Phoenix,city_ddy,extreme_336h_occupied_worst_zone_degree_hours_above_26c,learned_p90,360.05404908,True,3,accepted_denver,684.544985852,True,2,1,True
Phoenix,city_ddy,extreme_336h_occupied_worst_zone_degree_hours_above_26c,pmv,360.127889678,True,4,accepted_denver,702.423268894,True,4,0,False
Phoenix,city_ddy,extreme_336h_occupied_worst_zone_degree_hours_above_28c,adaptive_band,85.4253862603,True,4,accepted_denver,364.624674432,True,1,3,True
Phoenix,city_ddy,extreme_336h_occupied_worst_zone_degree_hours_above_28c,fixed,80.8821155266,True,3,accepted_denver,379.595338327,True,3,0,False
Phoenix,city_ddy,extreme_336h_occupied_worst_zone_degree_hours_above_28c,learned_p90,78.3851452783,True,2,accepted_denver,364.915209545,True,2,0,False
Phoenix,city_ddy,extreme_336h_occupied_worst_zone_degree_hours_above_28c,pmv,78.1018320047,True,1,accepted_denver,382.519674872,True,4,-3,True
Phoenix,city_ddy,extreme_336h_occupied_worst_zone_degree_hours_above_30c,adaptive_band,8.2566508663,True,4,accepted_denver,109.541337983,True,1,3,True
Phoenix,city_ddy,extreme_336h_occupied_worst_zone_degree_hours_above_30c,fixed,6.84144919027,True,3,accepted_denver,112.581440067,True,3,0,False
Phoenix,city_ddy,extreme_336h_occupied_worst_zone_degree_hours_above_30c,learned_p90,6.48446244175,True,2,accepted_denver,111.747118541,True,2,0,False
Phoenix,city_ddy,extreme_336h_occupied_worst_zone_degree_hours_above_30c,pmv,6.17244643323,True,1,accepted_denver,115.536841647,True,4,-3,True
Phoenix,city_ddy,facility_occupied_cooling_setpoint_not_met_h,adaptive_band,1517.25,True,3,accepted_denver,2413.25,True,3,0,False
Phoenix,city_ddy,facility_occupied_cooling_setpoint_not_met_h,fixed,2188.25,True,4,accepted_denver,3087.25,True,4,0,False
Phoenix,city_ddy,facility_occupied_cooling_setpoint_not_met_h,learned_p90,1267.25,True,2,accepted_denver,2224.25,True,1,1,True
Phoenix,city_ddy,facility_occupied_cooling_setpoint_not_met_h,pmv,1256.75,True,1,accepted_denver,2260.5,True,2,-1,True
Phoenix,city_ddy,facility_occupied_heating_setpoint_not_met_h,adaptive_band,0,True,1,accepted_denver,0,True,1,0,False
Phoenix,city_ddy,facility_occupied_heating_setpoint_not_met_h,fixed,14.75,True,4,accepted_denver,17,True,3,1,True
Phoenix,city_ddy,facility_occupied_heating_setpoint_not_met_h,learned_p90,0,True,1,accepted_denver,0,True,1,0,False
Phoenix,city_ddy,facility_occupied_heating_setpoint_not_met_h,pmv,14.5,True,3,accepted_denver,18,True,4,-1,True
Phoenix,city_ddy,cooling_occupied_unmet_degree_hours_sum,adaptive_band,8145.59,True,3,accepted_denver,26869.46,True,1,2,True
Phoenix,city_ddy,cooling_occupied_unmet_degree_hours_sum,fixed,14640.26,True,4,accepted_denver,58856.86,True,4,0,False
Phoenix,city_ddy,cooling_occupied_unmet_degree_hours_sum,learned_p90,6075.29,True,1,accepted_denver,27003.9,True,2,-1,True
Phoenix,city_ddy,cooling_occupied_unmet_degree_hours_sum,pmv,6372,True,2,accepted_denver,41481.82,True,3,-1,True
Phoenix,city_ddy,heating_occupied_unmet_degree_hours_sum,adaptive_band,0,True,1,accepted_denver,0,True,1,0,False
Phoenix,city_ddy,heating_occupied_unmet_degree_hours_sum,fixed,18.37,True,3,accepted_denver,22.31,True,3,0,False
Phoenix,city_ddy,heating_occupied_unmet_degree_hours_sum,learned_p90,0,True,1,accepted_denver,0,True,1,0,False
Phoenix,city_ddy,heating_occupied_unmet_degree_hours_sum,pmv,22.12,True,4,accepted_denver,23.68,True,4,0,False
