scaled_run_id,anchor_id,physical_condition_id,city,scenario,selector_role,weather_year,strategy,policy_label,trace_rows,occupied_rows,zone_count,timestep_hours,worst_zone_dh_below_18c,worst_zone_dh_below_18c_zone,worst_zone_dh_below_16c,worst_zone_dh_below_16c_zone
SCALED-96-001,ahmedabad_ssp245_present_typical,ahmedabad|ssp245|baseline_2020s|2025,Ahmedabad,ssp245,present_typical,2025,diagnostic_reference,Fixed-setpoint reference,35040,16704,15,0.25,0,core_bottom,0,core_bottom
SCALED-96-002,ahmedabad_ssp245_present_typical,ahmedabad|ssp245|baseline_2020s|2025,Ahmedabad,ssp245,present_typical,2025,paperb_pmv_relax,Building-mean PMV policy,35040,16704,15,0.25,0,core_bottom,0,core_bottom
SCALED-96-003,ahmedabad_ssp245_present_typical,ahmedabad|ssp245|baseline_2020s|2025,Ahmedabad,ssp245,present_typical,2025,paperb_adaptive_band_relax,Adaptive-band benchmark,35040,16704,15,0.25,0,core_bottom,0,core_bottom
SCALED-96-004,ahmedabad_ssp245_present_typical,ahmedabad|ssp245|baseline_2020s|2025,Ahmedabad,ssp245,present_typical,2025,paperb_p90_tail_asym_relax,Learned-p90 policy,35040,16704,15,0.25,0,core_bottom,0,core_bottom
SCALED-96-005,ahmedabad_ssp245_future_extreme,ahmedabad|ssp245|late_2080s|2081,Ahmedabad,ssp245,future_extreme,2081,diagnostic_reference,Fixed-setpoint reference,35040,16704,15,0.25,0,core_bottom,0,core_bottom
SCALED-96-006,ahmedabad_ssp245_future_extreme,ahmedabad|ssp245|late_2080s|2081,Ahmedabad,ssp245,future_extreme,2081,paperb_pmv_relax,Building-mean PMV policy,35040,16704,15,0.25,0,core_bottom,0,core_bottom
SCALED-96-007,ahmedabad_ssp245_future_extreme,ahmedabad|ssp245|late_2080s|2081,Ahmedabad,ssp245,future_extreme,2081,paperb_adaptive_band_relax,Adaptive-band benchmark,35040,16704,15,0.25,0,core_bottom,0,core_bottom
SCALED-96-008,ahmedabad_ssp245_future_extreme,ahmedabad|ssp245|late_2080s|2081,Ahmedabad,ssp245,future_extreme,2081,paperb_p90_tail_asym_relax,Learned-p90 policy,35040,16704,15,0.25,0,core_bottom,0,core_bottom
SCALED-96-009,ahmedabad_ssp585_present_typical,ahmedabad|ssp585|baseline_2020s|2025,Ahmedabad,ssp585,present_typical,2025,diagnostic_reference,Fixed-setpoint reference,35040,16704,15,0.25,0,core_bottom,0,core_bottom
SCALED-96-010,ahmedabad_ssp585_present_typical,ahmedabad|ssp585|baseline_2020s|2025,Ahmedabad,ssp585,present_typical,2025,paperb_pmv_relax,Building-mean PMV policy,35040,16704,15,0.25,0,core_bottom,0,core_bottom
SCALED-96-011,ahmedabad_ssp585_present_typical,ahmedabad|ssp585|baseline_2020s|2025,Ahmedabad,ssp585,present_typical,2025,paperb_adaptive_band_relax,Adaptive-band benchmark,35040,16704,15,0.25,0,core_bottom,0,core_bottom
SCALED-96-012,ahmedabad_ssp585_present_typical,ahmedabad|ssp585|baseline_2020s|2025,Ahmedabad,ssp585,present_typical,2025,paperb_p90_tail_asym_relax,Learned-p90 policy,35040,16704,15,0.25,0,core_bottom,0,core_bottom
SCALED-96-013,ahmedabad_ssp585_future_extreme,ahmedabad|ssp585|late_2080s|2088,Ahmedabad,ssp585,future_extreme,2088,diagnostic_reference,Fixed-setpoint reference,35040,16704,15,0.25,0,core_bottom,0,core_bottom
SCALED-96-014,ahmedabad_ssp585_future_extreme,ahmedabad|ssp585|late_2080s|2088,Ahmedabad,ssp585,future_extreme,2088,paperb_pmv_relax,Building-mean PMV policy,35040,16704,15,0.25,0,core_bottom,0,core_bottom
SCALED-96-015,ahmedabad_ssp585_future_extreme,ahmedabad|ssp585|late_2080s|2088,Ahmedabad,ssp585,future_extreme,2088,paperb_adaptive_band_relax,Adaptive-band benchmark,35040,16704,15,0.25,0,core_bottom,0,core_bottom
SCALED-96-016,ahmedabad_ssp585_future_extreme,ahmedabad|ssp585|late_2080s|2088,Ahmedabad,ssp585,future_extreme,2088,paperb_p90_tail_asym_relax,Learned-p90 policy,35040,16704,15,0.25,0,core_bottom,0,core_bottom
SCALED-96-017,beijing_ssp245_present_typical,beijing|ssp245|baseline_2020s|2026,Beijing,ssp245,present_typical,2026,diagnostic_reference,Fixed-setpoint reference,35040,16704,15,0.25,63.8974196692,perimeter_bot_zn_1,9.04094031003,perimeter_bot_zn_1
SCALED-96-018,beijing_ssp245_present_typical,beijing|ssp245|baseline_2020s|2026,Beijing,ssp245,present_typical,2026,paperb_pmv_relax,Building-mean PMV policy,35040,16704,15,0.25,41.7015435585,perimeter_bot_zn_1,3.36223067461,perimeter_bot_zn_1
SCALED-96-019,beijing_ssp245_present_typical,beijing|ssp245|baseline_2020s|2026,Beijing,ssp245,present_typical,2026,paperb_adaptive_band_relax,Adaptive-band benchmark,35040,16704,15,0.25,82.3167865509,perimeter_bot_zn_1,14.5172775649,perimeter_bot_zn_1
SCALED-96-020,beijing_ssp245_present_typical,beijing|ssp245|baseline_2020s|2026,Beijing,ssp245,present_typical,2026,paperb_p90_tail_asym_relax,Learned-p90 policy,35040,16704,15,0.25,77.5736045587,perimeter_bot_zn_1,13.0815331352,perimeter_bot_zn_1
SCALED-96-021,beijing_ssp245_future_extreme,beijing|ssp245|late_2080s|2084,Beijing,ssp245,future_extreme,2084,diagnostic_reference,Fixed-setpoint reference,35040,16704,15,0.25,6.0972251177,perimeter_bot_zn_1,0.0999833920303,perimeter_top_zn_2
SCALED-96-022,beijing_ssp245_future_extreme,beijing|ssp245|late_2080s|2084,Beijing,ssp245,future_extreme,2084,paperb_pmv_relax,Building-mean PMV policy,35040,16704,15,0.25,2.12223383201,perimeter_bot_zn_1,0,core_bottom
SCALED-96-023,beijing_ssp245_future_extreme,beijing|ssp245|late_2080s|2084,Beijing,ssp245,future_extreme,2084,paperb_adaptive_band_relax,Adaptive-band benchmark,35040,16704,15,0.25,9.69927287532,perimeter_bot_zn_1,0.216780683685,perimeter_top_zn_2
SCALED-96-024,beijing_ssp245_future_extreme,beijing|ssp245|late_2080s|2084,Beijing,ssp245,future_extreme,2084,paperb_p90_tail_asym_relax,Learned-p90 policy,35040,16704,15,0.25,8.78457690456,perimeter_bot_zn_1,0.197046343341,perimeter_top_zn_2
SCALED-96-025,beijing_ssp585_present_typical,beijing|ssp585|baseline_2020s|2026,Beijing,ssp585,present_typical,2026,diagnostic_reference,Fixed-setpoint reference,35040,16704,15,0.25,80.4616795398,perimeter_bot_zn_1,16.9916097762,perimeter_bot_zn_1
SCALED-96-026,beijing_ssp585_present_typical,beijing|ssp585|baseline_2020s|2026,Beijing,ssp585,present_typical,2026,paperb_pmv_relax,Building-mean PMV policy,35040,16704,15,0.25,56.8111362133,perimeter_bot_zn_1,11.5563289541,perimeter_bot_zn_1
SCALED-96-027,beijing_ssp585_present_typical,beijing|ssp585|baseline_2020s|2026,Beijing,ssp585,present_typical,2026,paperb_adaptive_band_relax,Adaptive-band benchmark,35040,16704,15,0.25,103.791788575,perimeter_bot_zn_1,23.6988459951,perimeter_bot_zn_1
SCALED-96-028,beijing_ssp585_present_typical,beijing|ssp585|baseline_2020s|2026,Beijing,ssp585,present_typical,2026,paperb_p90_tail_asym_relax,Learned-p90 policy,35040,16704,15,0.25,100.000521156,perimeter_bot_zn_1,22.8953067254,perimeter_bot_zn_1
SCALED-96-029,beijing_ssp585_future_extreme,beijing|ssp585|late_2080s|2089,Beijing,ssp585,future_extreme,2089,diagnostic_reference,Fixed-setpoint reference,35040,16704,15,0.25,7.05758646439,perimeter_bot_zn_1,0,core_bottom
SCALED-96-030,beijing_ssp585_future_extreme,beijing|ssp585|late_2080s|2089,Beijing,ssp585,future_extreme,2089,paperb_pmv_relax,Building-mean PMV policy,35040,16704,15,0.25,1.8806034205,perimeter_bot_zn_1,0,core_bottom
SCALED-96-031,beijing_ssp585_future_extreme,beijing|ssp585|late_2080s|2089,Beijing,ssp585,future_extreme,2089,paperb_adaptive_band_relax,Adaptive-band benchmark,35040,16704,15,0.25,12.1508648887,perimeter_bot_zn_1,0,core_bottom
SCALED-96-032,beijing_ssp585_future_extreme,beijing|ssp585|late_2080s|2089,Beijing,ssp585,future_extreme,2089,paperb_p90_tail_asym_relax,Learned-p90 policy,35040,16704,15,0.25,10.7670495052,perimeter_bot_zn_1,0,core_bottom
SCALED-96-033,guangzhou_ssp245_present_typical,guangzhou|ssp245|baseline_2020s|2025,Guangzhou,ssp245,present_typical,2025,diagnostic_reference,Fixed-setpoint reference,35040,16704,15,0.25,0,core_bottom,0,core_bottom
SCALED-96-034,guangzhou_ssp245_present_typical,guangzhou|ssp245|baseline_2020s|2025,Guangzhou,ssp245,present_typical,2025,paperb_pmv_relax,Building-mean PMV policy,35040,16704,15,0.25,0,core_bottom,0,core_bottom
SCALED-96-035,guangzhou_ssp245_present_typical,guangzhou|ssp245|baseline_2020s|2025,Guangzhou,ssp245,present_typical,2025,paperb_adaptive_band_relax,Adaptive-band benchmark,35040,16704,15,0.25,0,core_bottom,0,core_bottom
SCALED-96-036,guangzhou_ssp245_present_typical,guangzhou|ssp245|baseline_2020s|2025,Guangzhou,ssp245,present_typical,2025,paperb_p90_tail_asym_relax,Learned-p90 policy,35040,16704,15,0.25,0,core_bottom,0,core_bottom
SCALED-96-037,guangzhou_ssp245_future_extreme,guangzhou|ssp245|late_2080s|2088,Guangzhou,ssp245,future_extreme,2088,diagnostic_reference,Fixed-setpoint reference,35040,16704,15,0.25,0,core_bottom,0,core_bottom
SCALED-96-038,guangzhou_ssp245_future_extreme,guangzhou|ssp245|late_2080s|2088,Guangzhou,ssp245,future_extreme,2088,paperb_pmv_relax,Building-mean PMV policy,35040,16704,15,0.25,0,core_bottom,0,core_bottom
SCALED-96-039,guangzhou_ssp245_future_extreme,guangzhou|ssp245|late_2080s|2088,Guangzhou,ssp245,future_extreme,2088,paperb_adaptive_band_relax,Adaptive-band benchmark,35040,16704,15,0.25,0,core_bottom,0,core_bottom
SCALED-96-040,guangzhou_ssp245_future_extreme,guangzhou|ssp245|late_2080s|2088,Guangzhou,ssp245,future_extreme,2088,paperb_p90_tail_asym_relax,Learned-p90 policy,35040,16704,15,0.25,0,core_bottom,0,core_bottom
SCALED-96-041,guangzhou_ssp585_present_typical,guangzhou|ssp585|baseline_2020s|2025,Guangzhou,ssp585,present_typical,2025,diagnostic_reference,Fixed-setpoint reference,35040,16704,15,0.25,0,core_bottom,0,core_bottom
SCALED-96-042,guangzhou_ssp585_present_typical,guangzhou|ssp585|baseline_2020s|2025,Guangzhou,ssp585,present_typical,2025,paperb_pmv_relax,Building-mean PMV policy,35040,16704,15,0.25,0,core_bottom,0,core_bottom
SCALED-96-043,guangzhou_ssp585_present_typical,guangzhou|ssp585|baseline_2020s|2025,Guangzhou,ssp585,present_typical,2025,paperb_adaptive_band_relax,Adaptive-band benchmark,35040,16704,15,0.25,0,core_bottom,0,core_bottom
SCALED-96-044,guangzhou_ssp585_present_typical,guangzhou|ssp585|baseline_2020s|2025,Guangzhou,ssp585,present_typical,2025,paperb_p90_tail_asym_relax,Learned-p90 policy,35040,16704,15,0.25,0,core_bottom,0,core_bottom
SCALED-96-045,guangzhou_ssp585_future_extreme,guangzhou|ssp585|late_2080s|2086,Guangzhou,ssp585,future_extreme,2086,diagnostic_reference,Fixed-setpoint reference,35040,16704,15,0.25,0,core_bottom,0,core_bottom
SCALED-96-046,guangzhou_ssp585_future_extreme,guangzhou|ssp585|late_2080s|2086,Guangzhou,ssp585,future_extreme,2086,paperb_pmv_relax,Building-mean PMV policy,35040,16704,15,0.25,0,core_bottom,0,core_bottom
SCALED-96-047,guangzhou_ssp585_future_extreme,guangzhou|ssp585|late_2080s|2086,Guangzhou,ssp585,future_extreme,2086,paperb_adaptive_band_relax,Adaptive-band benchmark,35040,16704,15,0.25,0,core_bottom,0,core_bottom
SCALED-96-048,guangzhou_ssp585_future_extreme,guangzhou|ssp585|late_2080s|2086,Guangzhou,ssp585,future_extreme,2086,paperb_p90_tail_asym_relax,Learned-p90 policy,35040,16704,15,0.25,0,core_bottom,0,core_bottom
SCALED-96-049,houston_ssp245_present_typical,houston|ssp245|baseline_2020s|2027,Houston,ssp245,present_typical,2027,diagnostic_reference,Fixed-setpoint reference,35040,16704,15,0.25,0,core_bottom,0,core_bottom
SCALED-96-050,houston_ssp245_present_typical,houston|ssp245|baseline_2020s|2027,Houston,ssp245,present_typical,2027,paperb_pmv_relax,Building-mean PMV policy,35040,16704,15,0.25,0,core_bottom,0,core_bottom
SCALED-96-051,houston_ssp245_present_typical,houston|ssp245|baseline_2020s|2027,Houston,ssp245,present_typical,2027,paperb_adaptive_band_relax,Adaptive-band benchmark,35040,16704,15,0.25,0,core_bottom,0,core_bottom
SCALED-96-052,houston_ssp245_present_typical,houston|ssp245|baseline_2020s|2027,Houston,ssp245,present_typical,2027,paperb_p90_tail_asym_relax,Learned-p90 policy,35040,16704,15,0.25,0,core_bottom,0,core_bottom
SCALED-96-053,houston_ssp245_future_extreme,houston|ssp245|late_2080s|2081,Houston,ssp245,future_extreme,2081,diagnostic_reference,Fixed-setpoint reference,35040,16704,15,0.25,0,core_bottom,0,core_bottom
SCALED-96-054,houston_ssp245_future_extreme,houston|ssp245|late_2080s|2081,Houston,ssp245,future_extreme,2081,paperb_pmv_relax,Building-mean PMV policy,35040,16704,15,0.25,0,core_bottom,0,core_bottom
SCALED-96-055,houston_ssp245_future_extreme,houston|ssp245|late_2080s|2081,Houston,ssp245,future_extreme,2081,paperb_adaptive_band_relax,Adaptive-band benchmark,35040,16704,15,0.25,0,core_bottom,0,core_bottom
SCALED-96-056,houston_ssp245_future_extreme,houston|ssp245|late_2080s|2081,Houston,ssp245,future_extreme,2081,paperb_p90_tail_asym_relax,Learned-p90 policy,35040,16704,15,0.25,0,core_bottom,0,core_bottom
SCALED-96-057,houston_ssp585_present_typical,houston|ssp585|baseline_2020s|2025,Houston,ssp585,present_typical,2025,diagnostic_reference,Fixed-setpoint reference,35040,16704,15,0.25,2.54445384784,perimeter_bot_zn_1,0,core_bottom
SCALED-96-058,houston_ssp585_present_typical,houston|ssp585|baseline_2020s|2025,Houston,ssp585,present_typical,2025,paperb_pmv_relax,Building-mean PMV policy,35040,16704,15,0.25,1.20504758769,perimeter_bot_zn_1,0,core_bottom
SCALED-96-059,houston_ssp585_present_typical,houston|ssp585|baseline_2020s|2025,Houston,ssp585,present_typical,2025,paperb_adaptive_band_relax,Adaptive-band benchmark,35040,16704,15,0.25,2.53841379278,perimeter_bot_zn_1,0,core_bottom
SCALED-96-060,houston_ssp585_present_typical,houston|ssp585|baseline_2020s|2025,Houston,ssp585,present_typical,2025,paperb_p90_tail_asym_relax,Learned-p90 policy,35040,16704,15,0.25,2.39052325355,perimeter_bot_zn_1,0,core_bottom
SCALED-96-061,houston_ssp585_future_extreme,houston|ssp585|late_2080s|2086,Houston,ssp585,future_extreme,2086,diagnostic_reference,Fixed-setpoint reference,35040,16704,15,0.25,0,core_bottom,0,core_bottom
SCALED-96-062,houston_ssp585_future_extreme,houston|ssp585|late_2080s|2086,Houston,ssp585,future_extreme,2086,paperb_pmv_relax,Building-mean PMV policy,35040,16704,15,0.25,0,core_bottom,0,core_bottom
SCALED-96-063,houston_ssp585_future_extreme,houston|ssp585|late_2080s|2086,Houston,ssp585,future_extreme,2086,paperb_adaptive_band_relax,Adaptive-band benchmark,35040,16704,15,0.25,0,core_bottom,0,core_bottom
SCALED-96-064,houston_ssp585_future_extreme,houston|ssp585|late_2080s|2086,Houston,ssp585,future_extreme,2086,paperb_p90_tail_asym_relax,Learned-p90 policy,35040,16704,15,0.25,0,core_bottom,0,core_bottom
SCALED-96-065,kolkata_ssp245_present_typical,kolkata|ssp245|baseline_2020s|2026,Kolkata,ssp245,present_typical,2026,diagnostic_reference,Fixed-setpoint reference,35040,16704,15,0.25,0,core_bottom,0,core_bottom
SCALED-96-066,kolkata_ssp245_present_typical,kolkata|ssp245|baseline_2020s|2026,Kolkata,ssp245,present_typical,2026,paperb_pmv_relax,Building-mean PMV policy,35040,16704,15,0.25,0,core_bottom,0,core_bottom
SCALED-96-067,kolkata_ssp245_present_typical,kolkata|ssp245|baseline_2020s|2026,Kolkata,ssp245,present_typical,2026,paperb_adaptive_band_relax,Adaptive-band benchmark,35040,16704,15,0.25,0,core_bottom,0,core_bottom
SCALED-96-068,kolkata_ssp245_present_typical,kolkata|ssp245|baseline_2020s|2026,Kolkata,ssp245,present_typical,2026,paperb_p90_tail_asym_relax,Learned-p90 policy,35040,16704,15,0.25,0,core_bottom,0,core_bottom
SCALED-96-069,kolkata_ssp245_future_extreme,kolkata|ssp245|late_2080s|2086,Kolkata,ssp245,future_extreme,2086,diagnostic_reference,Fixed-setpoint reference,35040,16704,15,0.25,0,core_bottom,0,core_bottom
SCALED-96-070,kolkata_ssp245_future_extreme,kolkata|ssp245|late_2080s|2086,Kolkata,ssp245,future_extreme,2086,paperb_pmv_relax,Building-mean PMV policy,35040,16704,15,0.25,0,core_bottom,0,core_bottom
SCALED-96-071,kolkata_ssp245_future_extreme,kolkata|ssp245|late_2080s|2086,Kolkata,ssp245,future_extreme,2086,paperb_adaptive_band_relax,Adaptive-band benchmark,35040,16704,15,0.25,0,core_bottom,0,core_bottom
SCALED-96-072,kolkata_ssp245_future_extreme,kolkata|ssp245|late_2080s|2086,Kolkata,ssp245,future_extreme,2086,paperb_p90_tail_asym_relax,Learned-p90 policy,35040,16704,15,0.25,0,core_bottom,0,core_bottom
SCALED-96-073,kolkata_ssp585_present_typical,kolkata|ssp585|baseline_2020s|2029,Kolkata,ssp585,present_typical,2029,diagnostic_reference,Fixed-setpoint reference,35040,16704,15,0.25,0,core_bottom,0,core_bottom
SCALED-96-074,kolkata_ssp585_present_typical,kolkata|ssp585|baseline_2020s|2029,Kolkata,ssp585,present_typical,2029,paperb_pmv_relax,Building-mean PMV policy,35040,16704,15,0.25,0,core_bottom,0,core_bottom
SCALED-96-075,kolkata_ssp585_present_typical,kolkata|ssp585|baseline_2020s|2029,Kolkata,ssp585,present_typical,2029,paperb_adaptive_band_relax,Adaptive-band benchmark,35040,16704,15,0.25,0,core_bottom,0,core_bottom
SCALED-96-076,kolkata_ssp585_present_typical,kolkata|ssp585|baseline_2020s|2029,Kolkata,ssp585,present_typical,2029,paperb_p90_tail_asym_relax,Learned-p90 policy,35040,16704,15,0.25,0,core_bottom,0,core_bottom
SCALED-96-077,kolkata_ssp585_future_extreme,kolkata|ssp585|late_2080s|2080,Kolkata,ssp585,future_extreme,2080,diagnostic_reference,Fixed-setpoint reference,35040,16704,15,0.25,0,core_bottom,0,core_bottom
SCALED-96-078,kolkata_ssp585_future_extreme,kolkata|ssp585|late_2080s|2080,Kolkata,ssp585,future_extreme,2080,paperb_pmv_relax,Building-mean PMV policy,35040,16704,15,0.25,0,core_bottom,0,core_bottom
SCALED-96-079,kolkata_ssp585_future_extreme,kolkata|ssp585|late_2080s|2080,Kolkata,ssp585,future_extreme,2080,paperb_adaptive_band_relax,Adaptive-band benchmark,35040,16704,15,0.25,0,core_bottom,0,core_bottom
SCALED-96-080,kolkata_ssp585_future_extreme,kolkata|ssp585|late_2080s|2080,Kolkata,ssp585,future_extreme,2080,paperb_p90_tail_asym_relax,Learned-p90 policy,35040,16704,15,0.25,0,core_bottom,0,core_bottom
SCALED-96-081,phoenix_ssp245_present_typical,phoenix|ssp245|baseline_2020s|2026,Phoenix,ssp245,present_typical,2026,diagnostic_reference,Fixed-setpoint reference,35040,16704,15,0.25,0,core_bottom,0,core_bottom
SCALED-96-082,phoenix_ssp245_present_typical,phoenix|ssp245|baseline_2020s|2026,Phoenix,ssp245,present_typical,2026,paperb_pmv_relax,Building-mean PMV policy,35040,16704,15,0.25,0,core_bottom,0,core_bottom
SCALED-96-083,phoenix_ssp245_present_typical,phoenix|ssp245|baseline_2020s|2026,Phoenix,ssp245,present_typical,2026,paperb_adaptive_band_relax,Adaptive-band benchmark,35040,16704,15,0.25,0,core_bottom,0,core_bottom
SCALED-96-084,phoenix_ssp245_present_typical,phoenix|ssp245|baseline_2020s|2026,Phoenix,ssp245,present_typical,2026,paperb_p90_tail_asym_relax,Learned-p90 policy,35040,16704,15,0.25,0,core_bottom,0,core_bottom
SCALED-96-085,phoenix_ssp245_future_extreme,phoenix|ssp245|late_2080s|2086,Phoenix,ssp245,future_extreme,2086,diagnostic_reference,Fixed-setpoint reference,35040,16704,15,0.25,0,core_bottom,0,core_bottom
SCALED-96-086,phoenix_ssp245_future_extreme,phoenix|ssp245|late_2080s|2086,Phoenix,ssp245,future_extreme,2086,paperb_pmv_relax,Building-mean PMV policy,35040,16704,15,0.25,0,core_bottom,0,core_bottom
SCALED-96-087,phoenix_ssp245_future_extreme,phoenix|ssp245|late_2080s|2086,Phoenix,ssp245,future_extreme,2086,paperb_adaptive_band_relax,Adaptive-band benchmark,35040,16704,15,0.25,0,core_bottom,0,core_bottom
SCALED-96-088,phoenix_ssp245_future_extreme,phoenix|ssp245|late_2080s|2086,Phoenix,ssp245,future_extreme,2086,paperb_p90_tail_asym_relax,Learned-p90 policy,35040,16704,15,0.25,0,core_bottom,0,core_bottom
SCALED-96-089,phoenix_ssp585_present_typical,phoenix|ssp585|baseline_2020s|2029,Phoenix,ssp585,present_typical,2029,diagnostic_reference,Fixed-setpoint reference,35040,16704,15,0.25,0,core_bottom,0,core_bottom
SCALED-96-090,phoenix_ssp585_present_typical,phoenix|ssp585|baseline_2020s|2029,Phoenix,ssp585,present_typical,2029,paperb_pmv_relax,Building-mean PMV policy,35040,16704,15,0.25,0,core_bottom,0,core_bottom
SCALED-96-091,phoenix_ssp585_present_typical,phoenix|ssp585|baseline_2020s|2029,Phoenix,ssp585,present_typical,2029,paperb_adaptive_band_relax,Adaptive-band benchmark,35040,16704,15,0.25,0,core_bottom,0,core_bottom
SCALED-96-092,phoenix_ssp585_present_typical,phoenix|ssp585|baseline_2020s|2029,Phoenix,ssp585,present_typical,2029,paperb_p90_tail_asym_relax,Learned-p90 policy,35040,16704,15,0.25,0,core_bottom,0,core_bottom
SCALED-96-093,phoenix_ssp585_future_extreme,phoenix|ssp585|late_2080s|2085,Phoenix,ssp585,future_extreme,2085,diagnostic_reference,Fixed-setpoint reference,35040,16704,15,0.25,0,core_bottom,0,core_bottom
SCALED-96-094,phoenix_ssp585_future_extreme,phoenix|ssp585|late_2080s|2085,Phoenix,ssp585,future_extreme,2085,paperb_pmv_relax,Building-mean PMV policy,35040,16704,15,0.25,0,core_bottom,0,core_bottom
SCALED-96-095,phoenix_ssp585_future_extreme,phoenix|ssp585|late_2080s|2085,Phoenix,ssp585,future_extreme,2085,paperb_adaptive_band_relax,Adaptive-band benchmark,35040,16704,15,0.25,0,core_bottom,0,core_bottom
SCALED-96-096,phoenix_ssp585_future_extreme,phoenix|ssp585|late_2080s|2085,Phoenix,ssp585,future_extreme,2085,paperb_p90_tail_asym_relax,Learned-p90 policy,35040,16704,15,0.25,0,core_bottom,0,core_bottom
