scope,scaled_run_id,anchor_id,city,scenario,selector_role,zone_order,zone,selected_count,selected_denominator,selected_share,warm_protection_selected_count,warm_protection_denominator,warm_protection_selected_share,is_scenario_worst_cumulative_dh28_zone,worst_cumulative_dh28_scenario_count
scenario,SCALED-96-004,ahmedabad_ssp245_present_typical,Ahmedabad,ssp245,present_typical,1,Core_bottom,2075,16704,0.124221743295019,0,1071,0,False,
scenario,SCALED-96-004,ahmedabad_ssp245_present_typical,Ahmedabad,ssp245,present_typical,2,Core_mid,1438,16704,0.0860871647509579,0,1071,0,False,
scenario,SCALED-96-004,ahmedabad_ssp245_present_typical,Ahmedabad,ssp245,present_typical,3,Core_top,1013,16704,0.0606441570881226,0,1071,0,False,
scenario,SCALED-96-004,ahmedabad_ssp245_present_typical,Ahmedabad,ssp245,present_typical,4,Perimeter_top_ZN_3,1154,16704,0.0690852490421456,0,1071,0,False,
scenario,SCALED-96-004,ahmedabad_ssp245_present_typical,Ahmedabad,ssp245,present_typical,5,Perimeter_top_ZN_2,1031,16704,0.0617217432950192,21,1071,0.0196078431372549,False,
scenario,SCALED-96-004,ahmedabad_ssp245_present_typical,Ahmedabad,ssp245,present_typical,6,Perimeter_top_ZN_1,2320,16704,0.138888888888889,359,1071,0.335200746965453,False,
scenario,SCALED-96-004,ahmedabad_ssp245_present_typical,Ahmedabad,ssp245,present_typical,7,Perimeter_top_ZN_4,811,16704,0.048551245210728,0,1071,0,False,
scenario,SCALED-96-004,ahmedabad_ssp245_present_typical,Ahmedabad,ssp245,present_typical,8,Perimeter_bot_ZN_3,605,16704,0.0362188697318008,0,1071,0,False,
scenario,SCALED-96-004,ahmedabad_ssp245_present_typical,Ahmedabad,ssp245,present_typical,9,Perimeter_bot_ZN_2,725,16704,0.0434027777777778,7,1071,0.0065359477124183,False,
scenario,SCALED-96-004,ahmedabad_ssp245_present_typical,Ahmedabad,ssp245,present_typical,10,Perimeter_bot_ZN_1,1798,16704,0.107638888888889,344,1071,0.321195144724557,True,
scenario,SCALED-96-004,ahmedabad_ssp245_present_typical,Ahmedabad,ssp245,present_typical,11,Perimeter_bot_ZN_4,483,16704,0.0289152298850575,0,1071,0,False,
scenario,SCALED-96-004,ahmedabad_ssp245_present_typical,Ahmedabad,ssp245,present_typical,12,Perimeter_mid_ZN_3,558,16704,0.0334051724137931,0,1071,0,False,
scenario,SCALED-96-004,ahmedabad_ssp245_present_typical,Ahmedabad,ssp245,present_typical,13,Perimeter_mid_ZN_2,515,16704,0.030830938697318,11,1071,0.0102707749766573,False,
scenario,SCALED-96-004,ahmedabad_ssp245_present_typical,Ahmedabad,ssp245,present_typical,14,Perimeter_mid_ZN_1,1752,16704,0.104885057471264,327,1071,0.305322128851541,False,
scenario,SCALED-96-004,ahmedabad_ssp245_present_typical,Ahmedabad,ssp245,present_typical,15,Perimeter_mid_ZN_4,426,16704,0.0255028735632184,2,1071,0.00186741363211951,False,
scenario,SCALED-96-008,ahmedabad_ssp245_future_extreme,Ahmedabad,ssp245,future_extreme,1,Core_bottom,1690,16704,0.10117337164751,0,1183,0,False,
scenario,SCALED-96-008,ahmedabad_ssp245_future_extreme,Ahmedabad,ssp245,future_extreme,2,Core_mid,1514,16704,0.0906369731800766,0,1183,0,False,
scenario,SCALED-96-008,ahmedabad_ssp245_future_extreme,Ahmedabad,ssp245,future_extreme,3,Core_top,997,16704,0.0596863026819923,4,1183,0.00338123415046492,False,
scenario,SCALED-96-008,ahmedabad_ssp245_future_extreme,Ahmedabad,ssp245,future_extreme,4,Perimeter_top_ZN_3,1180,16704,0.0706417624521073,9,1183,0.00760777683854607,False,
scenario,SCALED-96-008,ahmedabad_ssp245_future_extreme,Ahmedabad,ssp245,future_extreme,5,Perimeter_top_ZN_2,921,16704,0.0551364942528736,2,1183,0.00169061707523246,False,
scenario,SCALED-96-008,ahmedabad_ssp245_future_extreme,Ahmedabad,ssp245,future_extreme,6,Perimeter_top_ZN_1,2167,16704,0.129729406130268,443,1183,0.37447168216399,False,
scenario,SCALED-96-008,ahmedabad_ssp245_future_extreme,Ahmedabad,ssp245,future_extreme,7,Perimeter_top_ZN_4,781,16704,0.0467552681992337,4,1183,0.00338123415046492,False,
scenario,SCALED-96-008,ahmedabad_ssp245_future_extreme,Ahmedabad,ssp245,future_extreme,8,Perimeter_bot_ZN_3,643,16704,0.0384937739463602,0,1183,0,False,
scenario,SCALED-96-008,ahmedabad_ssp245_future_extreme,Ahmedabad,ssp245,future_extreme,9,Perimeter_bot_ZN_2,670,16704,0.040110153256705,1,1183,0.00084530853761623,False,
scenario,SCALED-96-008,ahmedabad_ssp245_future_extreme,Ahmedabad,ssp245,future_extreme,10,Perimeter_bot_ZN_1,1922,16704,0.115062260536398,392,1183,0.331360946745562,True,
scenario,SCALED-96-008,ahmedabad_ssp245_future_extreme,Ahmedabad,ssp245,future_extreme,11,Perimeter_bot_ZN_4,432,16704,0.0258620689655172,0,1183,0,False,
scenario,SCALED-96-008,ahmedabad_ssp245_future_extreme,Ahmedabad,ssp245,future_extreme,12,Perimeter_mid_ZN_3,1031,16704,0.0617217432950192,20,1183,0.0169061707523246,False,
scenario,SCALED-96-008,ahmedabad_ssp245_future_extreme,Ahmedabad,ssp245,future_extreme,13,Perimeter_mid_ZN_2,575,16704,0.0344228927203065,6,1183,0.00507185122569738,False,
scenario,SCALED-96-008,ahmedabad_ssp245_future_extreme,Ahmedabad,ssp245,future_extreme,14,Perimeter_mid_ZN_1,1741,16704,0.10422653256705,299,1183,0.252747252747253,False,
scenario,SCALED-96-008,ahmedabad_ssp245_future_extreme,Ahmedabad,ssp245,future_extreme,15,Perimeter_mid_ZN_4,440,16704,0.0263409961685824,3,1183,0.00253592561284869,False,
scenario,SCALED-96-012,ahmedabad_ssp585_present_typical,Ahmedabad,ssp585,present_typical,1,Core_bottom,1961,16704,0.117397030651341,1,953,0.00104931794333683,False,
scenario,SCALED-96-012,ahmedabad_ssp585_present_typical,Ahmedabad,ssp585,present_typical,2,Core_mid,1664,16704,0.0996168582375479,0,953,0,False,
scenario,SCALED-96-012,ahmedabad_ssp585_present_typical,Ahmedabad,ssp585,present_typical,3,Core_top,1038,16704,0.0621408045977011,0,953,0,False,
scenario,SCALED-96-012,ahmedabad_ssp585_present_typical,Ahmedabad,ssp585,present_typical,4,Perimeter_top_ZN_3,1313,16704,0.0786039272030651,45,953,0.0472193074501574,False,
scenario,SCALED-96-012,ahmedabad_ssp585_present_typical,Ahmedabad,ssp585,present_typical,5,Perimeter_top_ZN_2,922,16704,0.0551963601532567,25,953,0.0262329485834208,False,
scenario,SCALED-96-012,ahmedabad_ssp585_present_typical,Ahmedabad,ssp585,present_typical,6,Perimeter_top_ZN_1,2176,16704,0.130268199233716,269,953,0.282266526757608,False,
scenario,SCALED-96-012,ahmedabad_ssp585_present_typical,Ahmedabad,ssp585,present_typical,7,Perimeter_top_ZN_4,801,16704,0.0479525862068966,29,953,0.0304302203567681,False,
scenario,SCALED-96-012,ahmedabad_ssp585_present_typical,Ahmedabad,ssp585,present_typical,8,Perimeter_bot_ZN_3,597,16704,0.0357399425287356,1,953,0.00104931794333683,False,
scenario,SCALED-96-012,ahmedabad_ssp585_present_typical,Ahmedabad,ssp585,present_typical,9,Perimeter_bot_ZN_2,761,16704,0.0455579501915709,6,953,0.00629590766002099,False,
scenario,SCALED-96-012,ahmedabad_ssp585_present_typical,Ahmedabad,ssp585,present_typical,10,Perimeter_bot_ZN_1,1739,16704,0.104106800766284,271,953,0.284365162644281,False,
scenario,SCALED-96-012,ahmedabad_ssp585_present_typical,Ahmedabad,ssp585,present_typical,11,Perimeter_bot_ZN_4,447,16704,0.0267600574712644,0,953,0,False,
scenario,SCALED-96-012,ahmedabad_ssp585_present_typical,Ahmedabad,ssp585,present_typical,12,Perimeter_mid_ZN_3,748,16704,0.04477969348659,20,953,0.0209863588667366,False,
scenario,SCALED-96-012,ahmedabad_ssp585_present_typical,Ahmedabad,ssp585,present_typical,13,Perimeter_mid_ZN_2,472,16704,0.0282567049808429,14,953,0.0146904512067156,False,
scenario,SCALED-96-012,ahmedabad_ssp585_present_typical,Ahmedabad,ssp585,present_typical,14,Perimeter_mid_ZN_1,1675,16704,0.100275383141762,256,953,0.268625393494229,True,
scenario,SCALED-96-012,ahmedabad_ssp585_present_typical,Ahmedabad,ssp585,present_typical,15,Perimeter_mid_ZN_4,390,16704,0.0233477011494253,16,953,0.0167890870933893,False,
scenario,SCALED-96-016,ahmedabad_ssp585_future_extreme,Ahmedabad,ssp585,future_extreme,1,Core_bottom,1513,16704,0.0905771072796935,0,1691,0,False,
scenario,SCALED-96-016,ahmedabad_ssp585_future_extreme,Ahmedabad,ssp585,future_extreme,2,Core_mid,1255,16704,0.0751317049808429,1,1691,0.000591366055588409,False,
scenario,SCALED-96-016,ahmedabad_ssp585_future_extreme,Ahmedabad,ssp585,future_extreme,3,Core_top,726,16704,0.0434626436781609,0,1691,0,False,
scenario,SCALED-96-016,ahmedabad_ssp585_future_extreme,Ahmedabad,ssp585,future_extreme,4,Perimeter_top_ZN_3,1423,16704,0.0851891762452107,160,1691,0.0946185688941455,False,
scenario,SCALED-96-016,ahmedabad_ssp585_future_extreme,Ahmedabad,ssp585,future_extreme,5,Perimeter_top_ZN_2,834,16704,0.0499281609195402,39,1691,0.023063276167948,False,
scenario,SCALED-96-016,ahmedabad_ssp585_future_extreme,Ahmedabad,ssp585,future_extreme,6,Perimeter_top_ZN_1,2307,16704,0.138110632183908,526,1691,0.311058545239503,False,
scenario,SCALED-96-016,ahmedabad_ssp585_future_extreme,Ahmedabad,ssp585,future_extreme,7,Perimeter_top_ZN_4,779,16704,0.0466355363984674,76,1691,0.0449438202247191,False,
scenario,SCALED-96-016,ahmedabad_ssp585_future_extreme,Ahmedabad,ssp585,future_extreme,8,Perimeter_bot_ZN_3,597,16704,0.0357399425287356,1,1691,0.000591366055588409,False,
scenario,SCALED-96-016,ahmedabad_ssp585_future_extreme,Ahmedabad,ssp585,future_extreme,9,Perimeter_bot_ZN_2,660,16704,0.0395114942528736,2,1691,0.00118273211117682,False,
scenario,SCALED-96-016,ahmedabad_ssp585_future_extreme,Ahmedabad,ssp585,future_extreme,10,Perimeter_bot_ZN_1,1949,16704,0.116678639846743,344,1691,0.203429923122413,True,
scenario,SCALED-96-016,ahmedabad_ssp585_future_extreme,Ahmedabad,ssp585,future_extreme,11,Perimeter_bot_ZN_4,449,16704,0.0268797892720307,0,1691,0,False,
scenario,SCALED-96-016,ahmedabad_ssp585_future_extreme,Ahmedabad,ssp585,future_extreme,12,Perimeter_mid_ZN_3,1294,16704,0.0774664750957854,114,1691,0.0674157303370786,False,
scenario,SCALED-96-016,ahmedabad_ssp585_future_extreme,Ahmedabad,ssp585,future_extreme,13,Perimeter_mid_ZN_2,456,16704,0.0272988505747126,16,1691,0.00946185688941455,False,
scenario,SCALED-96-016,ahmedabad_ssp585_future_extreme,Ahmedabad,ssp585,future_extreme,14,Perimeter_mid_ZN_1,2095,16704,0.125419061302682,387,1691,0.228858663512714,False,
scenario,SCALED-96-016,ahmedabad_ssp585_future_extreme,Ahmedabad,ssp585,future_extreme,15,Perimeter_mid_ZN_4,367,16704,0.021970785440613,25,1691,0.0147841513897102,False,
scenario,SCALED-96-020,beijing_ssp245_present_typical,Beijing,ssp245,present_typical,1,Core_bottom,2720,16704,0.162835249042146,1070,5306,0.201658499811534,False,
scenario,SCALED-96-020,beijing_ssp245_present_typical,Beijing,ssp245,present_typical,2,Core_mid,3126,16704,0.187140804597701,1116,5306,0.210327930644553,False,
scenario,SCALED-96-020,beijing_ssp245_present_typical,Beijing,ssp245,present_typical,3,Core_top,767,16704,0.0459171455938697,147,5306,0.0277044854881266,False,
scenario,SCALED-96-020,beijing_ssp245_present_typical,Beijing,ssp245,present_typical,4,Perimeter_top_ZN_3,796,16704,0.0476532567049808,5,5306,0.000942329438371655,False,
scenario,SCALED-96-020,beijing_ssp245_present_typical,Beijing,ssp245,present_typical,5,Perimeter_top_ZN_2,1031,16704,0.0617217432950192,72,5306,0.0135695439125518,False,
scenario,SCALED-96-020,beijing_ssp245_present_typical,Beijing,ssp245,present_typical,6,Perimeter_top_ZN_1,1942,16704,0.116259578544061,922,5306,0.173765548435733,False,
scenario,SCALED-96-020,beijing_ssp245_present_typical,Beijing,ssp245,present_typical,7,Perimeter_top_ZN_4,1083,16704,0.0648347701149425,285,5306,0.0537127779871843,False,
scenario,SCALED-96-020,beijing_ssp245_present_typical,Beijing,ssp245,present_typical,8,Perimeter_bot_ZN_3,366,16704,0.0219109195402299,0,5306,0,False,
scenario,SCALED-96-020,beijing_ssp245_present_typical,Beijing,ssp245,present_typical,9,Perimeter_bot_ZN_2,392,16704,0.0234674329501916,17,5306,0.00320392009046363,False,
scenario,SCALED-96-020,beijing_ssp245_present_typical,Beijing,ssp245,present_typical,10,Perimeter_bot_ZN_1,1301,16704,0.0778855363984674,376,5306,0.0708631737655484,False,
scenario,SCALED-96-020,beijing_ssp245_present_typical,Beijing,ssp245,present_typical,11,Perimeter_bot_ZN_4,462,16704,0.0276580459770115,61,5306,0.0114964191481342,False,
scenario,SCALED-96-020,beijing_ssp245_present_typical,Beijing,ssp245,present_typical,12,Perimeter_mid_ZN_3,269,16704,0.0161039272030651,13,5306,0.0024500565397663,True,
scenario,SCALED-96-020,beijing_ssp245_present_typical,Beijing,ssp245,present_typical,13,Perimeter_mid_ZN_2,622,16704,0.0372365900383142,197,5306,0.0371277798718432,False,
scenario,SCALED-96-020,beijing_ssp245_present_typical,Beijing,ssp245,present_typical,14,Perimeter_mid_ZN_1,1310,16704,0.0784243295019157,843,5306,0.158876743309461,False,
scenario,SCALED-96-020,beijing_ssp245_present_typical,Beijing,ssp245,present_typical,15,Perimeter_mid_ZN_4,517,16704,0.0309506704980843,182,5306,0.0343007915567282,False,
scenario,SCALED-96-024,beijing_ssp245_future_extreme,Beijing,ssp245,future_extreme,1,Core_bottom,2413,16704,0.144456417624521,1275,6177,0.206410879067508,False,
scenario,SCALED-96-024,beijing_ssp245_future_extreme,Beijing,ssp245,future_extreme,2,Core_mid,3146,16704,0.188338122605364,1604,6177,0.259672980411203,False,
scenario,SCALED-96-024,beijing_ssp245_future_extreme,Beijing,ssp245,future_extreme,3,Core_top,582,16704,0.0348419540229885,91,6177,0.0147320705844261,False,
scenario,SCALED-96-024,beijing_ssp245_future_extreme,Beijing,ssp245,future_extreme,4,Perimeter_top_ZN_3,1149,16704,0.0687859195402299,94,6177,0.0152177432410555,False,
scenario,SCALED-96-024,beijing_ssp245_future_extreme,Beijing,ssp245,future_extreme,5,Perimeter_top_ZN_2,986,16704,0.0590277777777778,121,6177,0.0195887971507204,False,
scenario,SCALED-96-024,beijing_ssp245_future_extreme,Beijing,ssp245,future_extreme,6,Perimeter_top_ZN_1,1760,16704,0.10536398467433,846,6177,0.1369596891695,False,
scenario,SCALED-96-024,beijing_ssp245_future_extreme,Beijing,ssp245,future_extreme,7,Perimeter_top_ZN_4,1202,16704,0.0719588122605364,407,6177,0.0658895904160596,False,
scenario,SCALED-96-024,beijing_ssp245_future_extreme,Beijing,ssp245,future_extreme,8,Perimeter_bot_ZN_3,466,16704,0.0278975095785441,7,6177,0.00113323619880201,False,
scenario,SCALED-96-024,beijing_ssp245_future_extreme,Beijing,ssp245,future_extreme,9,Perimeter_bot_ZN_2,459,16704,0.0274784482758621,22,6177,0.00356159948194917,False,
scenario,SCALED-96-024,beijing_ssp245_future_extreme,Beijing,ssp245,future_extreme,10,Perimeter_bot_ZN_1,1461,16704,0.0874640804597701,570,6177,0.092277804759592,False,
scenario,SCALED-96-024,beijing_ssp245_future_extreme,Beijing,ssp245,future_extreme,11,Perimeter_bot_ZN_4,433,16704,0.0259219348659004,60,6177,0.00971345313258863,False,
scenario,SCALED-96-024,beijing_ssp245_future_extreme,Beijing,ssp245,future_extreme,12,Perimeter_mid_ZN_3,521,16704,0.0311901340996169,44,6177,0.00712319896389833,True,
scenario,SCALED-96-024,beijing_ssp245_future_extreme,Beijing,ssp245,future_extreme,13,Perimeter_mid_ZN_2,575,16704,0.0344228927203065,215,6177,0.0348065403917759,False,
scenario,SCALED-96-024,beijing_ssp245_future_extreme,Beijing,ssp245,future_extreme,14,Perimeter_mid_ZN_1,1085,16704,0.0649545019157088,663,6177,0.107333657115104,False,
scenario,SCALED-96-024,beijing_ssp245_future_extreme,Beijing,ssp245,future_extreme,15,Perimeter_mid_ZN_4,466,16704,0.0278975095785441,158,6177,0.0255787599158167,False,
scenario,SCALED-96-028,beijing_ssp585_present_typical,Beijing,ssp585,present_typical,1,Core_bottom,2857,16704,0.171036877394636,1114,5616,0.198361823361823,False,
scenario,SCALED-96-028,beijing_ssp585_present_typical,Beijing,ssp585,present_typical,2,Core_mid,3161,16704,0.189236111111111,1362,5616,0.242521367521368,False,
scenario,SCALED-96-028,beijing_ssp585_present_typical,Beijing,ssp585,present_typical,3,Core_top,876,16704,0.0524425287356322,161,5616,0.0286680911680912,False,
scenario,SCALED-96-028,beijing_ssp585_present_typical,Beijing,ssp585,present_typical,4,Perimeter_top_ZN_3,1077,16704,0.0644755747126437,11,5616,0.00195868945868946,False,
scenario,SCALED-96-028,beijing_ssp585_present_typical,Beijing,ssp585,present_typical,5,Perimeter_top_ZN_2,921,16704,0.0551364942528736,70,5616,0.0124643874643875,False,
scenario,SCALED-96-028,beijing_ssp585_present_typical,Beijing,ssp585,present_typical,6,Perimeter_top_ZN_1,1760,16704,0.10536398467433,894,5616,0.159188034188034,False,
scenario,SCALED-96-028,beijing_ssp585_present_typical,Beijing,ssp585,present_typical,7,Perimeter_top_ZN_4,903,16704,0.054058908045977,291,5616,0.0518162393162393,True,
scenario,SCALED-96-028,beijing_ssp585_present_typical,Beijing,ssp585,present_typical,8,Perimeter_bot_ZN_3,321,16704,0.0192169540229885,4,5616,0.000712250712250712,False,
scenario,SCALED-96-028,beijing_ssp585_present_typical,Beijing,ssp585,present_typical,9,Perimeter_bot_ZN_2,526,16704,0.0314894636015326,54,5616,0.00961538461538462,False,
scenario,SCALED-96-028,beijing_ssp585_present_typical,Beijing,ssp585,present_typical,10,Perimeter_bot_ZN_1,1327,16704,0.0794420498084291,389,5616,0.0692663817663818,False,
scenario,SCALED-96-028,beijing_ssp585_present_typical,Beijing,ssp585,present_typical,11,Perimeter_bot_ZN_4,512,16704,0.0306513409961686,86,5616,0.0153133903133903,False,
scenario,SCALED-96-028,beijing_ssp585_present_typical,Beijing,ssp585,present_typical,12,Perimeter_mid_ZN_3,284,16704,0.0170019157088123,16,5616,0.00284900284900285,False,
scenario,SCALED-96-028,beijing_ssp585_present_typical,Beijing,ssp585,present_typical,13,Perimeter_mid_ZN_2,560,16704,0.0335249042145594,211,5616,0.0375712250712251,False,
scenario,SCALED-96-028,beijing_ssp585_present_typical,Beijing,ssp585,present_typical,14,Perimeter_mid_ZN_1,1230,16704,0.0736350574712644,802,5616,0.142806267806268,False,
scenario,SCALED-96-028,beijing_ssp585_present_typical,Beijing,ssp585,present_typical,15,Perimeter_mid_ZN_4,389,16704,0.0232878352490421,151,5616,0.0268874643874644,False,
scenario,SCALED-96-032,beijing_ssp585_future_extreme,Beijing,ssp585,future_extreme,1,Core_bottom,2297,16704,0.137511973180077,1058,5278,0.200454717696097,False,
scenario,SCALED-96-032,beijing_ssp585_future_extreme,Beijing,ssp585,future_extreme,2,Core_mid,3306,16704,0.197916666666667,1430,5278,0.270935960591133,False,
scenario,SCALED-96-032,beijing_ssp585_future_extreme,Beijing,ssp585,future_extreme,3,Core_top,687,16704,0.0411278735632184,97,5278,0.0183781735505873,False,
scenario,SCALED-96-032,beijing_ssp585_future_extreme,Beijing,ssp585,future_extreme,4,Perimeter_top_ZN_3,1274,16704,0.0762691570881226,152,5278,0.0287987874194771,False,
scenario,SCALED-96-032,beijing_ssp585_future_extreme,Beijing,ssp585,future_extreme,5,Perimeter_top_ZN_2,933,16704,0.0558548850574713,84,5278,0.0159151193633952,False,
scenario,SCALED-96-032,beijing_ssp585_future_extreme,Beijing,ssp585,future_extreme,6,Perimeter_top_ZN_1,1710,16704,0.102370689655172,701,5278,0.132815460401667,False,
scenario,SCALED-96-032,beijing_ssp585_future_extreme,Beijing,ssp585,future_extreme,7,Perimeter_top_ZN_4,846,16704,0.0506465517241379,218,5278,0.0413035240621447,False,
scenario,SCALED-96-032,beijing_ssp585_future_extreme,Beijing,ssp585,future_extreme,8,Perimeter_bot_ZN_3,459,16704,0.0274784482758621,1,5278,0.000189465706707086,False,
scenario,SCALED-96-032,beijing_ssp585_future_extreme,Beijing,ssp585,future_extreme,9,Perimeter_bot_ZN_2,359,16704,0.0214918582375479,13,5278,0.00246305418719212,False,
scenario,SCALED-96-032,beijing_ssp585_future_extreme,Beijing,ssp585,future_extreme,10,Perimeter_bot_ZN_1,1440,16704,0.0862068965517241,498,5278,0.0943539219401288,False,
scenario,SCALED-96-032,beijing_ssp585_future_extreme,Beijing,ssp585,future_extreme,11,Perimeter_bot_ZN_4,390,16704,0.0233477011494253,34,5278,0.00644183402804092,False,
scenario,SCALED-96-032,beijing_ssp585_future_extreme,Beijing,ssp585,future_extreme,12,Perimeter_mid_ZN_3,692,16704,0.0414272030651341,60,5278,0.0113679424024252,True,
scenario,SCALED-96-032,beijing_ssp585_future_extreme,Beijing,ssp585,future_extreme,13,Perimeter_mid_ZN_2,555,16704,0.0332255747126437,173,5278,0.0327775672603259,False,
scenario,SCALED-96-032,beijing_ssp585_future_extreme,Beijing,ssp585,future_extreme,14,Perimeter_mid_ZN_1,1294,16704,0.0774664750957854,637,5278,0.120689655172414,False,
scenario,SCALED-96-032,beijing_ssp585_future_extreme,Beijing,ssp585,future_extreme,15,Perimeter_mid_ZN_4,462,16704,0.0276580459770115,122,5278,0.0231148162182645,False,
scenario,SCALED-96-036,guangzhou_ssp245_present_typical,Guangzhou,ssp245,present_typical,1,Core_bottom,2411,16704,0.144336685823755,0,157,0,False,
scenario,SCALED-96-036,guangzhou_ssp245_present_typical,Guangzhou,ssp245,present_typical,2,Core_mid,1633,16704,0.0977610153256705,0,157,0,False,
scenario,SCALED-96-036,guangzhou_ssp245_present_typical,Guangzhou,ssp245,present_typical,3,Core_top,1035,16704,0.0619612068965517,0,157,0,False,
scenario,SCALED-96-036,guangzhou_ssp245_present_typical,Guangzhou,ssp245,present_typical,4,Perimeter_top_ZN_3,1420,16704,0.0850095785440613,23,157,0.146496815286624,False,
scenario,SCALED-96-036,guangzhou_ssp245_present_typical,Guangzhou,ssp245,present_typical,5,Perimeter_top_ZN_2,886,16704,0.0530411877394636,13,157,0.0828025477707006,False,
scenario,SCALED-96-036,guangzhou_ssp245_present_typical,Guangzhou,ssp245,present_typical,6,Perimeter_top_ZN_1,1532,16704,0.0917145593869732,42,157,0.267515923566879,False,
scenario,SCALED-96-036,guangzhou_ssp245_present_typical,Guangzhou,ssp245,present_typical,7,Perimeter_top_ZN_4,873,16704,0.0522629310344828,3,157,0.0191082802547771,False,
scenario,SCALED-96-036,guangzhou_ssp245_present_typical,Guangzhou,ssp245,present_typical,8,Perimeter_bot_ZN_3,1079,16704,0.06459530651341,2,157,0.0127388535031847,False,
scenario,SCALED-96-036,guangzhou_ssp245_present_typical,Guangzhou,ssp245,present_typical,9,Perimeter_bot_ZN_2,732,16704,0.0438218390804598,1,157,0.00636942675159236,False,
scenario,SCALED-96-036,guangzhou_ssp245_present_typical,Guangzhou,ssp245,present_typical,10,Perimeter_bot_ZN_1,1546,16704,0.0925526819923372,23,157,0.146496815286624,True,
scenario,SCALED-96-036,guangzhou_ssp245_present_typical,Guangzhou,ssp245,present_typical,11,Perimeter_bot_ZN_4,545,16704,0.0326269157088123,2,157,0.0127388535031847,False,
scenario,SCALED-96-036,guangzhou_ssp245_present_typical,Guangzhou,ssp245,present_typical,12,Perimeter_mid_ZN_3,906,16704,0.0542385057471264,11,157,0.0700636942675159,False,
scenario,SCALED-96-036,guangzhou_ssp245_present_typical,Guangzhou,ssp245,present_typical,13,Perimeter_mid_ZN_2,494,16704,0.029573754789272,6,157,0.0382165605095541,False,
scenario,SCALED-96-036,guangzhou_ssp245_present_typical,Guangzhou,ssp245,present_typical,14,Perimeter_mid_ZN_1,1238,16704,0.0741139846743295,27,157,0.171974522292994,False,
scenario,SCALED-96-036,guangzhou_ssp245_present_typical,Guangzhou,ssp245,present_typical,15,Perimeter_mid_ZN_4,374,16704,0.022389846743295,4,157,0.0254777070063694,False,
scenario,SCALED-96-040,guangzhou_ssp245_future_extreme,Guangzhou,ssp245,future_extreme,1,Core_bottom,1761,16704,0.105423850574713,21,530,0.039622641509434,False,
scenario,SCALED-96-040,guangzhou_ssp245_future_extreme,Guangzhou,ssp245,future_extreme,2,Core_mid,1702,16704,0.101891762452107,43,530,0.0811320754716981,False,
scenario,SCALED-96-040,guangzhou_ssp245_future_extreme,Guangzhou,ssp245,future_extreme,3,Core_top,1016,16704,0.060823754789272,10,530,0.0188679245283019,False,
scenario,SCALED-96-040,guangzhou_ssp245_future_extreme,Guangzhou,ssp245,future_extreme,4,Perimeter_top_ZN_3,1587,16704,0.095007183908046,93,530,0.175471698113208,False,
scenario,SCALED-96-040,guangzhou_ssp245_future_extreme,Guangzhou,ssp245,future_extreme,5,Perimeter_top_ZN_2,803,16704,0.0480723180076628,26,530,0.0490566037735849,False,
scenario,SCALED-96-040,guangzhou_ssp245_future_extreme,Guangzhou,ssp245,future_extreme,6,Perimeter_top_ZN_1,1951,16704,0.11679837164751,126,530,0.237735849056604,False,
scenario,SCALED-96-040,guangzhou_ssp245_future_extreme,Guangzhou,ssp245,future_extreme,7,Perimeter_top_ZN_4,822,16704,0.0492097701149425,36,530,0.0679245283018868,False,
scenario,SCALED-96-040,guangzhou_ssp245_future_extreme,Guangzhou,ssp245,future_extreme,8,Perimeter_bot_ZN_3,778,16704,0.0465756704980843,4,530,0.00754716981132075,False,
scenario,SCALED-96-040,guangzhou_ssp245_future_extreme,Guangzhou,ssp245,future_extreme,9,Perimeter_bot_ZN_2,576,16704,0.0344827586206897,8,530,0.0150943396226415,False,
scenario,SCALED-96-040,guangzhou_ssp245_future_extreme,Guangzhou,ssp245,future_extreme,10,Perimeter_bot_ZN_1,1425,16704,0.085308908045977,41,530,0.0773584905660377,False,
scenario,SCALED-96-040,guangzhou_ssp245_future_extreme,Guangzhou,ssp245,future_extreme,11,Perimeter_bot_ZN_4,363,16704,0.0217313218390805,4,530,0.00754716981132075,False,
scenario,SCALED-96-040,guangzhou_ssp245_future_extreme,Guangzhou,ssp245,future_extreme,12,Perimeter_mid_ZN_3,1403,16704,0.0839918582375479,32,530,0.060377358490566,False,
scenario,SCALED-96-040,guangzhou_ssp245_future_extreme,Guangzhou,ssp245,future_extreme,13,Perimeter_mid_ZN_2,477,16704,0.0285560344827586,14,530,0.0264150943396226,False,
scenario,SCALED-96-040,guangzhou_ssp245_future_extreme,Guangzhou,ssp245,future_extreme,14,Perimeter_mid_ZN_1,1643,16704,0.0983596743295019,53,530,0.1,True,
scenario,SCALED-96-040,guangzhou_ssp245_future_extreme,Guangzhou,ssp245,future_extreme,15,Perimeter_mid_ZN_4,397,16704,0.0237667624521073,19,530,0.0358490566037736,False,
scenario,SCALED-96-044,guangzhou_ssp585_present_typical,Guangzhou,ssp585,present_typical,1,Core_bottom,2377,16704,0.142301245210728,78,543,0.143646408839779,False,
scenario,SCALED-96-044,guangzhou_ssp585_present_typical,Guangzhou,ssp585,present_typical,2,Core_mid,1957,16704,0.117157567049808,41,543,0.0755064456721915,False,
scenario,SCALED-96-044,guangzhou_ssp585_present_typical,Guangzhou,ssp585,present_typical,3,Core_top,1016,16704,0.060823754789272,8,543,0.0147329650092081,False,
scenario,SCALED-96-044,guangzhou_ssp585_present_typical,Guangzhou,ssp585,present_typical,4,Perimeter_top_ZN_3,1346,16704,0.0805795019157088,20,543,0.0368324125230203,False,
scenario,SCALED-96-044,guangzhou_ssp585_present_typical,Guangzhou,ssp585,present_typical,5,Perimeter_top_ZN_2,801,16704,0.0479525862068966,17,543,0.0313075506445672,False,
scenario,SCALED-96-044,guangzhou_ssp585_present_typical,Guangzhou,ssp585,present_typical,6,Perimeter_top_ZN_1,1771,16704,0.106022509578544,108,543,0.198895027624309,False,
scenario,SCALED-96-044,guangzhou_ssp585_present_typical,Guangzhou,ssp585,present_typical,7,Perimeter_top_ZN_4,851,16704,0.0509458812260536,26,543,0.0478821362799263,False,
scenario,SCALED-96-044,guangzhou_ssp585_present_typical,Guangzhou,ssp585,present_typical,8,Perimeter_bot_ZN_3,812,16704,0.0486111111111111,0,543,0,False,
scenario,SCALED-96-044,guangzhou_ssp585_present_typical,Guangzhou,ssp585,present_typical,9,Perimeter_bot_ZN_2,724,16704,0.0433429118773946,10,543,0.0184162062615101,False,
scenario,SCALED-96-044,guangzhou_ssp585_present_typical,Guangzhou,ssp585,present_typical,10,Perimeter_bot_ZN_1,1472,16704,0.0881226053639847,78,543,0.143646408839779,False,
scenario,SCALED-96-044,guangzhou_ssp585_present_typical,Guangzhou,ssp585,present_typical,11,Perimeter_bot_ZN_4,501,16704,0.029992816091954,6,543,0.0110497237569061,False,
scenario,SCALED-96-044,guangzhou_ssp585_present_typical,Guangzhou,ssp585,present_typical,12,Perimeter_mid_ZN_3,897,16704,0.0536997126436782,22,543,0.0405156537753223,False,
scenario,SCALED-96-044,guangzhou_ssp585_present_typical,Guangzhou,ssp585,present_typical,13,Perimeter_mid_ZN_2,441,16704,0.0264008620689655,5,543,0.00920810313075507,False,
scenario,SCALED-96-044,guangzhou_ssp585_present_typical,Guangzhou,ssp585,present_typical,14,Perimeter_mid_ZN_1,1332,16704,0.0797413793103448,108,543,0.198895027624309,True,
scenario,SCALED-96-044,guangzhou_ssp585_present_typical,Guangzhou,ssp585,present_typical,15,Perimeter_mid_ZN_4,406,16704,0.0243055555555556,16,543,0.0294659300184162,False,
scenario,SCALED-96-048,guangzhou_ssp585_future_extreme,Guangzhou,ssp585,future_extreme,1,Core_bottom,1509,16704,0.0903376436781609,46,2099,0.0219151977131968,False,
scenario,SCALED-96-048,guangzhou_ssp585_future_extreme,Guangzhou,ssp585,future_extreme,2,Core_mid,1394,16704,0.0834530651340996,53,2099,0.0252501191043354,False,
scenario,SCALED-96-048,guangzhou_ssp585_future_extreme,Guangzhou,ssp585,future_extreme,3,Core_top,765,16704,0.0457974137931034,7,2099,0.00333492139113864,False,
scenario,SCALED-96-048,guangzhou_ssp585_future_extreme,Guangzhou,ssp585,future_extreme,4,Perimeter_top_ZN_3,1701,16704,0.101831896551724,440,2099,0.209623630300143,False,
scenario,SCALED-96-048,guangzhou_ssp585_future_extreme,Guangzhou,ssp585,future_extreme,5,Perimeter_top_ZN_2,728,16704,0.0435823754789272,41,2099,0.0195331110052406,False,
scenario,SCALED-96-048,guangzhou_ssp585_future_extreme,Guangzhou,ssp585,future_extreme,6,Perimeter_top_ZN_1,2096,16704,0.125478927203065,408,2099,0.194378275369223,False,
scenario,SCALED-96-048,guangzhou_ssp585_future_extreme,Guangzhou,ssp585,future_extreme,7,Perimeter_top_ZN_4,686,16704,0.0410680076628352,31,2099,0.0147689375893283,False,
scenario,SCALED-96-048,guangzhou_ssp585_future_extreme,Guangzhou,ssp585,future_extreme,8,Perimeter_bot_ZN_3,665,16704,0.0398108237547893,20,2099,0.00952834683182468,False,
scenario,SCALED-96-048,guangzhou_ssp585_future_extreme,Guangzhou,ssp585,future_extreme,9,Perimeter_bot_ZN_2,521,16704,0.0311901340996169,11,2099,0.00524059075750357,False,
scenario,SCALED-96-048,guangzhou_ssp585_future_extreme,Guangzhou,ssp585,future_extreme,10,Perimeter_bot_ZN_1,1584,16704,0.0948275862068965,361,2099,0.171986660314435,True,
scenario,SCALED-96-048,guangzhou_ssp585_future_extreme,Guangzhou,ssp585,future_extreme,11,Perimeter_bot_ZN_4,388,16704,0.023227969348659,4,2099,0.00190566936636494,False,
scenario,SCALED-96-048,guangzhou_ssp585_future_extreme,Guangzhou,ssp585,future_extreme,12,Perimeter_mid_ZN_3,1653,16704,0.0989583333333333,241,2099,0.114816579323487,False,
scenario,SCALED-96-048,guangzhou_ssp585_future_extreme,Guangzhou,ssp585,future_extreme,13,Perimeter_mid_ZN_2,482,16704,0.0288553639846743,21,2099,0.0100047641734159,False,
scenario,SCALED-96-048,guangzhou_ssp585_future_extreme,Guangzhou,ssp585,future_extreme,14,Perimeter_mid_ZN_1,2150,16704,0.128711685823755,394,2099,0.187708432586946,False,
scenario,SCALED-96-048,guangzhou_ssp585_future_extreme,Guangzhou,ssp585,future_extreme,15,Perimeter_mid_ZN_4,382,16704,0.0228687739463602,21,2099,0.0100047641734159,False,
scenario,SCALED-96-052,houston_ssp245_present_typical,Houston,ssp245,present_typical,1,Core_bottom,2393,16704,0.143259099616858,32,427,0.0749414519906323,False,
scenario,SCALED-96-052,houston_ssp245_present_typical,Houston,ssp245,present_typical,2,Core_mid,1591,16704,0.0952466475095785,53,427,0.124121779859485,False,
scenario,SCALED-96-052,houston_ssp245_present_typical,Houston,ssp245,present_typical,3,Core_top,1036,16704,0.0620210727969349,14,427,0.0327868852459016,False,
scenario,SCALED-96-052,houston_ssp245_present_typical,Houston,ssp245,present_typical,4,Perimeter_top_ZN_3,1019,16704,0.0610033524904215,9,427,0.0210772833723653,False,
scenario,SCALED-96-052,houston_ssp245_present_typical,Houston,ssp245,present_typical,5,Perimeter_top_ZN_2,1292,16704,0.0773467432950192,43,427,0.100702576112412,False,
scenario,SCALED-96-052,houston_ssp245_present_typical,Houston,ssp245,present_typical,6,Perimeter_top_ZN_1,1730,16704,0.103568007662835,55,427,0.128805620608899,False,
scenario,SCALED-96-052,houston_ssp245_present_typical,Houston,ssp245,present_typical,7,Perimeter_top_ZN_4,1130,16704,0.0676484674329502,9,427,0.0210772833723653,False,
scenario,SCALED-96-052,houston_ssp245_present_typical,Houston,ssp245,present_typical,8,Perimeter_bot_ZN_3,794,16704,0.0475335249042146,5,427,0.0117096018735363,False,
scenario,SCALED-96-052,houston_ssp245_present_typical,Houston,ssp245,present_typical,9,Perimeter_bot_ZN_2,876,16704,0.0524425287356322,34,427,0.0796252927400468,False,
scenario,SCALED-96-052,houston_ssp245_present_typical,Houston,ssp245,present_typical,10,Perimeter_bot_ZN_1,1383,16704,0.0827945402298851,63,427,0.147540983606557,False,
scenario,SCALED-96-052,houston_ssp245_present_typical,Houston,ssp245,present_typical,11,Perimeter_bot_ZN_4,581,16704,0.0347820881226054,7,427,0.0163934426229508,False,
scenario,SCALED-96-052,houston_ssp245_present_typical,Houston,ssp245,present_typical,12,Perimeter_mid_ZN_3,566,16704,0.0338840996168582,14,427,0.0327868852459016,False,
scenario,SCALED-96-052,houston_ssp245_present_typical,Houston,ssp245,present_typical,13,Perimeter_mid_ZN_2,731,16704,0.0437619731800766,33,427,0.0772833723653396,False,
scenario,SCALED-96-052,houston_ssp245_present_typical,Houston,ssp245,present_typical,14,Perimeter_mid_ZN_1,1075,16704,0.0643558429118774,46,427,0.107728337236534,True,
scenario,SCALED-96-052,houston_ssp245_present_typical,Houston,ssp245,present_typical,15,Perimeter_mid_ZN_4,507,16704,0.0303520114942529,10,427,0.0234192037470726,False,
scenario,SCALED-96-056,houston_ssp245_future_extreme,Houston,ssp245,future_extreme,1,Core_bottom,2257,16704,0.135117337164751,148,1014,0.145956607495069,False,
scenario,SCALED-96-056,houston_ssp245_future_extreme,Houston,ssp245,future_extreme,2,Core_mid,1675,16704,0.100275383141762,158,1014,0.155818540433925,False,
scenario,SCALED-96-056,houston_ssp245_future_extreme,Houston,ssp245,future_extreme,3,Core_top,886,16704,0.0530411877394636,20,1014,0.019723865877712,False,
scenario,SCALED-96-056,houston_ssp245_future_extreme,Houston,ssp245,future_extreme,4,Perimeter_top_ZN_3,1350,16704,0.0808189655172414,45,1014,0.0443786982248521,False,
scenario,SCALED-96-056,houston_ssp245_future_extreme,Houston,ssp245,future_extreme,5,Perimeter_top_ZN_2,1380,16704,0.0826149425287356,90,1014,0.0887573964497041,False,
scenario,SCALED-96-056,houston_ssp245_future_extreme,Houston,ssp245,future_extreme,6,Perimeter_top_ZN_1,1804,16704,0.107998084291188,132,1014,0.130177514792899,False,
scenario,SCALED-96-056,houston_ssp245_future_extreme,Houston,ssp245,future_extreme,7,Perimeter_top_ZN_4,1157,16704,0.069264846743295,68,1014,0.0670611439842209,False,
scenario,SCALED-96-056,houston_ssp245_future_extreme,Houston,ssp245,future_extreme,8,Perimeter_bot_ZN_3,419,16704,0.0250838122605364,3,1014,0.0029585798816568,False,
scenario,SCALED-96-056,houston_ssp245_future_extreme,Houston,ssp245,future_extreme,9,Perimeter_bot_ZN_2,874,16704,0.0523227969348659,41,1014,0.0404339250493097,False,
scenario,SCALED-96-056,houston_ssp245_future_extreme,Houston,ssp245,future_extreme,10,Perimeter_bot_ZN_1,1181,16704,0.0707016283524904,63,1014,0.0621301775147929,False,
scenario,SCALED-96-056,houston_ssp245_future_extreme,Houston,ssp245,future_extreme,11,Perimeter_bot_ZN_4,453,16704,0.0271192528735632,13,1014,0.0128205128205128,False,
scenario,SCALED-96-056,houston_ssp245_future_extreme,Houston,ssp245,future_extreme,12,Perimeter_mid_ZN_3,836,16704,0.0500478927203065,30,1014,0.029585798816568,False,
scenario,SCALED-96-056,houston_ssp245_future_extreme,Houston,ssp245,future_extreme,13,Perimeter_mid_ZN_2,676,16704,0.0404693486590038,43,1014,0.0424063116370809,False,
scenario,SCALED-96-056,houston_ssp245_future_extreme,Houston,ssp245,future_extreme,14,Perimeter_mid_ZN_1,1188,16704,0.0711206896551724,118,1014,0.116370808678501,True,
scenario,SCALED-96-056,houston_ssp245_future_extreme,Houston,ssp245,future_extreme,15,Perimeter_mid_ZN_4,568,16704,0.0340038314176245,42,1014,0.0414201183431953,False,
scenario,SCALED-96-060,houston_ssp585_present_typical,Houston,ssp585,present_typical,1,Core_bottom,2301,16704,0.137751436781609,189,1102,0.171506352087114,False,
scenario,SCALED-96-060,houston_ssp585_present_typical,Houston,ssp585,present_typical,2,Core_mid,1718,16704,0.102849616858238,234,1102,0.212341197822142,False,
scenario,SCALED-96-060,houston_ssp585_present_typical,Houston,ssp585,present_typical,3,Core_top,896,16704,0.053639846743295,32,1102,0.029038112522686,False,
scenario,SCALED-96-060,houston_ssp585_present_typical,Houston,ssp585,present_typical,4,Perimeter_top_ZN_3,1107,16704,0.0662715517241379,12,1102,0.0108892921960073,False,
scenario,SCALED-96-060,houston_ssp585_present_typical,Houston,ssp585,present_typical,5,Perimeter_top_ZN_2,1228,16704,0.0735153256704981,84,1102,0.0762250453720508,False,
scenario,SCALED-96-060,houston_ssp585_present_typical,Houston,ssp585,present_typical,6,Perimeter_top_ZN_1,1896,16704,0.113505747126437,133,1102,0.120689655172414,False,
scenario,SCALED-96-060,houston_ssp585_present_typical,Houston,ssp585,present_typical,7,Perimeter_top_ZN_4,1152,16704,0.0689655172413793,48,1102,0.043557168784029,False,
scenario,SCALED-96-060,houston_ssp585_present_typical,Houston,ssp585,present_typical,8,Perimeter_bot_ZN_3,580,16704,0.0347222222222222,4,1102,0.00362976406533575,False,
scenario,SCALED-96-060,houston_ssp585_present_typical,Houston,ssp585,present_typical,9,Perimeter_bot_ZN_2,910,16704,0.054477969348659,24,1102,0.0217785843920145,False,
scenario,SCALED-96-060,houston_ssp585_present_typical,Houston,ssp585,present_typical,10,Perimeter_bot_ZN_1,1279,16704,0.0765684865900383,73,1102,0.0662431941923775,False,
scenario,SCALED-96-060,houston_ssp585_present_typical,Houston,ssp585,present_typical,11,Perimeter_bot_ZN_4,423,16704,0.025323275862069,11,1102,0.00998185117967332,False,
scenario,SCALED-96-060,houston_ssp585_present_typical,Houston,ssp585,present_typical,12,Perimeter_mid_ZN_3,753,16704,0.0450790229885057,19,1102,0.0172413793103448,False,
scenario,SCALED-96-060,houston_ssp585_present_typical,Houston,ssp585,present_typical,13,Perimeter_mid_ZN_2,706,16704,0.0422653256704981,59,1102,0.0535390199637024,False,
scenario,SCALED-96-060,houston_ssp585_present_typical,Houston,ssp585,present_typical,14,Perimeter_mid_ZN_1,1211,16704,0.0724976053639847,159,1102,0.144283121597096,True,
scenario,SCALED-96-060,houston_ssp585_present_typical,Houston,ssp585,present_typical,15,Perimeter_mid_ZN_4,544,16704,0.0325670498084291,21,1102,0.0190562613430127,False,
scenario,SCALED-96-064,houston_ssp585_future_extreme,Houston,ssp585,future_extreme,1,Core_bottom,1932,16704,0.11566091954023,0,579,0,False,
scenario,SCALED-96-064,houston_ssp585_future_extreme,Houston,ssp585,future_extreme,2,Core_mid,1100,16704,0.0658524904214559,12,579,0.0207253886010363,False,
scenario,SCALED-96-064,houston_ssp585_future_extreme,Houston,ssp585,future_extreme,3,Core_top,903,16704,0.054058908045977,18,579,0.0310880829015544,False,
scenario,SCALED-96-064,houston_ssp585_future_extreme,Houston,ssp585,future_extreme,4,Perimeter_top_ZN_3,1491,16704,0.0892600574712644,54,579,0.0932642487046632,False,
scenario,SCALED-96-064,houston_ssp585_future_extreme,Houston,ssp585,future_extreme,5,Perimeter_top_ZN_2,1279,16704,0.0765684865900383,55,579,0.0949913644214162,False,
scenario,SCALED-96-064,houston_ssp585_future_extreme,Houston,ssp585,future_extreme,6,Perimeter_top_ZN_1,2113,16704,0.126496647509579,117,579,0.202072538860104,False,
scenario,SCALED-96-064,houston_ssp585_future_extreme,Houston,ssp585,future_extreme,7,Perimeter_top_ZN_4,1261,16704,0.0754909003831418,67,579,0.115716753022453,False,
scenario,SCALED-96-064,houston_ssp585_future_extreme,Houston,ssp585,future_extreme,8,Perimeter_bot_ZN_3,553,16704,0.0331058429118774,4,579,0.00690846286701209,False,
scenario,SCALED-96-064,houston_ssp585_future_extreme,Houston,ssp585,future_extreme,9,Perimeter_bot_ZN_2,687,16704,0.0411278735632184,13,579,0.0224525043177893,False,
scenario,SCALED-96-064,houston_ssp585_future_extreme,Houston,ssp585,future_extreme,10,Perimeter_bot_ZN_1,1191,16704,0.0713002873563218,80,579,0.138169257340242,False,
scenario,SCALED-96-064,houston_ssp585_future_extreme,Houston,ssp585,future_extreme,11,Perimeter_bot_ZN_4,463,16704,0.0277179118773946,7,579,0.0120898100172712,False,
scenario,SCALED-96-064,houston_ssp585_future_extreme,Houston,ssp585,future_extreme,12,Perimeter_mid_ZN_3,983,16704,0.0588481800766283,28,579,0.0483592400690846,False,
scenario,SCALED-96-064,houston_ssp585_future_extreme,Houston,ssp585,future_extreme,13,Perimeter_mid_ZN_2,792,16704,0.0474137931034483,27,579,0.0466321243523316,False,
scenario,SCALED-96-064,houston_ssp585_future_extreme,Houston,ssp585,future_extreme,14,Perimeter_mid_ZN_1,1382,16704,0.0827346743295019,57,579,0.0984455958549223,True,
scenario,SCALED-96-064,houston_ssp585_future_extreme,Houston,ssp585,future_extreme,15,Perimeter_mid_ZN_4,574,16704,0.0343630268199234,40,579,0.0690846286701209,False,
scenario,SCALED-96-068,kolkata_ssp245_present_typical,Kolkata,ssp245,present_typical,1,Core_bottom,2207,16704,0.132124042145594,0,382,0,False,
scenario,SCALED-96-068,kolkata_ssp245_present_typical,Kolkata,ssp245,present_typical,2,Core_mid,1666,16704,0.0997365900383142,0,382,0,False,
scenario,SCALED-96-068,kolkata_ssp245_present_typical,Kolkata,ssp245,present_typical,3,Core_top,1189,16704,0.0711805555555556,0,382,0,False,
scenario,SCALED-96-068,kolkata_ssp245_present_typical,Kolkata,ssp245,present_typical,4,Perimeter_top_ZN_3,1522,16704,0.0911159003831418,37,382,0.0968586387434555,False,
scenario,SCALED-96-068,kolkata_ssp245_present_typical,Kolkata,ssp245,present_typical,5,Perimeter_top_ZN_2,917,16704,0.054897030651341,4,382,0.0104712041884817,False,
scenario,SCALED-96-068,kolkata_ssp245_present_typical,Kolkata,ssp245,present_typical,6,Perimeter_top_ZN_1,2312,16704,0.138409961685824,164,382,0.429319371727749,False,
scenario,SCALED-96-068,kolkata_ssp245_present_typical,Kolkata,ssp245,present_typical,7,Perimeter_top_ZN_4,579,16704,0.0346623563218391,0,382,0,False,
scenario,SCALED-96-068,kolkata_ssp245_present_typical,Kolkata,ssp245,present_typical,8,Perimeter_bot_ZN_3,768,16704,0.0459770114942529,2,382,0.00523560209424084,False,
scenario,SCALED-96-068,kolkata_ssp245_present_typical,Kolkata,ssp245,present_typical,9,Perimeter_bot_ZN_2,539,16704,0.0322677203065134,1,382,0.00261780104712042,False,
scenario,SCALED-96-068,kolkata_ssp245_present_typical,Kolkata,ssp245,present_typical,10,Perimeter_bot_ZN_1,1558,16704,0.0932710727969349,56,382,0.146596858638743,False,
scenario,SCALED-96-068,kolkata_ssp245_present_typical,Kolkata,ssp245,present_typical,11,Perimeter_bot_ZN_4,314,16704,0.0187978927203065,0,382,0,False,
scenario,SCALED-96-068,kolkata_ssp245_present_typical,Kolkata,ssp245,present_typical,12,Perimeter_mid_ZN_3,1004,16704,0.0601053639846743,16,382,0.0418848167539267,False,
scenario,SCALED-96-068,kolkata_ssp245_present_typical,Kolkata,ssp245,present_typical,13,Perimeter_mid_ZN_2,488,16704,0.0292145593869732,7,382,0.0183246073298429,False,
scenario,SCALED-96-068,kolkata_ssp245_present_typical,Kolkata,ssp245,present_typical,14,Perimeter_mid_ZN_1,1421,16704,0.0850694444444444,95,382,0.24869109947644,True,
scenario,SCALED-96-068,kolkata_ssp245_present_typical,Kolkata,ssp245,present_typical,15,Perimeter_mid_ZN_4,220,16704,0.0131704980842912,0,382,0,False,
scenario,SCALED-96-072,kolkata_ssp245_future_extreme,Kolkata,ssp245,future_extreme,1,Core_bottom,1943,16704,0.116319444444444,2,925,0.00216216216216216,False,
scenario,SCALED-96-072,kolkata_ssp245_future_extreme,Kolkata,ssp245,future_extreme,2,Core_mid,1495,16704,0.0894995210727969,1,925,0.00108108108108108,False,
scenario,SCALED-96-072,kolkata_ssp245_future_extreme,Kolkata,ssp245,future_extreme,3,Core_top,911,16704,0.0545378352490421,0,925,0,False,
scenario,SCALED-96-072,kolkata_ssp245_future_extreme,Kolkata,ssp245,future_extreme,4,Perimeter_top_ZN_3,1652,16704,0.0988984674329502,191,925,0.206486486486486,False,
scenario,SCALED-96-072,kolkata_ssp245_future_extreme,Kolkata,ssp245,future_extreme,5,Perimeter_top_ZN_2,937,16704,0.0560943486590038,15,925,0.0162162162162162,False,
scenario,SCALED-96-072,kolkata_ssp245_future_extreme,Kolkata,ssp245,future_extreme,6,Perimeter_top_ZN_1,2444,16704,0.146312260536398,341,925,0.368648648648649,False,
scenario,SCALED-96-072,kolkata_ssp245_future_extreme,Kolkata,ssp245,future_extreme,7,Perimeter_top_ZN_4,458,16704,0.0274185823754789,6,925,0.00648648648648649,False,
scenario,SCALED-96-072,kolkata_ssp245_future_extreme,Kolkata,ssp245,future_extreme,8,Perimeter_bot_ZN_3,682,16704,0.0408285440613027,1,925,0.00108108108108108,False,
scenario,SCALED-96-072,kolkata_ssp245_future_extreme,Kolkata,ssp245,future_extreme,9,Perimeter_bot_ZN_2,535,16704,0.0320282567049808,1,925,0.00108108108108108,False,
scenario,SCALED-96-072,kolkata_ssp245_future_extreme,Kolkata,ssp245,future_extreme,10,Perimeter_bot_ZN_1,1618,16704,0.0968630268199234,100,925,0.108108108108108,False,
scenario,SCALED-96-072,kolkata_ssp245_future_extreme,Kolkata,ssp245,future_extreme,11,Perimeter_bot_ZN_4,303,16704,0.018139367816092,0,925,0,False,
scenario,SCALED-96-072,kolkata_ssp245_future_extreme,Kolkata,ssp245,future_extreme,12,Perimeter_mid_ZN_3,1210,16704,0.0724377394636015,80,925,0.0864864864864865,False,
scenario,SCALED-96-072,kolkata_ssp245_future_extreme,Kolkata,ssp245,future_extreme,13,Perimeter_mid_ZN_2,499,16704,0.0298730842911877,6,925,0.00648648648648649,False,
scenario,SCALED-96-072,kolkata_ssp245_future_extreme,Kolkata,ssp245,future_extreme,14,Perimeter_mid_ZN_1,1785,16704,0.106860632183908,180,925,0.194594594594595,True,
scenario,SCALED-96-072,kolkata_ssp245_future_extreme,Kolkata,ssp245,future_extreme,15,Perimeter_mid_ZN_4,232,16704,0.0138888888888889,1,925,0.00108108108108108,False,
scenario,SCALED-96-076,kolkata_ssp585_present_typical,Kolkata,ssp585,present_typical,1,Core_bottom,2573,16704,0.154034961685824,0,197,0,False,
scenario,SCALED-96-076,kolkata_ssp585_present_typical,Kolkata,ssp585,present_typical,2,Core_mid,1726,16704,0.103328544061303,0,197,0,False,
scenario,SCALED-96-076,kolkata_ssp585_present_typical,Kolkata,ssp585,present_typical,3,Core_top,1210,16704,0.0724377394636015,0,197,0,False,
scenario,SCALED-96-076,kolkata_ssp585_present_typical,Kolkata,ssp585,present_typical,4,Perimeter_top_ZN_3,1426,16704,0.0853687739463602,12,197,0.0609137055837563,False,
scenario,SCALED-96-076,kolkata_ssp585_present_typical,Kolkata,ssp585,present_typical,5,Perimeter_top_ZN_2,1072,16704,0.064176245210728,5,197,0.0253807106598985,False,
scenario,SCALED-96-076,kolkata_ssp585_present_typical,Kolkata,ssp585,present_typical,6,Perimeter_top_ZN_1,1962,16704,0.117456896551724,98,197,0.49746192893401,False,
scenario,SCALED-96-076,kolkata_ssp585_present_typical,Kolkata,ssp585,present_typical,7,Perimeter_top_ZN_4,647,16704,0.0387332375478927,0,197,0,False,
scenario,SCALED-96-076,kolkata_ssp585_present_typical,Kolkata,ssp585,present_typical,8,Perimeter_bot_ZN_3,866,16704,0.0518438697318008,0,197,0,False,
scenario,SCALED-96-076,kolkata_ssp585_present_typical,Kolkata,ssp585,present_typical,9,Perimeter_bot_ZN_2,626,16704,0.0374760536398467,1,197,0.0050761421319797,False,
scenario,SCALED-96-076,kolkata_ssp585_present_typical,Kolkata,ssp585,present_typical,10,Perimeter_bot_ZN_1,1495,16704,0.0894995210727969,22,197,0.111675126903553,False,
scenario,SCALED-96-076,kolkata_ssp585_present_typical,Kolkata,ssp585,present_typical,11,Perimeter_bot_ZN_4,346,16704,0.0207136015325671,1,197,0.0050761421319797,False,
scenario,SCALED-96-076,kolkata_ssp585_present_typical,Kolkata,ssp585,present_typical,12,Perimeter_mid_ZN_3,754,16704,0.0451388888888889,3,197,0.0152284263959391,False,
scenario,SCALED-96-076,kolkata_ssp585_present_typical,Kolkata,ssp585,present_typical,13,Perimeter_mid_ZN_2,537,16704,0.0321479885057471,1,197,0.0050761421319797,False,
scenario,SCALED-96-076,kolkata_ssp585_present_typical,Kolkata,ssp585,present_typical,14,Perimeter_mid_ZN_1,1151,16704,0.0689056513409962,54,197,0.274111675126904,True,
scenario,SCALED-96-076,kolkata_ssp585_present_typical,Kolkata,ssp585,present_typical,15,Perimeter_mid_ZN_4,313,16704,0.0187380268199234,0,197,0,False,
scenario,SCALED-96-080,kolkata_ssp585_future_extreme,Kolkata,ssp585,future_extreme,1,Core_bottom,1514,16704,0.0906369731800766,0,2013,0,False,
scenario,SCALED-96-080,kolkata_ssp585_future_extreme,Kolkata,ssp585,future_extreme,2,Core_mid,1521,16704,0.0910560344827586,1,2013,0.000496770988574267,False,
scenario,SCALED-96-080,kolkata_ssp585_future_extreme,Kolkata,ssp585,future_extreme,3,Core_top,862,16704,0.0516044061302682,0,2013,0,False,
scenario,SCALED-96-080,kolkata_ssp585_future_extreme,Kolkata,ssp585,future_extreme,4,Perimeter_top_ZN_3,1191,16704,0.0713002873563218,188,2013,0.0933929458519622,False,
scenario,SCALED-96-080,kolkata_ssp585_future_extreme,Kolkata,ssp585,future_extreme,5,Perimeter_top_ZN_2,661,16704,0.0395713601532567,32,2013,0.0158966716343766,False,
scenario,SCALED-96-080,kolkata_ssp585_future_extreme,Kolkata,ssp585,future_extreme,6,Perimeter_top_ZN_1,2946,16704,0.176364942528736,828,2013,0.411326378539493,False,
scenario,SCALED-96-080,kolkata_ssp585_future_extreme,Kolkata,ssp585,future_extreme,7,Perimeter_top_ZN_4,270,16704,0.0161637931034483,5,2013,0.00248385494287134,False,
scenario,SCALED-96-080,kolkata_ssp585_future_extreme,Kolkata,ssp585,future_extreme,8,Perimeter_bot_ZN_3,676,16704,0.0404693486590038,5,2013,0.00248385494287134,False,
scenario,SCALED-96-080,kolkata_ssp585_future_extreme,Kolkata,ssp585,future_extreme,9,Perimeter_bot_ZN_2,435,16704,0.0260416666666667,3,2013,0.0014903129657228,False,
scenario,SCALED-96-080,kolkata_ssp585_future_extreme,Kolkata,ssp585,future_extreme,10,Perimeter_bot_ZN_1,1867,16704,0.111769636015326,347,2013,0.172379533035271,False,
scenario,SCALED-96-080,kolkata_ssp585_future_extreme,Kolkata,ssp585,future_extreme,11,Perimeter_bot_ZN_4,227,16704,0.0135895593869732,0,2013,0,False,
scenario,SCALED-96-080,kolkata_ssp585_future_extreme,Kolkata,ssp585,future_extreme,12,Perimeter_mid_ZN_3,1171,16704,0.070102969348659,99,2013,0.0491803278688525,False,
scenario,SCALED-96-080,kolkata_ssp585_future_extreme,Kolkata,ssp585,future_extreme,13,Perimeter_mid_ZN_2,485,16704,0.0290349616858238,19,2013,0.00943864878291108,False,
scenario,SCALED-96-080,kolkata_ssp585_future_extreme,Kolkata,ssp585,future_extreme,14,Perimeter_mid_ZN_1,2681,16704,0.160500478927203,486,2013,0.241430700447094,True,
scenario,SCALED-96-080,kolkata_ssp585_future_extreme,Kolkata,ssp585,future_extreme,15,Perimeter_mid_ZN_4,197,16704,0.0117935823754789,0,2013,0,False,
scenario,SCALED-96-084,phoenix_ssp245_present_typical,Phoenix,ssp245,present_typical,1,Core_bottom,2516,16704,0.150622605363985,399,2071,0.192660550458716,False,
scenario,SCALED-96-084,phoenix_ssp245_present_typical,Phoenix,ssp245,present_typical,2,Core_mid,1857,16704,0.111170977011494,179,2071,0.0864316755190729,False,
scenario,SCALED-96-084,phoenix_ssp245_present_typical,Phoenix,ssp245,present_typical,3,Core_top,893,16704,0.0534602490421456,25,2071,0.012071463061323,False,
scenario,SCALED-96-084,phoenix_ssp245_present_typical,Phoenix,ssp245,present_typical,4,Perimeter_top_ZN_3,1076,16704,0.0644157088122605,6,2071,0.00289715113471753,False,
scenario,SCALED-96-084,phoenix_ssp245_present_typical,Phoenix,ssp245,present_typical,5,Perimeter_top_ZN_2,1325,16704,0.0793223180076628,103,2071,0.0497344278126509,False,
scenario,SCALED-96-084,phoenix_ssp245_present_typical,Phoenix,ssp245,present_typical,6,Perimeter_top_ZN_1,1986,16704,0.11889367816092,410,2071,0.197971994205698,False,
scenario,SCALED-96-084,phoenix_ssp245_present_typical,Phoenix,ssp245,present_typical,7,Perimeter_top_ZN_4,1525,16704,0.0912954980842912,181,2071,0.0873973925639788,False,
scenario,SCALED-96-084,phoenix_ssp245_present_typical,Phoenix,ssp245,present_typical,8,Perimeter_bot_ZN_3,442,16704,0.0264607279693487,1,2071,0.000482858522452921,False,
scenario,SCALED-96-084,phoenix_ssp245_present_typical,Phoenix,ssp245,present_typical,9,Perimeter_bot_ZN_2,578,16704,0.0346024904214559,38,2071,0.018348623853211,False,
scenario,SCALED-96-084,phoenix_ssp245_present_typical,Phoenix,ssp245,present_typical,10,Perimeter_bot_ZN_1,1427,16704,0.0854286398467433,352,2071,0.169966199903428,False,
scenario,SCALED-96-084,phoenix_ssp245_present_typical,Phoenix,ssp245,present_typical,11,Perimeter_bot_ZN_4,502,16704,0.0300526819923372,34,2071,0.0164171897633993,False,
scenario,SCALED-96-084,phoenix_ssp245_present_typical,Phoenix,ssp245,present_typical,12,Perimeter_mid_ZN_3,388,16704,0.023227969348659,4,2071,0.00193143408981169,False,
scenario,SCALED-96-084,phoenix_ssp245_present_typical,Phoenix,ssp245,present_typical,13,Perimeter_mid_ZN_2,628,16704,0.037595785440613,96,2071,0.0463544181554804,False,
scenario,SCALED-96-084,phoenix_ssp245_present_typical,Phoenix,ssp245,present_typical,14,Perimeter_mid_ZN_1,893,16704,0.0534602490421456,201,2071,0.0970545630130372,True,
scenario,SCALED-96-084,phoenix_ssp245_present_typical,Phoenix,ssp245,present_typical,15,Perimeter_mid_ZN_4,668,16704,0.0399904214559387,42,2071,0.0202800579430227,False,
scenario,SCALED-96-088,phoenix_ssp245_future_extreme,Phoenix,ssp245,future_extreme,1,Core_bottom,2231,16704,0.133560823754789,158,1400,0.112857142857143,False,
scenario,SCALED-96-088,phoenix_ssp245_future_extreme,Phoenix,ssp245,future_extreme,2,Core_mid,1498,16704,0.0896791187739464,79,1400,0.0564285714285714,False,
scenario,SCALED-96-088,phoenix_ssp245_future_extreme,Phoenix,ssp245,future_extreme,3,Core_top,915,16704,0.0547772988505747,16,1400,0.0114285714285714,False,
scenario,SCALED-96-088,phoenix_ssp245_future_extreme,Phoenix,ssp245,future_extreme,4,Perimeter_top_ZN_3,1185,16704,0.070941091954023,0,1400,0,False,
scenario,SCALED-96-088,phoenix_ssp245_future_extreme,Phoenix,ssp245,future_extreme,5,Perimeter_top_ZN_2,1339,16704,0.0801604406130268,31,1400,0.0221428571428571,False,
scenario,SCALED-96-088,phoenix_ssp245_future_extreme,Phoenix,ssp245,future_extreme,6,Perimeter_top_ZN_1,2466,16704,0.147629310344828,400,1400,0.285714285714286,False,
scenario,SCALED-96-088,phoenix_ssp245_future_extreme,Phoenix,ssp245,future_extreme,7,Perimeter_top_ZN_4,1386,16704,0.0829741379310345,145,1400,0.103571428571429,False,
scenario,SCALED-96-088,phoenix_ssp245_future_extreme,Phoenix,ssp245,future_extreme,8,Perimeter_bot_ZN_3,446,16704,0.0267001915708812,0,1400,0,False,
scenario,SCALED-96-088,phoenix_ssp245_future_extreme,Phoenix,ssp245,future_extreme,9,Perimeter_bot_ZN_2,489,16704,0.0292744252873563,14,1400,0.01,False,
scenario,SCALED-96-088,phoenix_ssp245_future_extreme,Phoenix,ssp245,future_extreme,10,Perimeter_bot_ZN_1,1358,16704,0.0812978927203065,257,1400,0.183571428571429,True,
scenario,SCALED-96-088,phoenix_ssp245_future_extreme,Phoenix,ssp245,future_extreme,11,Perimeter_bot_ZN_4,521,16704,0.0311901340996169,18,1400,0.0128571428571429,False,
scenario,SCALED-96-088,phoenix_ssp245_future_extreme,Phoenix,ssp245,future_extreme,12,Perimeter_mid_ZN_3,397,16704,0.0237667624521073,4,1400,0.00285714285714286,False,
scenario,SCALED-96-088,phoenix_ssp245_future_extreme,Phoenix,ssp245,future_extreme,13,Perimeter_mid_ZN_2,636,16704,0.0380747126436782,38,1400,0.0271428571428571,False,
scenario,SCALED-96-088,phoenix_ssp245_future_extreme,Phoenix,ssp245,future_extreme,14,Perimeter_mid_ZN_1,989,16704,0.0592073754789272,188,1400,0.134285714285714,False,
scenario,SCALED-96-088,phoenix_ssp245_future_extreme,Phoenix,ssp245,future_extreme,15,Perimeter_mid_ZN_4,848,16704,0.0507662835249042,52,1400,0.0371428571428571,False,
scenario,SCALED-96-092,phoenix_ssp585_present_typical,Phoenix,ssp585,present_typical,1,Core_bottom,2627,16704,0.157267720306513,347,1874,0.185165421558164,False,
scenario,SCALED-96-092,phoenix_ssp585_present_typical,Phoenix,ssp585,present_typical,2,Core_mid,1700,16704,0.101772030651341,180,1874,0.096051227321238,False,
scenario,SCALED-96-092,phoenix_ssp585_present_typical,Phoenix,ssp585,present_typical,3,Core_top,1078,16704,0.0645354406130268,27,1874,0.0144076840981857,False,
scenario,SCALED-96-092,phoenix_ssp585_present_typical,Phoenix,ssp585,present_typical,4,Perimeter_top_ZN_3,1136,16704,0.068007662835249,3,1874,0.0016008537886873,False,
scenario,SCALED-96-092,phoenix_ssp585_present_typical,Phoenix,ssp585,present_typical,5,Perimeter_top_ZN_2,1266,16704,0.0757902298850575,67,1874,0.035752401280683,False,
scenario,SCALED-96-092,phoenix_ssp585_present_typical,Phoenix,ssp585,present_typical,6,Perimeter_top_ZN_1,2055,16704,0.123024425287356,361,1874,0.192636072572038,False,
scenario,SCALED-96-092,phoenix_ssp585_present_typical,Phoenix,ssp585,present_typical,7,Perimeter_top_ZN_4,1336,16704,0.0799808429118774,129,1874,0.0688367129135539,False,
scenario,SCALED-96-092,phoenix_ssp585_present_typical,Phoenix,ssp585,present_typical,8,Perimeter_bot_ZN_3,426,16704,0.0255028735632184,0,1874,0,False,
scenario,SCALED-96-092,phoenix_ssp585_present_typical,Phoenix,ssp585,present_typical,9,Perimeter_bot_ZN_2,515,16704,0.030830938697318,25,1874,0.0133404482390608,False,
scenario,SCALED-96-092,phoenix_ssp585_present_typical,Phoenix,ssp585,present_typical,10,Perimeter_bot_ZN_1,1573,16704,0.094169061302682,379,1874,0.202241195304162,True,
scenario,SCALED-96-092,phoenix_ssp585_present_typical,Phoenix,ssp585,present_typical,11,Perimeter_bot_ZN_4,450,16704,0.0269396551724138,27,1874,0.0144076840981857,False,
scenario,SCALED-96-092,phoenix_ssp585_present_typical,Phoenix,ssp585,present_typical,12,Perimeter_mid_ZN_3,298,16704,0.0178400383141762,1,1874,0.000533617929562433,False,
scenario,SCALED-96-092,phoenix_ssp585_present_typical,Phoenix,ssp585,present_typical,13,Perimeter_mid_ZN_2,573,16704,0.0343031609195402,78,1874,0.0416221985058698,False,
scenario,SCALED-96-092,phoenix_ssp585_present_typical,Phoenix,ssp585,present_typical,14,Perimeter_mid_ZN_1,1004,16704,0.0601053639846743,221,1874,0.117929562433298,False,
scenario,SCALED-96-092,phoenix_ssp585_present_typical,Phoenix,ssp585,present_typical,15,Perimeter_mid_ZN_4,667,16704,0.0399305555555556,29,1874,0.0154749199573106,False,
scenario,SCALED-96-096,phoenix_ssp585_future_extreme,Phoenix,ssp585,future_extreme,1,Core_bottom,1550,16704,0.0927921455938697,6,707,0.00848656294200849,False,
scenario,SCALED-96-096,phoenix_ssp585_future_extreme,Phoenix,ssp585,future_extreme,2,Core_mid,1254,16704,0.0750718390804598,1,707,0.00141442715700141,False,
scenario,SCALED-96-096,phoenix_ssp585_future_extreme,Phoenix,ssp585,future_extreme,3,Core_top,979,16704,0.0586087164750958,0,707,0,False,
scenario,SCALED-96-096,phoenix_ssp585_future_extreme,Phoenix,ssp585,future_extreme,4,Perimeter_top_ZN_3,1353,16704,0.0809985632183908,14,707,0.0198019801980198,False,
scenario,SCALED-96-096,phoenix_ssp585_future_extreme,Phoenix,ssp585,future_extreme,5,Perimeter_top_ZN_2,1331,16704,0.0796815134099617,25,707,0.0353606789250354,False,
scenario,SCALED-96-096,phoenix_ssp585_future_extreme,Phoenix,ssp585,future_extreme,6,Perimeter_top_ZN_1,2598,16704,0.155531609195402,229,707,0.323903818953324,False,
scenario,SCALED-96-096,phoenix_ssp585_future_extreme,Phoenix,ssp585,future_extreme,7,Perimeter_top_ZN_4,1446,16704,0.086566091954023,192,707,0.271570014144272,False,
scenario,SCALED-96-096,phoenix_ssp585_future_extreme,Phoenix,ssp585,future_extreme,8,Perimeter_bot_ZN_3,557,16704,0.03334530651341,0,707,0,False,
scenario,SCALED-96-096,phoenix_ssp585_future_extreme,Phoenix,ssp585,future_extreme,9,Perimeter_bot_ZN_2,711,16704,0.0425646551724138,0,707,0,False,
scenario,SCALED-96-096,phoenix_ssp585_future_extreme,Phoenix,ssp585,future_extreme,10,Perimeter_bot_ZN_1,1344,16704,0.0804597701149425,67,707,0.0947666195190948,True,
scenario,SCALED-96-096,phoenix_ssp585_future_extreme,Phoenix,ssp585,future_extreme,11,Perimeter_bot_ZN_4,492,16704,0.0294540229885057,1,707,0.00141442715700141,False,
scenario,SCALED-96-096,phoenix_ssp585_future_extreme,Phoenix,ssp585,future_extreme,12,Perimeter_mid_ZN_3,542,16704,0.0324473180076628,3,707,0.00424328147100424,False,
scenario,SCALED-96-096,phoenix_ssp585_future_extreme,Phoenix,ssp585,future_extreme,13,Perimeter_mid_ZN_2,726,16704,0.0434626436781609,14,707,0.0198019801980198,False,
scenario,SCALED-96-096,phoenix_ssp585_future_extreme,Phoenix,ssp585,future_extreme,14,Perimeter_mid_ZN_1,1059,16704,0.0633979885057471,114,707,0.161244695898161,False,
scenario,SCALED-96-096,phoenix_ssp585_future_extreme,Phoenix,ssp585,future_extreme,15,Perimeter_mid_ZN_4,762,16704,0.045617816091954,41,707,0.057991513437058,False,
all_24_scenarios,,,,,,1,Core_bottom,51628,400896,0.128781529374202,5944,43295,0.137290680217115,,0
all_24_scenarios,,,,,,2,Core_mid,44097,400896,0.109996108716475,6548,43295,0.151241482850214,,0
all_24_scenarios,,,,,,3,Core_top,22276,400896,0.0555655332056194,677,43295,0.0156369095738538,,0
all_24_scenarios,,,,,,4,Perimeter_top_ZN_3,30928,400896,0.077147190293742,1623,43295,0.037487007737614,,0
all_24_scenarios,,,,,,5,Perimeter_top_ZN_2,24824,400896,0.0619212962962963,1085,43295,0.0250606305578011,,0
all_24_scenarios,,,,,,6,Perimeter_top_ZN_1,49804,400896,0.124231720945083,8912,43295,0.205843630904261,,0
all_24_scenarios,,,,,,7,Perimeter_top_ZN_4,22785,400896,0.0568351891762452,2256,43295,0.0521076336759441,,1
all_24_scenarios,,,,,,8,Perimeter_bot_ZN_3,14597,400896,0.03641093949553,65,43295,0.00150132809793279,,0
all_24_scenarios,,,,,,9,Perimeter_bot_ZN_2,14880,400896,0.0371168582375479,347,43295,0.0080147823074258,,0
all_24_scenarios,,,,,,10,Perimeter_bot_ZN_1,36238,400896,0.0903925207535121,5546,43295,0.128097932786696,,8
all_24_scenarios,,,,,,11,Perimeter_bot_ZN_4,10480,400896,0.0261414431673052,376,43295,0.00868460561265735,,0
all_24_scenarios,,,,,,12,Perimeter_mid_ZN_3,19158,400896,0.0477879549808429,894,43295,0.020649035685414,,3
all_24_scenarios,,,,,,13,Perimeter_mid_ZN_2,13701,400896,0.0341759458812261,1310,43295,0.0302575355121839,,0
all_24_scenarios,,,,,,14,Perimeter_mid_ZN_1,34384,400896,0.0857678799489144,6715,43295,0.155098741194133,,12
all_24_scenarios,,,,,,15,Perimeter_mid_ZN_4,11116,400896,0.0277278895274585,997,43295,0.0230280632867537,,0
