experiment,cell_id,stress_grid_class,transition_kind,learned_p90_value,alternative_value,count
M4,REV01-L048-001,present_typical,request_branch,relax,relax,15629
M4,REV01-L048-001,present_typical,request_branch,risk_hold,relax,4
M4,REV01-L048-001,present_typical,request_branch,warm_protection,relax,1057
M4,REV01-L048-001,present_typical,request_branch,warm_protection,warm_protection,14
M4,REV01-L048-001,present_typical,request_outcome,applied,applied,1044
M4,REV01-L048-001,present_typical,request_outcome,applied,bound_saturated,596
M4,REV01-L048-001,present_typical,request_outcome,applied,dwell_blocked,2
M4,REV01-L048-001,present_typical,request_outcome,bound_saturated,applied,5
M4,REV01-L048-001,present_typical,request_outcome,bound_saturated,bound_saturated,14286
M4,REV01-L048-001,present_typical,request_outcome,bound_saturated,dwell_blocked,3
M4,REV01-L048-001,present_typical,request_outcome,dwell_blocked,applied,3
M4,REV01-L048-001,present_typical,request_outcome,dwell_blocked,bound_saturated,756
M4,REV01-L048-001,present_typical,request_outcome,dwell_blocked,dwell_blocked,5
M4,REV01-L048-001,present_typical,request_outcome,hold,bound_saturated,4
M4,REV01-L048-002,present_typical,request_branch,relax,relax,14493
M4,REV01-L048-002,present_typical,request_branch,relax,warm_protection,137
M4,REV01-L048-002,present_typical,request_branch,risk_hold,relax,3
M4,REV01-L048-002,present_typical,request_branch,warm_protection,relax,1254
M4,REV01-L048-002,present_typical,request_branch,warm_protection,warm_protection,817
M4,REV01-L048-002,present_typical,request_outcome,applied,applied,1204
M4,REV01-L048-002,present_typical,request_outcome,applied,bound_saturated,605
M4,REV01-L048-002,present_typical,request_outcome,applied,dwell_blocked,228
M4,REV01-L048-002,present_typical,request_outcome,bound_saturated,applied,26
M4,REV01-L048-002,present_typical,request_outcome,bound_saturated,bound_saturated,13120
M4,REV01-L048-002,present_typical,request_outcome,bound_saturated,dwell_blocked,43
M4,REV01-L048-002,present_typical,request_outcome,dwell_blocked,applied,261
M4,REV01-L048-002,present_typical,request_outcome,dwell_blocked,bound_saturated,766
M4,REV01-L048-002,present_typical,request_outcome,dwell_blocked,dwell_blocked,448
M4,REV01-L048-002,present_typical,request_outcome,hold,bound_saturated,3
M4,REV01-L048-003,present_typical,request_branch,relax,relax,16505
M4,REV01-L048-003,present_typical,request_branch,risk_hold,relax,2
M4,REV01-L048-003,present_typical,request_branch,warm_protection,relax,197
M4,REV01-L048-003,present_typical,request_outcome,applied,applied,1041
M4,REV01-L048-003,present_typical,request_outcome,applied,bound_saturated,127
M4,REV01-L048-003,present_typical,request_outcome,bound_saturated,bound_saturated,15399
M4,REV01-L048-003,present_typical,request_outcome,dwell_blocked,applied,3
M4,REV01-L048-003,present_typical,request_outcome,dwell_blocked,bound_saturated,132
M4,REV01-L048-003,present_typical,request_outcome,hold,bound_saturated,2
M4,REV01-L048-004,present_typical,request_branch,relax,relax,16319
M4,REV01-L048-004,present_typical,request_branch,risk_hold,relax,3
M4,REV01-L048-004,present_typical,request_branch,warm_protection,relax,382
M4,REV01-L048-004,present_typical,request_outcome,applied,applied,1039
M4,REV01-L048-004,present_typical,request_outcome,applied,bound_saturated,229
M4,REV01-L048-004,present_typical,request_outcome,bound_saturated,bound_saturated,15164
M4,REV01-L048-004,present_typical,request_outcome,dwell_blocked,applied,5
M4,REV01-L048-004,present_typical,request_outcome,dwell_blocked,bound_saturated,264
M4,REV01-L048-004,present_typical,request_outcome,hold,bound_saturated,3
M4,REV01-L048-005,present_typical,request_branch,relax,relax,15566
M4,REV01-L048-005,present_typical,request_branch,relax,warm_protection,26
M4,REV01-L048-005,present_typical,request_branch,risk_hold,relax,10
M4,REV01-L048-005,present_typical,request_branch,warm_protection,relax,864
M4,REV01-L048-005,present_typical,request_branch,warm_protection,warm_protection,238
M4,REV01-L048-005,present_typical,request_outcome,applied,applied,1094
M4,REV01-L048-005,present_typical,request_outcome,applied,bound_saturated,473
M4,REV01-L048-005,present_typical,request_outcome,applied,dwell_blocked,35
M4,REV01-L048-005,present_typical,request_outcome,bound_saturated,applied,20
M4,REV01-L048-005,present_typical,request_outcome,bound_saturated,bound_saturated,14275
M4,REV01-L048-005,present_typical,request_outcome,bound_saturated,dwell_blocked,42
M4,REV01-L048-005,present_typical,request_outcome,dwell_blocked,applied,80
M4,REV01-L048-005,present_typical,request_outcome,dwell_blocked,bound_saturated,563
M4,REV01-L048-005,present_typical,request_outcome,dwell_blocked,dwell_blocked,112
M4,REV01-L048-005,present_typical,request_outcome,hold,bound_saturated,10
M4,REV01-L048-006,present_typical,request_branch,relax,relax,16275
M4,REV01-L048-006,present_typical,request_branch,relax,warm_protection,2
M4,REV01-L048-006,present_typical,request_branch,warm_protection,relax,419
M4,REV01-L048-006,present_typical,request_branch,warm_protection,warm_protection,8
M4,REV01-L048-006,present_typical,request_outcome,applied,applied,1025
M4,REV01-L048-006,present_typical,request_outcome,applied,bound_saturated,255
M4,REV01-L048-006,present_typical,request_outcome,applied,dwell_blocked,1
M4,REV01-L048-006,present_typical,request_outcome,bound_saturated,bound_saturated,15117
M4,REV01-L048-006,present_typical,request_outcome,dwell_blocked,applied,27
M4,REV01-L048-006,present_typical,request_outcome,dwell_blocked,bound_saturated,274
M4,REV01-L048-006,present_typical,request_outcome,dwell_blocked,dwell_blocked,5
M4,REV01-L048-007,present_typical,request_branch,relax,relax,14689
M4,REV01-L048-007,present_typical,request_branch,relax,warm_protection,104
M4,REV01-L048-007,present_typical,request_branch,risk_hold,relax,37
M4,REV01-L048-007,present_typical,request_branch,warm_protection,relax,1402
M4,REV01-L048-007,present_typical,request_branch,warm_protection,warm_protection,472
M4,REV01-L048-007,present_typical,request_outcome,applied,applied,1167
M4,REV01-L048-007,present_typical,request_outcome,applied,bound_saturated,722
M4,REV01-L048-007,present_typical,request_outcome,applied,dwell_blocked,133
M4,REV01-L048-007,present_typical,request_outcome,bound_saturated,applied,21
M4,REV01-L048-007,present_typical,request_outcome,bound_saturated,bound_saturated,13248
M4,REV01-L048-007,present_typical,request_outcome,bound_saturated,dwell_blocked,31
M4,REV01-L048-007,present_typical,request_outcome,dwell_blocked,applied,172
M4,REV01-L048-007,present_typical,request_outcome,dwell_blocked,bound_saturated,919
M4,REV01-L048-007,present_typical,request_outcome,dwell_blocked,dwell_blocked,254
M4,REV01-L048-007,present_typical,request_outcome,hold,bound_saturated,37
M4,REV01-L048-008,present_typical,request_branch,relax,relax,16543
M4,REV01-L048-008,present_typical,request_branch,risk_hold,relax,4
M4,REV01-L048-008,present_typical,request_branch,warm_protection,relax,156
M4,REV01-L048-008,present_typical,request_branch,warm_protection,warm_protection,1
M4,REV01-L048-008,present_typical,request_outcome,applied,applied,1041
M4,REV01-L048-008,present_typical,request_outcome,applied,bound_saturated,103
M4,REV01-L048-008,present_typical,request_outcome,bound_saturated,bound_saturated,15449
M4,REV01-L048-008,present_typical,request_outcome,dwell_blocked,applied,5
M4,REV01-L048-008,present_typical,request_outcome,dwell_blocked,bound_saturated,102
M4,REV01-L048-008,present_typical,request_outcome,hold,bound_saturated,4
M4,REV01-L048-009,present_typical,request_branch,cold_protection,cold_protection,8
M4,REV01-L048-009,present_typical,request_branch,cold_protection,relax,395
M4,REV01-L048-009,present_typical,request_branch,relax,relax,10608
M4,REV01-L048-009,present_typical,request_branch,relax,risk_hold,1
M4,REV01-L048-009,present_typical,request_branch,relax,warm_protection,76
M4,REV01-L048-009,present_typical,request_branch,warm_protection,relax,2655
M4,REV01-L048-009,present_typical,request_branch,warm_protection,risk_hold,21
M4,REV01-L048-009,present_typical,request_branch,warm_protection,warm_protection,2940
M4,REV01-L048-009,present_typical,request_outcome,applied,applied,1172
M4,REV01-L048-009,present_typical,request_outcome,applied,bound_saturated,1191
M4,REV01-L048-009,present_typical,request_outcome,applied,dwell_blocked,391
M4,REV01-L048-009,present_typical,request_outcome,applied,hold,5
M4,REV01-L048-009,present_typical,request_outcome,bound_saturated,applied,393
M4,REV01-L048-009,present_typical,request_outcome,bound_saturated,bound_saturated,9516
M4,REV01-L048-009,present_typical,request_outcome,bound_saturated,dwell_blocked,475
M4,REV01-L048-009,present_typical,request_outcome,dwell_blocked,applied,812
M4,REV01-L048-009,present_typical,request_outcome,dwell_blocked,bound_saturated,1658
M4,REV01-L048-009,present_typical,request_outcome,dwell_blocked,dwell_blocked,1074
M4,REV01-L048-009,present_typical,request_outcome,dwell_blocked,hold,17
M4,REV01-L048-010,present_typical,request_branch,cold_protection,cold_protection,2
M4,REV01-L048-010,present_typical,request_branch,cold_protection,relax,420
M4,REV01-L048-010,present_typical,request_branch,relax,relax,10909
M4,REV01-L048-010,present_typical,request_branch,relax,warm_protection,67
M4,REV01-L048-010,present_typical,request_branch,warm_protection,relax,2596
M4,REV01-L048-010,present_typical,request_branch,warm_protection,warm_protection,2710
M4,REV01-L048-010,present_typical,request_outcome,applied,applied,1181
M4,REV01-L048-010,present_typical,request_outcome,applied,bound_saturated,1337
M4,REV01-L048-010,present_typical,request_outcome,applied,dwell_blocked,380
M4,REV01-L048-010,present_typical,request_outcome,bound_saturated,applied,372
M4,REV01-L048-010,present_typical,request_outcome,bound_saturated,bound_saturated,9567
M4,REV01-L048-010,present_typical,request_outcome,bound_saturated,dwell_blocked,463
M4,REV01-L048-010,present_typical,request_outcome,dwell_blocked,applied,766
M4,REV01-L048-010,present_typical,request_outcome,dwell_blocked,bound_saturated,1658
M4,REV01-L048-010,present_typical,request_outcome,dwell_blocked,dwell_blocked,980
M4,REV01-L048-011,present_typical,request_branch,cold_protection,relax,1
M4,REV01-L048-011,present_typical,request_branch,relax,relax,15738
M4,REV01-L048-011,present_typical,request_branch,risk_hold,relax,12
M4,REV01-L048-011,present_typical,request_branch,warm_protection,relax,931
M4,REV01-L048-011,present_typical,request_branch,warm_protection,warm_protection,22
M4,REV01-L048-011,present_typical,request_outcome,applied,applied,1044
M4,REV01-L048-011,present_typical,request_outcome,applied,bound_saturated,541
M4,REV01-L048-011,present_typical,request_outcome,applied,dwell_blocked,5
M4,REV01-L048-011,present_typical,request_outcome,bound_saturated,bound_saturated,14434
M4,REV01-L048-011,present_typical,request_outcome,dwell_blocked,applied,15
M4,REV01-L048-011,present_typical,request_outcome,dwell_blocked,bound_saturated,644
M4,REV01-L048-011,present_typical,request_outcome,dwell_blocked,dwell_blocked,9
M4,REV01-L048-011,present_typical,request_outcome,hold,applied,1
M4,REV01-L048-011,present_typical,request_outcome,hold,bound_saturated,11
M4,REV01-L048-012,present_typical,request_branch,relax,relax,16149
M4,REV01-L048-012,present_typical,request_branch,relax,warm_protection,6
M4,REV01-L048-012,present_typical,request_branch,risk_hold,relax,6
M4,REV01-L048-012,present_typical,request_branch,warm_protection,relax,529
M4,REV01-L048-012,present_typical,request_branch,warm_protection,warm_protection,14
M4,REV01-L048-012,present_typical,request_outcome,applied,applied,1049
M4,REV01-L048-012,present_typical,request_outcome,applied,bound_saturated,296
M4,REV01-L048-012,present_typical,request_outcome,applied,dwell_blocked,5
M4,REV01-L048-012,present_typical,request_outcome,bound_saturated,applied,1
M4,REV01-L048-012,present_typical,request_outcome,bound_saturated,bound_saturated,14963
M4,REV01-L048-012,present_typical,request_outcome,bound_saturated,dwell_blocked,2
M4,REV01-L048-012,present_typical,request_outcome,dwell_blocked,applied,8
M4,REV01-L048-012,present_typical,request_outcome,dwell_blocked,bound_saturated,368
M4,REV01-L048-012,present_typical,request_outcome,dwell_blocked,dwell_blocked,6
M4,REV01-L048-012,present_typical,request_outcome,hold,bound_saturated,6
M4,REV01-L048-013,late_century_hot_extreme,request_branch,cold_protection,relax,1
M4,REV01-L048-013,late_century_hot_extreme,request_branch,relax,relax,14675
M4,REV01-L048-013,late_century_hot_extreme,request_branch,risk_hold,relax,15
M4,REV01-L048-013,late_century_hot_extreme,request_branch,warm_protection,relax,1507
M4,REV01-L048-013,late_century_hot_extreme,request_branch,warm_protection,warm_protection,506
M4,REV01-L048-013,late_century_hot_extreme,request_outcome,applied,applied,1107
M4,REV01-L048-013,late_century_hot_extreme,request_outcome,applied,bound_saturated,858
M4,REV01-L048-013,late_century_hot_extreme,request_outcome,applied,dwell_blocked,69
M4,REV01-L048-013,late_century_hot_extreme,request_outcome,bound_saturated,applied,80
M4,REV01-L048-013,late_century_hot_extreme,request_outcome,bound_saturated,bound_saturated,13160
M4,REV01-L048-013,late_century_hot_extreme,request_outcome,bound_saturated,dwell_blocked,52
M4,REV01-L048-013,late_century_hot_extreme,request_outcome,dwell_blocked,applied,137
M4,REV01-L048-013,late_century_hot_extreme,request_outcome,dwell_blocked,bound_saturated,994
M4,REV01-L048-013,late_century_hot_extreme,request_outcome,dwell_blocked,dwell_blocked,232
M4,REV01-L048-013,late_century_hot_extreme,request_outcome,hold,bound_saturated,15
M4,REV01-L048-014,late_century_hot_extreme,request_branch,relax,relax,15774
M4,REV01-L048-014,late_century_hot_extreme,request_branch,risk_hold,relax,5
M4,REV01-L048-014,late_century_hot_extreme,request_branch,warm_protection,relax,782
M4,REV01-L048-014,late_century_hot_extreme,request_branch,warm_protection,warm_protection,143
M4,REV01-L048-014,late_century_hot_extreme,request_outcome,applied,applied,1039
M4,REV01-L048-014,late_century_hot_extreme,request_outcome,applied,bound_saturated,458
M4,REV01-L048-014,late_century_hot_extreme,request_outcome,applied,dwell_blocked,19
M4,REV01-L048-014,late_century_hot_extreme,request_outcome,bound_saturated,applied,24
M4,REV01-L048-014,late_century_hot_extreme,request_outcome,bound_saturated,bound_saturated,14550
M4,REV01-L048-014,late_century_hot_extreme,request_outcome,bound_saturated,dwell_blocked,18
M4,REV01-L048-014,late_century_hot_extreme,request_outcome,dwell_blocked,applied,47
M4,REV01-L048-014,late_century_hot_extreme,request_outcome,dwell_blocked,bound_saturated,497
M4,REV01-L048-014,late_century_hot_extreme,request_outcome,dwell_blocked,dwell_blocked,47
M4,REV01-L048-014,late_century_hot_extreme,request_outcome,hold,bound_saturated,5
M4,REV01-L048-015,late_century_hot_extreme,request_branch,relax,relax,16118
M4,REV01-L048-015,late_century_hot_extreme,request_branch,risk_hold,relax,7
M4,REV01-L048-015,late_century_hot_extreme,request_branch,warm_protection,relax,570
M4,REV01-L048-015,late_century_hot_extreme,request_branch,warm_protection,warm_protection,9
M4,REV01-L048-015,late_century_hot_extreme,request_outcome,applied,applied,1040
M4,REV01-L048-015,late_century_hot_extreme,request_outcome,applied,bound_saturated,394
M4,REV01-L048-015,late_century_hot_extreme,request_outcome,bound_saturated,bound_saturated,14879
M4,REV01-L048-015,late_century_hot_extreme,request_outcome,dwell_blocked,applied,10
M4,REV01-L048-015,late_century_hot_extreme,request_outcome,dwell_blocked,bound_saturated,368
M4,REV01-L048-015,late_century_hot_extreme,request_outcome,dwell_blocked,dwell_blocked,6
M4,REV01-L048-015,late_century_hot_extreme,request_outcome,hold,bound_saturated,7
M4,REV01-L048-016,late_century_hot_extreme,request_branch,relax,relax,15675
M4,REV01-L048-016,late_century_hot_extreme,request_branch,relax,warm_protection,15
M4,REV01-L048-016,late_century_hot_extreme,request_branch,warm_protection,relax,916
M4,REV01-L048-016,late_century_hot_extreme,request_branch,warm_protection,warm_protection,98
M4,REV01-L048-016,late_century_hot_extreme,request_outcome,applied,applied,1051
M4,REV01-L048-016,late_century_hot_extreme,request_outcome,applied,bound_saturated,540
M4,REV01-L048-016,late_century_hot_extreme,request_outcome,applied,dwell_blocked,22
M4,REV01-L048-016,late_century_hot_extreme,request_outcome,bound_saturated,applied,7
M4,REV01-L048-016,late_century_hot_extreme,request_outcome,bound_saturated,bound_saturated,14369
M4,REV01-L048-016,late_century_hot_extreme,request_outcome,bound_saturated,dwell_blocked,8
M4,REV01-L048-016,late_century_hot_extreme,request_outcome,dwell_blocked,applied,48
M4,REV01-L048-016,late_century_hot_extreme,request_outcome,dwell_blocked,bound_saturated,607
M4,REV01-L048-016,late_century_hot_extreme,request_outcome,dwell_blocked,dwell_blocked,52
M4,REV01-L048-017,late_century_hot_extreme,request_branch,relax,relax,14589
M4,REV01-L048-017,late_century_hot_extreme,request_branch,relax,warm_protection,3
M4,REV01-L048-017,late_century_hot_extreme,request_branch,risk_hold,relax,13
M4,REV01-L048-017,late_century_hot_extreme,request_branch,warm_protection,relax,1574
M4,REV01-L048-017,late_century_hot_extreme,request_branch,warm_protection,warm_protection,525
M4,REV01-L048-017,late_century_hot_extreme,request_outcome,applied,applied,1108
M4,REV01-L048-017,late_century_hot_extreme,request_outcome,applied,bound_saturated,892
M4,REV01-L048-017,late_century_hot_extreme,request_outcome,applied,dwell_blocked,74
M4,REV01-L048-017,late_century_hot_extreme,request_outcome,bound_saturated,applied,63
M4,REV01-L048-017,late_century_hot_extreme,request_outcome,bound_saturated,bound_saturated,13074
M4,REV01-L048-017,late_century_hot_extreme,request_outcome,bound_saturated,dwell_blocked,45
M4,REV01-L048-017,late_century_hot_extreme,request_outcome,dwell_blocked,applied,148
M4,REV01-L048-017,late_century_hot_extreme,request_outcome,dwell_blocked,bound_saturated,1049
M4,REV01-L048-017,late_century_hot_extreme,request_outcome,dwell_blocked,dwell_blocked,238
M4,REV01-L048-017,late_century_hot_extreme,request_outcome,hold,applied,3
M4,REV01-L048-017,late_century_hot_extreme,request_outcome,hold,bound_saturated,10
M4,REV01-L048-018,late_century_hot_extreme,request_branch,cold_protection,relax,223
M4,REV01-L048-018,late_century_hot_extreme,request_branch,relax,relax,11109
M4,REV01-L048-018,late_century_hot_extreme,request_branch,relax,warm_protection,93
M4,REV01-L048-018,late_century_hot_extreme,request_branch,risk_hold,relax,1
M4,REV01-L048-018,late_century_hot_extreme,request_branch,warm_protection,relax,2819
M4,REV01-L048-018,late_century_hot_extreme,request_branch,warm_protection,warm_protection,2459
M4,REV01-L048-018,late_century_hot_extreme,request_outcome,applied,applied,1164
M4,REV01-L048-018,late_century_hot_extreme,request_outcome,applied,bound_saturated,1162
M4,REV01-L048-018,late_century_hot_extreme,request_outcome,applied,dwell_blocked,296
M4,REV01-L048-018,late_century_hot_extreme,request_outcome,bound_saturated,applied,377
M4,REV01-L048-018,late_century_hot_extreme,request_outcome,bound_saturated,bound_saturated,9968
M4,REV01-L048-018,late_century_hot_extreme,request_outcome,bound_saturated,dwell_blocked,470
M4,REV01-L048-018,late_century_hot_extreme,request_outcome,dwell_blocked,applied,638
M4,REV01-L048-018,late_century_hot_extreme,request_outcome,dwell_blocked,bound_saturated,1770
M4,REV01-L048-018,late_century_hot_extreme,request_outcome,dwell_blocked,dwell_blocked,858
M4,REV01-L048-018,late_century_hot_extreme,request_outcome,hold,bound_saturated,1
M4,REV01-L048-019,late_century_hot_extreme,request_branch,cold_protection,relax,157
M4,REV01-L048-019,late_century_hot_extreme,request_branch,relax,relax,10294
M4,REV01-L048-019,late_century_hot_extreme,request_branch,relax,warm_protection,76
M4,REV01-L048-019,late_century_hot_extreme,request_branch,warm_protection,relax,2998
M4,REV01-L048-019,late_century_hot_extreme,request_branch,warm_protection,warm_protection,3179
M4,REV01-L048-019,late_century_hot_extreme,request_outcome,applied,applied,1240
M4,REV01-L048-019,late_century_hot_extreme,request_outcome,applied,bound_saturated,1139
M4,REV01-L048-019,late_century_hot_extreme,request_outcome,applied,dwell_blocked,371
M4,REV01-L048-019,late_century_hot_extreme,request_outcome,bound_saturated,applied,413
M4,REV01-L048-019,late_century_hot_extreme,request_outcome,bound_saturated,bound_saturated,9425
M4,REV01-L048-019,late_century_hot_extreme,request_outcome,bound_saturated,dwell_blocked,576
M4,REV01-L048-019,late_century_hot_extreme,request_outcome,dwell_blocked,applied,762
M4,REV01-L048-019,late_century_hot_extreme,request_outcome,dwell_blocked,bound_saturated,1707
M4,REV01-L048-019,late_century_hot_extreme,request_outcome,dwell_blocked,dwell_blocked,1071
M4,REV01-L048-020,late_century_hot_extreme,request_branch,relax,relax,15004
M4,REV01-L048-020,late_century_hot_extreme,request_branch,risk_hold,relax,9
M4,REV01-L048-020,late_century_hot_extreme,request_branch,warm_protection,relax,1591
M4,REV01-L048-020,late_century_hot_extreme,request_branch,warm_protection,warm_protection,100
M4,REV01-L048-020,late_century_hot_extreme,request_outcome,applied,applied,1062
M4,REV01-L048-020,late_century_hot_extreme,request_outcome,applied,bound_saturated,887
M4,REV01-L048-020,late_century_hot_extreme,request_outcome,applied,dwell_blocked,5
M4,REV01-L048-020,late_century_hot_extreme,request_outcome,bound_saturated,applied,15
M4,REV01-L048-020,late_century_hot_extreme,request_outcome,bound_saturated,bound_saturated,13517
M4,REV01-L048-020,late_century_hot_extreme,request_outcome,bound_saturated,dwell_blocked,20
M4,REV01-L048-020,late_century_hot_extreme,request_outcome,dwell_blocked,applied,19
M4,REV01-L048-020,late_century_hot_extreme,request_outcome,dwell_blocked,bound_saturated,1128
M4,REV01-L048-020,late_century_hot_extreme,request_outcome,dwell_blocked,dwell_blocked,42
M4,REV01-L048-020,late_century_hot_extreme,request_outcome,hold,applied,2
M4,REV01-L048-020,late_century_hot_extreme,request_outcome,hold,bound_saturated,7
M4,REV01-L048-021,late_century_hot_extreme,request_branch,cold_protection,relax,1
M4,REV01-L048-021,late_century_hot_extreme,request_branch,relax,relax,15510
M4,REV01-L048-021,late_century_hot_extreme,request_branch,risk_hold,relax,10
M4,REV01-L048-021,late_century_hot_extreme,request_branch,warm_protection,relax,1175
M4,REV01-L048-021,late_century_hot_extreme,request_branch,warm_protection,warm_protection,8
M4,REV01-L048-021,late_century_hot_extreme,request_outcome,applied,applied,1043
M4,REV01-L048-021,late_century_hot_extreme,request_outcome,applied,bound_saturated,667
M4,REV01-L048-021,late_century_hot_extreme,request_outcome,applied,dwell_blocked,2
M4,REV01-L048-021,late_century_hot_extreme,request_outcome,bound_saturated,bound_saturated,14138
M4,REV01-L048-021,late_century_hot_extreme,request_outcome,dwell_blocked,applied,4
M4,REV01-L048-021,late_century_hot_extreme,request_outcome,dwell_blocked,bound_saturated,836
M4,REV01-L048-021,late_century_hot_extreme,request_outcome,dwell_blocked,dwell_blocked,4
M4,REV01-L048-021,late_century_hot_extreme,request_outcome,hold,applied,1
M4,REV01-L048-021,late_century_hot_extreme,request_outcome,hold,bound_saturated,9
M4,REV01-L048-022,late_century_hot_extreme,request_branch,cold_protection,relax,1
M4,REV01-L048-022,late_century_hot_extreme,request_branch,relax,relax,15204
M4,REV01-L048-022,late_century_hot_extreme,request_branch,relax,warm_protection,54
M4,REV01-L048-022,late_century_hot_extreme,request_branch,risk_hold,relax,44
M4,REV01-L048-022,late_century_hot_extreme,request_branch,risk_hold,warm_protection,1
M4,REV01-L048-022,late_century_hot_extreme,request_branch,warm_protection,relax,1094
M4,REV01-L048-022,late_century_hot_extreme,request_branch,warm_protection,warm_protection,306
M4,REV01-L048-022,late_century_hot_extreme,request_outcome,applied,applied,1118
M4,REV01-L048-022,late_century_hot_extreme,request_outcome,applied,bound_saturated,627
M4,REV01-L048-022,late_century_hot_extreme,request_outcome,applied,dwell_blocked,77
M4,REV01-L048-022,late_century_hot_extreme,request_outcome,bound_saturated,applied,10
M4,REV01-L048-022,late_century_hot_extreme,request_outcome,bound_saturated,bound_saturated,13824
M4,REV01-L048-022,late_century_hot_extreme,request_outcome,bound_saturated,dwell_blocked,18
M4,REV01-L048-022,late_century_hot_extreme,request_outcome,dwell_blocked,applied,107
M4,REV01-L048-022,late_century_hot_extreme,request_outcome,dwell_blocked,bound_saturated,712
M4,REV01-L048-022,late_century_hot_extreme,request_outcome,dwell_blocked,dwell_blocked,166
M4,REV01-L048-022,late_century_hot_extreme,request_outcome,hold,applied,5
M4,REV01-L048-022,late_century_hot_extreme,request_outcome,hold,bound_saturated,39
M4,REV01-L048-022,late_century_hot_extreme,request_outcome,hold,dwell_blocked,1
M4,REV01-L048-023,late_century_hot_extreme,request_branch,cold_protection,relax,1
M4,REV01-L048-023,late_century_hot_extreme,request_branch,relax,relax,16164
M4,REV01-L048-023,late_century_hot_extreme,request_branch,relax,warm_protection,4
M4,REV01-L048-023,late_century_hot_extreme,request_branch,risk_hold,relax,5
M4,REV01-L048-023,late_century_hot_extreme,request_branch,warm_protection,relax,509
M4,REV01-L048-023,late_century_hot_extreme,request_branch,warm_protection,warm_protection,21
M4,REV01-L048-023,late_century_hot_extreme,request_outcome,applied,applied,1033
M4,REV01-L048-023,late_century_hot_extreme,request_outcome,applied,bound_saturated,334
M4,REV01-L048-023,late_century_hot_extreme,request_outcome,applied,dwell_blocked,6
M4,REV01-L048-023,late_century_hot_extreme,request_outcome,bound_saturated,bound_saturated,14960
M4,REV01-L048-023,late_century_hot_extreme,request_outcome,dwell_blocked,applied,25
M4,REV01-L048-023,late_century_hot_extreme,request_outcome,dwell_blocked,bound_saturated,329
M4,REV01-L048-023,late_century_hot_extreme,request_outcome,dwell_blocked,dwell_blocked,12
M4,REV01-L048-023,late_century_hot_extreme,request_outcome,hold,bound_saturated,5
M4,REV01-L048-024,late_century_hot_extreme,request_branch,cold_protection,relax,3
M4,REV01-L048-024,late_century_hot_extreme,request_branch,relax,relax,15917
M4,REV01-L048-024,late_century_hot_extreme,request_branch,risk_hold,relax,77
M4,REV01-L048-024,late_century_hot_extreme,request_branch,warm_protection,relax,611
M4,REV01-L048-024,late_century_hot_extreme,request_branch,warm_protection,warm_protection,96
M4,REV01-L048-024,late_century_hot_extreme,request_outcome,applied,applied,1056
M4,REV01-L048-024,late_century_hot_extreme,request_outcome,applied,bound_saturated,366
M4,REV01-L048-024,late_century_hot_extreme,request_outcome,applied,dwell_blocked,16
M4,REV01-L048-024,late_century_hot_extreme,request_outcome,bound_saturated,applied,8
M4,REV01-L048-024,late_century_hot_extreme,request_outcome,bound_saturated,bound_saturated,14698
M4,REV01-L048-024,late_century_hot_extreme,request_outcome,bound_saturated,dwell_blocked,6
M4,REV01-L048-024,late_century_hot_extreme,request_outcome,dwell_blocked,applied,36
M4,REV01-L048-024,late_century_hot_extreme,request_outcome,dwell_blocked,bound_saturated,395
M4,REV01-L048-024,late_century_hot_extreme,request_outcome,dwell_blocked,dwell_blocked,46
M4,REV01-L048-024,late_century_hot_extreme,request_outcome,hold,bound_saturated,77
M5,REV01-L048-025,present_typical,request_branch,relax,relax,15629
M5,REV01-L048-025,present_typical,request_branch,risk_hold,relax,4
M5,REV01-L048-025,present_typical,request_branch,warm_protection,relax,1071
M5,REV01-L048-025,present_typical,request_outcome,applied,applied,1044
M5,REV01-L048-025,present_typical,request_outcome,applied,bound_saturated,598
M5,REV01-L048-025,present_typical,request_outcome,bound_saturated,bound_saturated,14294
M5,REV01-L048-025,present_typical,request_outcome,dwell_blocked,bound_saturated,764
M5,REV01-L048-025,present_typical,request_outcome,hold,bound_saturated,4
M5,REV01-L048-026,present_typical,request_branch,relax,relax,14630
M5,REV01-L048-026,present_typical,request_branch,risk_hold,relax,3
M5,REV01-L048-026,present_typical,request_branch,warm_protection,relax,2071
M5,REV01-L048-026,present_typical,request_outcome,applied,applied,1033
M5,REV01-L048-026,present_typical,request_outcome,applied,bound_saturated,1004
M5,REV01-L048-026,present_typical,request_outcome,bound_saturated,bound_saturated,13189
M5,REV01-L048-026,present_typical,request_outcome,dwell_blocked,applied,11
M5,REV01-L048-026,present_typical,request_outcome,dwell_blocked,bound_saturated,1464
M5,REV01-L048-026,present_typical,request_outcome,hold,bound_saturated,3
M5,REV01-L048-027,present_typical,request_branch,relax,relax,16505
M5,REV01-L048-027,present_typical,request_branch,risk_hold,relax,2
M5,REV01-L048-027,present_typical,request_branch,warm_protection,relax,197
M5,REV01-L048-027,present_typical,request_outcome,applied,applied,1041
M5,REV01-L048-027,present_typical,request_outcome,applied,bound_saturated,127
M5,REV01-L048-027,present_typical,request_outcome,bound_saturated,bound_saturated,15399
M5,REV01-L048-027,present_typical,request_outcome,dwell_blocked,applied,3
M5,REV01-L048-027,present_typical,request_outcome,dwell_blocked,bound_saturated,132
M5,REV01-L048-027,present_typical,request_outcome,hold,bound_saturated,2
M5,REV01-L048-028,present_typical,request_branch,relax,relax,16319
M5,REV01-L048-028,present_typical,request_branch,risk_hold,relax,3
M5,REV01-L048-028,present_typical,request_branch,warm_protection,relax,382
M5,REV01-L048-028,present_typical,request_outcome,applied,applied,1039
M5,REV01-L048-028,present_typical,request_outcome,applied,bound_saturated,229
M5,REV01-L048-028,present_typical,request_outcome,bound_saturated,bound_saturated,15164
M5,REV01-L048-028,present_typical,request_outcome,dwell_blocked,applied,5
M5,REV01-L048-028,present_typical,request_outcome,dwell_blocked,bound_saturated,264
M5,REV01-L048-028,present_typical,request_outcome,hold,bound_saturated,3
M5,REV01-L048-029,present_typical,request_branch,relax,relax,15592
M5,REV01-L048-029,present_typical,request_branch,risk_hold,relax,10
M5,REV01-L048-029,present_typical,request_branch,warm_protection,relax,1102
M5,REV01-L048-029,present_typical,request_outcome,applied,applied,1029
M5,REV01-L048-029,present_typical,request_outcome,applied,bound_saturated,573
M5,REV01-L048-029,present_typical,request_outcome,bound_saturated,bound_saturated,14337
M5,REV01-L048-029,present_typical,request_outcome,dwell_blocked,applied,15
M5,REV01-L048-029,present_typical,request_outcome,dwell_blocked,bound_saturated,740
M5,REV01-L048-029,present_typical,request_outcome,hold,bound_saturated,10
M5,REV01-L048-030,present_typical,request_branch,relax,relax,16277
M5,REV01-L048-030,present_typical,request_branch,warm_protection,relax,427
M5,REV01-L048-030,present_typical,request_outcome,applied,applied,1022
M5,REV01-L048-030,present_typical,request_outcome,applied,bound_saturated,259
M5,REV01-L048-030,present_typical,request_outcome,bound_saturated,bound_saturated,15117
M5,REV01-L048-030,present_typical,request_outcome,dwell_blocked,applied,22
M5,REV01-L048-030,present_typical,request_outcome,dwell_blocked,bound_saturated,284
M5,REV01-L048-031,present_typical,request_branch,relax,relax,14793
M5,REV01-L048-031,present_typical,request_branch,risk_hold,relax,37
M5,REV01-L048-031,present_typical,request_branch,warm_protection,relax,1874
M5,REV01-L048-031,present_typical,request_outcome,applied,applied,1039
M5,REV01-L048-031,present_typical,request_outcome,applied,bound_saturated,983
M5,REV01-L048-031,present_typical,request_outcome,bound_saturated,bound_saturated,13300
M5,REV01-L048-031,present_typical,request_outcome,dwell_blocked,applied,5
M5,REV01-L048-031,present_typical,request_outcome,dwell_blocked,bound_saturated,1340
M5,REV01-L048-031,present_typical,request_outcome,hold,bound_saturated,37
M5,REV01-L048-032,present_typical,request_branch,relax,relax,16543
M5,REV01-L048-032,present_typical,request_branch,risk_hold,relax,4
M5,REV01-L048-032,present_typical,request_branch,warm_protection,relax,157
M5,REV01-L048-032,present_typical,request_outcome,applied,applied,1039
M5,REV01-L048-032,present_typical,request_outcome,applied,bound_saturated,105
M5,REV01-L048-032,present_typical,request_outcome,bound_saturated,bound_saturated,15449
M5,REV01-L048-032,present_typical,request_outcome,dwell_blocked,applied,5
M5,REV01-L048-032,present_typical,request_outcome,dwell_blocked,bound_saturated,102
M5,REV01-L048-032,present_typical,request_outcome,hold,bound_saturated,4
M5,REV01-L048-033,present_typical,request_branch,cold_protection,relax,403
M5,REV01-L048-033,present_typical,request_branch,relax,relax,10685
M5,REV01-L048-033,present_typical,request_branch,warm_protection,relax,5616
M5,REV01-L048-033,present_typical,request_outcome,applied,applied,870
M5,REV01-L048-033,present_typical,request_outcome,applied,bound_saturated,1889
M5,REV01-L048-033,present_typical,request_outcome,bound_saturated,bound_saturated,10384
M5,REV01-L048-033,present_typical,request_outcome,dwell_blocked,applied,174
M5,REV01-L048-033,present_typical,request_outcome,dwell_blocked,bound_saturated,3387
M5,REV01-L048-034,present_typical,request_branch,cold_protection,relax,422
M5,REV01-L048-034,present_typical,request_branch,relax,relax,10976
M5,REV01-L048-034,present_typical,request_branch,warm_protection,relax,5306
M5,REV01-L048-034,present_typical,request_outcome,applied,applied,903
M5,REV01-L048-034,present_typical,request_outcome,applied,bound_saturated,1995
M5,REV01-L048-034,present_typical,request_outcome,bound_saturated,bound_saturated,10402
M5,REV01-L048-034,present_typical,request_outcome,dwell_blocked,applied,141
M5,REV01-L048-034,present_typical,request_outcome,dwell_blocked,bound_saturated,3263
M5,REV01-L048-035,present_typical,request_branch,cold_protection,relax,1
M5,REV01-L048-035,present_typical,request_branch,relax,relax,15738
M5,REV01-L048-035,present_typical,request_branch,risk_hold,relax,12
M5,REV01-L048-035,present_typical,request_branch,warm_protection,relax,953
M5,REV01-L048-035,present_typical,request_outcome,applied,applied,1043
M5,REV01-L048-035,present_typical,request_outcome,applied,bound_saturated,547
M5,REV01-L048-035,present_typical,request_outcome,bound_saturated,bound_saturated,14434
M5,REV01-L048-035,present_typical,request_outcome,dwell_blocked,bound_saturated,668
M5,REV01-L048-035,present_typical,request_outcome,hold,applied,1
M5,REV01-L048-035,present_typical,request_outcome,hold,bound_saturated,11
M5,REV01-L048-036,present_typical,request_branch,relax,relax,16155
M5,REV01-L048-036,present_typical,request_branch,risk_hold,relax,6
M5,REV01-L048-036,present_typical,request_branch,warm_protection,relax,543
M5,REV01-L048-036,present_typical,request_outcome,applied,applied,1040
M5,REV01-L048-036,present_typical,request_outcome,applied,bound_saturated,310
M5,REV01-L048-036,present_typical,request_outcome,bound_saturated,bound_saturated,14966
M5,REV01-L048-036,present_typical,request_outcome,dwell_blocked,applied,4
M5,REV01-L048-036,present_typical,request_outcome,dwell_blocked,bound_saturated,378
M5,REV01-L048-036,present_typical,request_outcome,hold,bound_saturated,6
M5,REV01-L048-037,late_century_hot_extreme,request_branch,cold_protection,relax,1
M5,REV01-L048-037,late_century_hot_extreme,request_branch,relax,relax,14675
M5,REV01-L048-037,late_century_hot_extreme,request_branch,risk_hold,relax,15
M5,REV01-L048-037,late_century_hot_extreme,request_branch,warm_protection,relax,2013
M5,REV01-L048-037,late_century_hot_extreme,request_outcome,applied,applied,1043
M5,REV01-L048-037,late_century_hot_extreme,request_outcome,applied,bound_saturated,991
M5,REV01-L048-037,late_century_hot_extreme,request_outcome,bound_saturated,bound_saturated,13292
M5,REV01-L048-037,late_century_hot_extreme,request_outcome,dwell_blocked,applied,1
M5,REV01-L048-037,late_century_hot_extreme,request_outcome,dwell_blocked,bound_saturated,1362
M5,REV01-L048-037,late_century_hot_extreme,request_outcome,hold,bound_saturated,15
M5,REV01-L048-038,late_century_hot_extreme,request_branch,relax,relax,15774
M5,REV01-L048-038,late_century_hot_extreme,request_branch,risk_hold,relax,5
M5,REV01-L048-038,late_century_hot_extreme,request_branch,warm_protection,relax,925
M5,REV01-L048-038,late_century_hot_extreme,request_outcome,applied,applied,1034
M5,REV01-L048-038,late_century_hot_extreme,request_outcome,applied,bound_saturated,482
M5,REV01-L048-038,late_century_hot_extreme,request_outcome,bound_saturated,bound_saturated,14592
M5,REV01-L048-038,late_century_hot_extreme,request_outcome,dwell_blocked,applied,10
M5,REV01-L048-038,late_century_hot_extreme,request_outcome,dwell_blocked,bound_saturated,581
M5,REV01-L048-038,late_century_hot_extreme,request_outcome,hold,bound_saturated,5
M5,REV01-L048-039,late_century_hot_extreme,request_branch,relax,relax,16118
M5,REV01-L048-039,late_century_hot_extreme,request_branch,risk_hold,relax,7
M5,REV01-L048-039,late_century_hot_extreme,request_branch,warm_protection,relax,579
M5,REV01-L048-039,late_century_hot_extreme,request_outcome,applied,applied,1038
M5,REV01-L048-039,late_century_hot_extreme,request_outcome,applied,bound_saturated,396
M5,REV01-L048-039,late_century_hot_extreme,request_outcome,bound_saturated,bound_saturated,14879
M5,REV01-L048-039,late_century_hot_extreme,request_outcome,dwell_blocked,applied,6
M5,REV01-L048-039,late_century_hot_extreme,request_outcome,dwell_blocked,bound_saturated,378
M5,REV01-L048-039,late_century_hot_extreme,request_outcome,hold,bound_saturated,7
M5,REV01-L048-040,late_century_hot_extreme,request_branch,relax,relax,15690
M5,REV01-L048-040,late_century_hot_extreme,request_branch,warm_protection,relax,1014
M5,REV01-L048-040,late_century_hot_extreme,request_outcome,applied,applied,1023
M5,REV01-L048-040,late_century_hot_extreme,request_outcome,applied,bound_saturated,590
M5,REV01-L048-040,late_century_hot_extreme,request_outcome,bound_saturated,bound_saturated,14384
M5,REV01-L048-040,late_century_hot_extreme,request_outcome,dwell_blocked,applied,21
M5,REV01-L048-040,late_century_hot_extreme,request_outcome,dwell_blocked,bound_saturated,686
M5,REV01-L048-041,late_century_hot_extreme,request_branch,relax,relax,14592
M5,REV01-L048-041,late_century_hot_extreme,request_branch,risk_hold,relax,13
M5,REV01-L048-041,late_century_hot_extreme,request_branch,warm_protection,relax,2099
M5,REV01-L048-041,late_century_hot_extreme,request_outcome,applied,applied,1037
M5,REV01-L048-041,late_century_hot_extreme,request_outcome,applied,bound_saturated,1037
M5,REV01-L048-041,late_century_hot_extreme,request_outcome,bound_saturated,bound_saturated,13182
M5,REV01-L048-041,late_century_hot_extreme,request_outcome,dwell_blocked,applied,4
M5,REV01-L048-041,late_century_hot_extreme,request_outcome,dwell_blocked,bound_saturated,1431
M5,REV01-L048-041,late_century_hot_extreme,request_outcome,hold,applied,3
M5,REV01-L048-041,late_century_hot_extreme,request_outcome,hold,bound_saturated,10
M5,REV01-L048-042,late_century_hot_extreme,request_branch,cold_protection,relax,223
M5,REV01-L048-042,late_century_hot_extreme,request_branch,relax,relax,11202
M5,REV01-L048-042,late_century_hot_extreme,request_branch,risk_hold,relax,1
M5,REV01-L048-042,late_century_hot_extreme,request_branch,warm_protection,relax,5278
M5,REV01-L048-042,late_century_hot_extreme,request_outcome,applied,applied,905
M5,REV01-L048-042,late_century_hot_extreme,request_outcome,applied,bound_saturated,1717
M5,REV01-L048-042,late_century_hot_extreme,request_outcome,bound_saturated,bound_saturated,10815
M5,REV01-L048-042,late_century_hot_extreme,request_outcome,dwell_blocked,applied,139
M5,REV01-L048-042,late_century_hot_extreme,request_outcome,dwell_blocked,bound_saturated,3127
M5,REV01-L048-042,late_century_hot_extreme,request_outcome,hold,bound_saturated,1
M5,REV01-L048-043,late_century_hot_extreme,request_branch,cold_protection,relax,157
M5,REV01-L048-043,late_century_hot_extreme,request_branch,relax,relax,10370
M5,REV01-L048-043,late_century_hot_extreme,request_branch,warm_protection,relax,6177
M5,REV01-L048-043,late_century_hot_extreme,request_outcome,applied,applied,916
M5,REV01-L048-043,late_century_hot_extreme,request_outcome,applied,bound_saturated,1834
M5,REV01-L048-043,late_century_hot_extreme,request_outcome,bound_saturated,bound_saturated,10414
M5,REV01-L048-043,late_century_hot_extreme,request_outcome,dwell_blocked,applied,128
M5,REV01-L048-043,late_century_hot_extreme,request_outcome,dwell_blocked,bound_saturated,3412
M5,REV01-L048-044,late_century_hot_extreme,request_branch,relax,relax,15004
M5,REV01-L048-044,late_century_hot_extreme,request_branch,risk_hold,relax,9
M5,REV01-L048-044,late_century_hot_extreme,request_branch,warm_protection,relax,1691
M5,REV01-L048-044,late_century_hot_extreme,request_outcome,applied,applied,1042
M5,REV01-L048-044,late_century_hot_extreme,request_outcome,applied,bound_saturated,912
M5,REV01-L048-044,late_century_hot_extreme,request_outcome,bound_saturated,bound_saturated,13552
M5,REV01-L048-044,late_century_hot_extreme,request_outcome,dwell_blocked,bound_saturated,1189
M5,REV01-L048-044,late_century_hot_extreme,request_outcome,hold,applied,2
M5,REV01-L048-044,late_century_hot_extreme,request_outcome,hold,bound_saturated,7
M5,REV01-L048-045,late_century_hot_extreme,request_branch,cold_protection,relax,1
M5,REV01-L048-045,late_century_hot_extreme,request_branch,relax,relax,15510
M5,REV01-L048-045,late_century_hot_extreme,request_branch,risk_hold,relax,10
M5,REV01-L048-045,late_century_hot_extreme,request_branch,warm_protection,relax,1183
M5,REV01-L048-045,late_century_hot_extreme,request_outcome,applied,applied,1043
M5,REV01-L048-045,late_century_hot_extreme,request_outcome,applied,bound_saturated,669
M5,REV01-L048-045,late_century_hot_extreme,request_outcome,bound_saturated,bound_saturated,14138
M5,REV01-L048-045,late_century_hot_extreme,request_outcome,dwell_blocked,bound_saturated,844
M5,REV01-L048-045,late_century_hot_extreme,request_outcome,hold,applied,1
M5,REV01-L048-045,late_century_hot_extreme,request_outcome,hold,bound_saturated,9
M5,REV01-L048-046,late_century_hot_extreme,request_branch,cold_protection,relax,1
M5,REV01-L048-046,late_century_hot_extreme,request_branch,relax,relax,15258
M5,REV01-L048-046,late_century_hot_extreme,request_branch,risk_hold,relax,45
M5,REV01-L048-046,late_century_hot_extreme,request_branch,warm_protection,relax,1400
M5,REV01-L048-046,late_century_hot_extreme,request_outcome,applied,applied,1039
M5,REV01-L048-046,late_century_hot_extreme,request_outcome,applied,bound_saturated,783
M5,REV01-L048-046,late_century_hot_extreme,request_outcome,bound_saturated,bound_saturated,13852
M5,REV01-L048-046,late_century_hot_extreme,request_outcome,dwell_blocked,applied,5
M5,REV01-L048-046,late_century_hot_extreme,request_outcome,dwell_blocked,bound_saturated,980
M5,REV01-L048-046,late_century_hot_extreme,request_outcome,hold,bound_saturated,45
M5,REV01-L048-047,late_century_hot_extreme,request_branch,cold_protection,relax,1
M5,REV01-L048-047,late_century_hot_extreme,request_branch,relax,relax,16168
M5,REV01-L048-047,late_century_hot_extreme,request_branch,risk_hold,relax,5
M5,REV01-L048-047,late_century_hot_extreme,request_branch,warm_protection,relax,530
M5,REV01-L048-047,late_century_hot_extreme,request_outcome,applied,applied,1030
M5,REV01-L048-047,late_century_hot_extreme,request_outcome,applied,bound_saturated,343
M5,REV01-L048-047,late_century_hot_extreme,request_outcome,bound_saturated,bound_saturated,14960
M5,REV01-L048-047,late_century_hot_extreme,request_outcome,dwell_blocked,applied,14
M5,REV01-L048-047,late_century_hot_extreme,request_outcome,dwell_blocked,bound_saturated,352
M5,REV01-L048-047,late_century_hot_extreme,request_outcome,hold,bound_saturated,5
M5,REV01-L048-048,late_century_hot_extreme,request_branch,cold_protection,relax,3
M5,REV01-L048-048,late_century_hot_extreme,request_branch,relax,relax,15917
M5,REV01-L048-048,late_century_hot_extreme,request_branch,risk_hold,relax,77
M5,REV01-L048-048,late_century_hot_extreme,request_branch,warm_protection,relax,707
M5,REV01-L048-048,late_century_hot_extreme,request_outcome,applied,applied,1044
M5,REV01-L048-048,late_century_hot_extreme,request_outcome,applied,bound_saturated,394
M5,REV01-L048-048,late_century_hot_extreme,request_outcome,bound_saturated,bound_saturated,14712
M5,REV01-L048-048,late_century_hot_extreme,request_outcome,dwell_blocked,bound_saturated,477
M5,REV01-L048-048,late_century_hot_extreme,request_outcome,hold,bound_saturated,77
