experiment,variant_id,cell_id,accepted_comparator_cell_id,anchor_id,stress_grid_class,city,scenario,alternative,contrast_scope,occupied_decisions,branch_changed_count,branch_changed_pct,outcome_changed_count,outcome_changed_pct,learned_p90_minus_alternative_total_delivered_site_electricity_plus_facility_gas_kwh,learned_p90_minus_alternative_occupied_worst_zone_degree_hours_above_26c,learned_p90_minus_alternative_occupied_worst_zone_degree_hours_above_28c,learned_p90_minus_alternative_occupied_worst_zone_degree_hours_above_30c,learned_p90_minus_alternative_occupied_worst_zone_degree_hours_below_18c,learned_p90_minus_alternative_occupied_worst_zone_degree_hours_below_16c,learned_p90_minus_alternative_occupied_mean_heating_setpoint_c,learned_p90_minus_alternative_occupied_mean_cooling_setpoint_c,learned_p90_minus_alternative_energy_pct_of_learned_p90
M4,rev01_learned_mean_tail_full24,REV01-L048-001,SCALED-96-004,ahmedabad_ssp245_present_typical,present_typical,Ahmedabad,ssp245,learned_mean_tail,learned p90-zone aggregation minus learned building-mean aggregation,16704,1061,6.3517720306513414,1369,8.195641762452107,3582.4119445327669,-27.494095098923935,-7.7162393926766981,13.780436513662551,-0,-0,5.9865900382760628e-05,-0.086491259578544089,0.6239958669626855
M4,rev01_learned_mean_tail_full24,REV01-L048-002,SCALED-96-084,phoenix_ssp245_present_typical,present_typical,Phoenix,ssp245,learned_mean_tail,learned p90-zone aggregation minus learned building-mean aggregation,16704,1394,8.3453065134099624,1932,11.566091954022989,1279.2424313692027,-151.61908220288569,-55.493342645052053,-2.2233986331367568,-0,-0,0.0049239703065140361,-0.097431752873564648,0.25478735086316667
M4,rev01_learned_mean_tail_full24,REV01-L048-003,SCALED-96-076,kolkata_ssp585_present_typical,present_typical,Kolkata,ssp585,learned_mean_tail,learned p90-zone aggregation minus learned building-mean aggregation,16704,199,1.1913314176245211,264,1.5804597701149425,93.322513623745181,4.371073153870384,4.6993832225865617,1.6626280344729878,-0,-0,0.00029932950191735586,-0.010880627394634246,0.016970316261191006
M4,rev01_learned_mean_tail_full24,REV01-L048-004,SCALED-96-068,kolkata_ssp245_present_typical,present_typical,Kolkata,ssp245,learned_mean_tail,learned p90-zone aggregation minus learned building-mean aggregation,16704,385,2.3048371647509578,501,2.9992816091954024,288.25374859280419,13.374365071203101,13.146598149876809,4.3396825886365775,-0,-0,0.00035919540230011648,-0.025622605363984974,0.050759856487070307
M4,rev01_learned_mean_tail_full24,REV01-L048-005,SCALED-96-060,houston_ssp585_present_typical,present_typical,Houston,ssp585,learned_mean_tail,learned p90-zone aggregation minus learned building-mean aggregation,16704,900,5.3879310344827589,1223,7.3215996168582373,-223.81414518563543,-54.604296427326517,1.9109605478499816,0.1913323605305095,0.77642008293734932,-0,0.0021701388888892836,-0.067214439655174374,-0.043549894600364569
M4,rev01_learned_mean_tail_full24,REV01-L048-006,SCALED-96-052,houston_ssp245_present_typical,present_typical,Houston,ssp245,learned_mean_tail,learned p90-zone aggregation minus learned building-mean aggregation,16704,421,2.5203544061302683,557,3.3345306513409962,199.02648651885102,-25.227437512233337,5.1970052008423409,1.4396554178857919,-0,-0,0.0026490660919549214,-0.028316570881223413,0.039548793348466789
M4,rev01_learned_mean_tail_full24,REV01-L048-007,SCALED-96-092,phoenix_ssp585_present_typical,present_typical,Phoenix,ssp585,learned_mean_tail,learned p90-zone aggregation minus learned building-mean aggregation,16704,1543,9.2373084291187748,2035,12.182710727969349,1809.8629111796035,-158.45079048233674,-7.2815561524802206,5.4162470252098416,-0,-0,0.0035320881226041934,-0.09765625,0.35457760008190953
M4,rev01_learned_mean_tail_full24,REV01-L048-008,SCALED-96-036,guangzhou_ssp245_present_typical,present_typical,Guangzhou,ssp245,learned_mean_tail,learned p90-zone aggregation minus learned building-mean aggregation,16704,160,0.95785440613026818,214,1.2811302681992338,80.447092621179763,1.5021961452612231,2.5102053777435458,1.3833506228926531,-0,-0,0.00071839080459668025,-0.0079920977011518346,0.015519255142449388
M4,rev01_learned_mean_tail_full24,REV01-L048-009,SCALED-96-028,beijing_ssp585_present_typical,present_typical,Beijing,ssp585,learned_mean_tail,learned p90-zone aggregation minus learned building-mean aggregation,16704,3148,18.845785440613028,4942,29.58572796934866,-114.34587540681241,-150.51675991510956,-0.037082117983267437,-0,4.5803377343055018,0.56960549646196768,0.177160412872432,-0.40533119508589976,-0.023632752869675741
M4,rev01_learned_mean_tail_full24,REV01-L048-010,SCALED-96-020,beijing_ssp245_present_typical,present_typical,Beijing,ssp245,learned_mean_tail,learned p90-zone aggregation minus learned building-mean aggregation,16704,3083,18.456657088122604,4976,29.78927203065134,-154.28049438737798,-161.53929236764907,-1.6242509559560858e-09,-0,6.0331761742781822,1.4404917470874494,0.10874268469682491,-0.36541017627350669,-0.032331309634367526
M4,rev01_learned_mean_tail_full24,REV01-L048-011,SCALED-96-012,ahmedabad_ssp585_present_typical,present_typical,Ahmedabad,ssp585,learned_mean_tail,learned p90-zone aggregation minus learned building-mean aggregation,16704,944,5.6513409961685825,1217,7.2856800766283527,2545.3384312709095,-15.385149160059882,1.8065273068600618,8.1755151804486559,-0,-0,0.00017959770114828189,-0.071390086206896797,0.44722774403756954
M4,rev01_learned_mean_tail_full24,REV01-L048-012,SCALED-96-044,guangzhou_ssp585_present_typical,present_typical,Guangzhou,ssp585,learned_mean_tail,learned p90-zone aggregation minus learned building-mean aggregation,16704,541,3.2387452107279695,686,4.1068007662835253,125.37587189103942,-23.940588907628808,5.3006193422264687,2.2883364242411162,-0,-0,0.00032926245210873617,-0.033779334291185847,0.02416525435123271
M4,rev01_learned_mean_tail_full24,REV01-L048-013,SCALED-96-080,kolkata_ssp585_future_extreme,late_century_hot_extreme,Kolkata,ssp585,learned_mean_tail,learned p90-zone aggregation minus learned building-mean aggregation,16704,1523,9.1175766283524897,2205,13.200431034482758,542.92918199265841,15.091082683933564,16.77470710131729,11.432388141917158,-0,-0,0.00014966475095690157,-0.15575610632184222,0.082637850600803489
M4,rev01_learned_mean_tail_full24,REV01-L048-014,SCALED-96-072,kolkata_ssp245_future_extreme,late_century_hot_extreme,Kolkata,ssp245,learned_mean_tail,learned p90-zone aggregation minus learned building-mean aggregation,16704,787,4.711446360153257,1068,6.3936781609195403,452.28456661431119,11.864140234696606,13.840359150547101,9.3343343856085994,-0,-0,0.00077825670497944088,-0.064131345785440885,0.074295437982927412
M4,rev01_learned_mean_tail_full24,REV01-L048-015,SCALED-96-064,houston_ssp585_future_extreme,late_century_hot_extreme,Houston,ssp585,learned_mean_tail,learned p90-zone aggregation minus learned building-mean aggregation,16704,577,3.4542624521072796,779,4.663553639846743,84.251620243419893,-8.865834756114964,1.4886581095445308,0.12270439501014607,-0,-0,0.00050886015325701806,-0.031803759578544089,0.015271846395927782
M4,rev01_learned_mean_tail_full24,REV01-L048-016,SCALED-96-056,houston_ssp245_future_extreme,late_century_hot_extreme,Houston,ssp245,learned_mean_tail,learned p90-zone aggregation minus learned building-mean aggregation,16704,931,5.5735153256704981,1232,7.3754789272030647,338.57631219283212,-72.875021144360289,6.7529754823365238,0.028643212590765188,-0,-0,0.0037565852490430984,-0.062919061302682877,0.0638782067644178
M4,rev01_learned_mean_tail_full24,REV01-L048-017,SCALED-96-048,guangzhou_ssp585_future_extreme,late_century_hot_extreme,Guangzhou,ssp585,learned_mean_tail,learned p90-zone aggregation minus learned building-mean aggregation,16704,1590,9.5186781609195403,2284,13.673371647509578,238.42067747807596,-4.6465889655755745,13.179735967718898,5.9831831809777896,-0,-0,0.0007782567049829936,-0.1482878352490431,0.038994086818024271
M4,rev01_learned_mean_tail_full24,REV01-L048-018,SCALED-96-032,beijing_ssp585_future_extreme,late_century_hot_extreme,Beijing,ssp585,learned_mean_tail,learned p90-zone aggregation minus learned building-mean aggregation,16704,3136,18.773946360153257,4714,28.220785440613028,-449.15636950405315,-260.62479360933958,0.18855439983872202,0.00059728508460921148,3.2155212890591685,-0,0.13794661481718506,-0.41478213313895651,-0.086772070288726411
M4,rev01_learned_mean_tail_full24,REV01-L048-019,SCALED-96-024,beijing_ssp245_future_extreme,late_century_hot_extreme,Beijing,ssp245,learned_mean_tail,learned p90-zone aggregation minus learned building-mean aggregation,16704,3231,19.342672413793103,4968,29.741379310344829,-1082.6179546081112,-225.09459441707804,0.39640236634363646,0.00099783503225125969,2.6462897685041593,0.07536539192496905,0.12414971347969583,-0.44118112074460925,-0.21783314176147062
M4,rev01_learned_mean_tail_full24,REV01-L048-020,SCALED-96-016,ahmedabad_ssp585_future_extreme,late_century_hot_extreme,Ahmedabad,ssp585,learned_mean_tail,learned p90-zone aggregation minus learned building-mean aggregation,16704,1600,9.5785440613026829,2083,12.47006704980843,4108.3750300237443,-1.6939362988177891,13.883752145346989,28.141805697486916,-0,-0,0.00023946360153104251,-0.12796336206896797,0.65788891471285726
M4,rev01_learned_mean_tail_full24,REV01-L048-021,SCALED-96-008,ahmedabad_ssp245_future_extreme,late_century_hot_extreme,Ahmedabad,ssp245,learned_mean_tail,learned p90-zone aggregation minus learned building-mean aggregation,16704,1186,7.1000957854406126,1519,9.0936302681992345,3923.016597524751,-47.832655718444585,-22.502424822278499,3.0991296947092337,-0,-0,0.0002095306513396622,-0.098210009578544089,0.65346426024292814
M4,rev01_learned_mean_tail_full24,REV01-L048-022,SCALED-96-088,phoenix_ssp245_future_extreme,late_century_hot_extreme,Phoenix,ssp245,learned_mean_tail,learned p90-zone aggregation minus learned building-mean aggregation,16704,1194,7.1479885057471266,1596,9.5545977011494259,1231.2103374693543,-71.301936407042376,-0.7623199033275796,9.5956726720893357,-0,-0,0.0026939655172419918,-0.080759099616859231,0.22561146239217886
M4,rev01_learned_mean_tail_full24,REV01-L048-023,SCALED-96-040,guangzhou_ssp245_future_extreme,late_century_hot_extreme,Guangzhou,ssp245,learned_mean_tail,learned p90-zone aggregation minus learned building-mean aggregation,16704,519,3.1070402298850577,699,4.1846264367816088,14.278143304749392,-14.541332963229252,1.7426651487180607,0.94637275932699083,-0,-0,0.0017660440613020967,-0.032821479885058125,0.0025474631776488256
M4,rev01_learned_mean_tail_full24,REV01-L048-024,SCALED-96-096,phoenix_ssp585_future_extreme,late_century_hot_extreme,Phoenix,ssp585,learned_mean_tail,learned p90-zone aggregation minus learned building-mean aggregation,16704,691,4.1367337164750957,904,5.411877394636015,469.38693563861307,0.11886385603520466,6.1907798629890749,5.7738284879474122,-0,-0,0.00053879310344839837,-0.054463002873564648,0.082737598236125004
M5,rev01_p90_signal_a000_full24,REV01-L048-025,SCALED-96-004,ahmedabad_ssp245_present_typical,present_typical,Ahmedabad,ssp245,neutral_always_relax_null,learned p90 signal minus neutral always-relax p90 structural null,16704,1075,6.4355842911877392,1366,8.1776819923371651,3582.8204991262173,-27.434762136826066,-7.6600768072605661,14.159945763968494,-0,-0,5.9865900382760628e-05,-0.087628711685823646,0.62406703029668753
M5,rev01_p90_signal_a000_full24,REV01-L048-026,SCALED-96-084,phoenix_ssp245_present_typical,present_typical,Phoenix,ssp245,neutral_always_relax_null,learned p90 signal minus neutral always-relax p90 structural null,16704,2074,12.416187739463602,2482,14.858716475095786,2695.0226947474293,-322.0544694996679,-107.52014776915041,-3.6288114978053549,-0,-0,0.0049838362068967967,-0.17688876915708818,0.53676900958942142
M5,rev01_p90_signal_a000_full24,REV01-L048-027,SCALED-96-076,kolkata_ssp585_present_typical,present_typical,Kolkata,ssp585,neutral_always_relax_null,learned p90 signal minus neutral always-relax p90 structural null,16704,199,1.1913314176245211,264,1.5804597701149425,93.322513623745181,4.371073153870384,4.6993832225865617,1.6626280344729878,-0,-0,0.00029932950191735586,-0.010880627394634246,0.016970316261191006
M5,rev01_p90_signal_a000_full24,REV01-L048-028,SCALED-96-068,kolkata_ssp245_present_typical,present_typical,Kolkata,ssp245,neutral_always_relax_null,learned p90 signal minus neutral always-relax p90 structural null,16704,385,2.3048371647509578,501,2.9992816091954024,288.25374859280419,13.374365071203101,13.146598149876809,4.3396825886365775,-0,-0,0.00035919540230011648,-0.025622605363984974,0.050759856487070307
M5,rev01_p90_signal_a000_full24,REV01-L048-029,SCALED-96-060,houston_ssp585_present_typical,present_typical,Houston,ssp585,neutral_always_relax_null,learned p90 signal minus neutral always-relax p90 structural null,16704,1112,6.657088122605364,1338,8.0100574712643677,-294.70545809553005,-91.871995004134078,1.654386031680815,0.19133235995515463,1.0344431365110509,-0,0.0021701388888892836,-0.087389248084292603,-0.057343970049647308
M5,rev01_p90_signal_a000_full24,REV01-L048-030,SCALED-96-052,houston_ssp245_present_typical,present_typical,Houston,ssp245,neutral_always_relax_null,learned p90 signal minus neutral always-relax p90 structural null,16704,427,2.5562739463601534,565,3.3824233716475094,191.26867736270651,-26.093413258059627,5.1970052008423409,1.4396554178857919,-0,-0,0.0026490660919549214,-0.028645833333332149,0.038007229727867263
M5,rev01_p90_signal_a000_full24,REV01-L048-031,SCALED-96-092,phoenix_ssp585_present_typical,present_typical,Phoenix,ssp585,neutral_always_relax_null,learned p90 signal minus neutral always-relax p90 structural null,16704,1911,11.44037356321839,2365,14.158285440613026,2393.7737176151713,-244.60359120790963,-11.933078090157551,5.4162470256160589,-0,-0,0.003591954022986954,-0.12694564176245038,0.46897393978748081
M5,rev01_p90_signal_a000_full24,REV01-L048-032,SCALED-96-036,guangzhou_ssp245_present_typical,present_typical,Guangzhou,ssp245,neutral_always_relax_null,learned p90 signal minus neutral always-relax p90 structural null,16704,161,0.96384099616858232,216,1.2931034482758621,83.995395256904885,1.5594907024151325,2.5114286575309279,1.383350624164315,-0,-0,0.00077825670497944088,-0.0081866618773958066,0.016203767312276966
M5,rev01_p90_signal_a000_full24,REV01-L048-033,SCALED-96-028,beijing_ssp585_present_typical,present_typical,Beijing,ssp585,neutral_always_relax_null,learned p90 signal minus neutral always-relax p90 structural null,16704,6019,36.033285440613028,5450,32.626915708812263,43.047267585934605,-648.53973975487997,-0.1262854268077156,-0,15.67491982543666,2.9660032284022755,0.17841759678047708,-0.7445912525571643,0.0088969141471331656
M5,rev01_p90_signal_a000_full24,REV01-L048-034,SCALED-96-020,beijing_ssp245_present_typical,present_typical,Beijing,ssp245,neutral_always_relax_null,learned p90 signal minus neutral always-relax p90 structural null,16704,5728,34.291187739463602,5399,32.321599616858236,-7.0517535945400596,-633.94054932814606,-8.7151654781791876e-09,-0,14.504954600561902,3.5270842865362297,0.10913181304931641,-0.66500907474094006,-0.0014777787032356788
M5,rev01_p90_signal_a000_full24,REV01-L048-035,SCALED-96-012,ahmedabad_ssp585_present_typical,present_typical,Ahmedabad,ssp585,neutral_always_relax_null,learned p90 signal minus neutral always-relax p90 structural null,16704,966,5.7830459770114944,1227,7.3455459770114944,2545.3384312709095,-15.385149160059882,1.8065273068600618,8.1755151804486559,-0,-0,0.00017959770114828189,-0.07282686781609371,0.44722774403756954
M5,rev01_p90_signal_a000_full24,REV01-L048-036,SCALED-96-044,guangzhou_ssp585_present_typical,present_typical,Guangzhou,ssp585,neutral_always_relax_null,learned p90 signal minus neutral always-relax p90 structural null,16704,549,3.2866379310344827,698,4.1786398467432946,111.80216563941212,-25.790576466928542,5.3006193968153639,2.288336457579053,-0,-0,0.00032926245210873617,-0.034797054597699884,0.021549024776019408
M5,rev01_p90_signal_a000_full24,REV01-L048-037,SCALED-96-080,kolkata_ssp585_future_extreme,late_century_hot_extreme,Kolkata,ssp585,neutral_always_relax_null,learned p90 signal minus neutral always-relax p90 structural null,16704,2029,12.146791187739463,2369,14.182231800766283,542.94885325036012,15.108093963330248,16.790548348002631,11.446277091777461,-0,-0,0.00014966475095690157,-0.19621048850574851,0.082640844712206965
M5,rev01_p90_signal_a000_full24,REV01-L048-038,SCALED-96-072,kolkata_ssp245_future_extreme,late_century_hot_extreme,Kolkata,ssp245,neutral_always_relax_null,learned p90 signal minus neutral always-relax p90 structural null,16704,930,5.5675287356321839,1078,6.453544061302682,452.31719993508887,11.89168661943404,13.865386909921654,9.3532995877671397,-0,-0,0.00077825670497944088,-0.078738625478926849,0.074300798561286657
M5,rev01_p90_signal_a000_full24,REV01-L048-039,SCALED-96-064,houston_ssp585_future_extreme,late_century_hot_extreme,Houston,ssp585,neutral_always_relax_null,learned p90 signal minus neutral always-relax p90 structural null,16704,586,3.5081417624521074,787,4.711446360153257,84.251620243419893,-8.865834756114964,1.4886581095445308,0.12270439501014607,-0,-0,0.00050886015325701806,-0.032103089080461444,0.015271846395927782
M5,rev01_p90_signal_a000_full24,REV01-L048-040,SCALED-96-056,houston_ssp245_future_extreme,late_century_hot_extreme,Houston,ssp245,neutral_always_relax_null,learned p90 signal minus neutral always-relax p90 structural null,16704,1014,6.070402298850575,1297,7.7646072796934869,190.53784430108499,-93.635179480177612,6.7280997389992763,0.028643212533395968,-0,-0,0.0037565852490430984,-0.072377873563219453,0.035948220168985662
M5,rev01_p90_signal_a000_full24,REV01-L048-041,SCALED-96-048,guangzhou_ssp585_future_extreme,late_century_hot_extreme,Guangzhou,ssp585,neutral_always_relax_null,learned p90 signal minus neutral always-relax p90 structural null,16704,2112,12.64367816091954,2485,14.876676245210728,238.34924941579811,-5.8026321883062337,13.406655627264172,5.9375238931831973,-0,-0,0.00089798850574851485,-0.19969767720306564,0.038982404643092272
M5,rev01_p90_signal_a000_full24,REV01-L048-042,SCALED-96-032,beijing_ssp585_future_extreme,late_century_hot_extreme,Beijing,ssp585,neutral_always_relax_null,learned p90 signal minus neutral always-relax p90 structural null,16704,5502,32.9382183908046,4984,29.837164750957854,924.37292723043356,-710.28038662425115,0.18855442546760059,0.00059731830859277579,6.585198190200618,-0,0.13794661481718506,-0.69155715708531673,0.17857868230433979
M5,rev01_p90_signal_a000_full24,REV01-L048-043,SCALED-96-024,beijing_ssp245_future_extreme,late_century_hot_extreme,Beijing,ssp245,neutral_always_relax_null,learned p90 signal minus neutral always-relax p90 structural null,16704,6334,37.919061302681989,5374,32.171934865900383,748.40904035646236,-817.61542712026312,0.39640257594908235,0.00099785304317379087,5.1305857994750079,0.11901214115024628,0.12414971347969583,-0.8151783669131909,0.1505870948191958
M5,rev01_p90_signal_a000_full24,REV01-L048-044,SCALED-96-016,ahmedabad_ssp585_future_extreme,late_century_hot_extreme,Ahmedabad,ssp585,neutral_always_relax_null,learned p90 signal minus neutral always-relax p90 structural null,16704,1700,10.177203065134099,2110,12.631704980842912,4108.571792410221,-1.6717269897580991,13.904881509367897,28.153140170555673,-0,-0,0.00023946360153104251,-0.13713781130268288,0.65792042298363329
M5,rev01_p90_signal_a000_full24,REV01-L048-045,SCALED-96-008,ahmedabad_ssp245_future_extreme,late_century_hot_extreme,Ahmedabad,ssp245,neutral_always_relax_null,learned p90 signal minus neutral always-relax p90 structural null,16704,1194,7.1479885057471266,1523,9.1175766283524897,3923.1294108898146,-47.822388656171825,-22.49340655838796,3.2237158135592949,-0,-0,0.0002095306513396622,-0.098599137931035585,0.65348305177753274
M5,rev01_p90_signal_a000_full24,REV01-L048-046,SCALED-96-088,phoenix_ssp245_future_extreme,late_century_hot_extreme,Phoenix,ssp245,neutral_always_relax_null,learned p90 signal minus neutral always-relax p90 structural null,16704,1446,8.6566091954022983,1813,10.853687739463602,1650.8362294331891,-107.35583701806718,-3.4375661586839215,9.7405695067558895,-0,-0,0.0026939655172419918,-0.10313397988505812,0.30250523777922939
M5,rev01_p90_signal_a000_full24,REV01-L048-047,SCALED-96-040,guangzhou_ssp245_future_extreme,late_century_hot_extreme,Guangzhou,ssp245,neutral_always_relax_null,learned p90 signal minus neutral always-relax p90 structural null,16704,536,3.2088122605363987,714,4.2744252873563218,12.30322257289663,-17.78272088605263,1.7426650742600032,0.94637275872700855,-0,-0,0.0017660440613020967,-0.033988864942529062,0.0021951037891913159
M5,rev01_p90_signal_a000_full24,REV01-L048-048,SCALED-96-096,phoenix_ssp585_future_extreme,late_century_hot_extreme,Phoenix,ssp585,neutral_always_relax_null,learned p90 signal minus neutral always-relax p90 structural null,16704,787,4.711446360153257,948,5.6752873563218387,469.39432830514852,0.12064415928580274,6.1925307792835156,5.7747520461429076,-0,-0,0.00053879310344839837,-0.060659123563219453,0.082738901321974354
