experiment,variant_id,revision_strategy,accepted_comparator_strategy,sampling_frame,aggregation,n_matched_cells,interpretation_scope,accepted_mean_facility_electricity_kwh_delivered,revision_mean_facility_electricity_kwh_delivered,mean_delta_facility_electricity_kwh_delivered,median_delta_facility_electricity_kwh_delivered,min_delta_facility_electricity_kwh_delivered,max_delta_facility_electricity_kwh_delivered,accepted_mean_facility_natural_gas_including_service_water_kwh_delivered,revision_mean_facility_natural_gas_including_service_water_kwh_delivered,mean_delta_facility_natural_gas_including_service_water_kwh_delivered,median_delta_facility_natural_gas_including_service_water_kwh_delivered,min_delta_facility_natural_gas_including_service_water_kwh_delivered,max_delta_facility_natural_gas_including_service_water_kwh_delivered,accepted_mean_total_delivered_site_electricity_plus_facility_gas_kwh,revision_mean_total_delivered_site_electricity_plus_facility_gas_kwh,mean_delta_total_delivered_site_electricity_plus_facility_gas_kwh,median_delta_total_delivered_site_electricity_plus_facility_gas_kwh,min_delta_total_delivered_site_electricity_plus_facility_gas_kwh,max_delta_total_delivered_site_electricity_plus_facility_gas_kwh,revision_lower_count_total_delivered_site_electricity_plus_facility_gas_kwh,equal_within_1e_9_count_total_delivered_site_electricity_plus_facility_gas_kwh,revision_higher_count_total_delivered_site_electricity_plus_facility_gas_kwh,accepted_mean_occupied_worst_zone_degree_hours_above_26c,revision_mean_occupied_worst_zone_degree_hours_above_26c,mean_delta_occupied_worst_zone_degree_hours_above_26c,median_delta_occupied_worst_zone_degree_hours_above_26c,min_delta_occupied_worst_zone_degree_hours_above_26c,max_delta_occupied_worst_zone_degree_hours_above_26c,revision_lower_count_occupied_worst_zone_degree_hours_above_26c,equal_within_1e_9_count_occupied_worst_zone_degree_hours_above_26c,revision_higher_count_occupied_worst_zone_degree_hours_above_26c,accepted_mean_occupied_worst_zone_degree_hours_above_28c,revision_mean_occupied_worst_zone_degree_hours_above_28c,mean_delta_occupied_worst_zone_degree_hours_above_28c,median_delta_occupied_worst_zone_degree_hours_above_28c,min_delta_occupied_worst_zone_degree_hours_above_28c,max_delta_occupied_worst_zone_degree_hours_above_28c,revision_lower_count_occupied_worst_zone_degree_hours_above_28c,equal_within_1e_9_count_occupied_worst_zone_degree_hours_above_28c,revision_higher_count_occupied_worst_zone_degree_hours_above_28c,accepted_mean_occupied_worst_zone_degree_hours_above_30c,revision_mean_occupied_worst_zone_degree_hours_above_30c,mean_delta_occupied_worst_zone_degree_hours_above_30c,median_delta_occupied_worst_zone_degree_hours_above_30c,min_delta_occupied_worst_zone_degree_hours_above_30c,max_delta_occupied_worst_zone_degree_hours_above_30c,revision_lower_count_occupied_worst_zone_degree_hours_above_30c,equal_within_1e_9_count_occupied_worst_zone_degree_hours_above_30c,revision_higher_count_occupied_worst_zone_degree_hours_above_30c,accepted_mean_occupied_worst_zone_degree_hours_below_18c,revision_mean_occupied_worst_zone_degree_hours_below_18c,mean_delta_occupied_worst_zone_degree_hours_below_18c,median_delta_occupied_worst_zone_degree_hours_below_18c,min_delta_occupied_worst_zone_degree_hours_below_18c,max_delta_occupied_worst_zone_degree_hours_below_18c,revision_lower_count_occupied_worst_zone_degree_hours_below_18c,equal_within_1e_9_count_occupied_worst_zone_degree_hours_below_18c,revision_higher_count_occupied_worst_zone_degree_hours_below_18c,accepted_mean_occupied_worst_zone_degree_hours_below_16c,revision_mean_occupied_worst_zone_degree_hours_below_16c,mean_delta_occupied_worst_zone_degree_hours_below_16c,median_delta_occupied_worst_zone_degree_hours_below_16c,min_delta_occupied_worst_zone_degree_hours_below_16c,max_delta_occupied_worst_zone_degree_hours_below_16c,revision_lower_count_occupied_worst_zone_degree_hours_below_16c,equal_within_1e_9_count_occupied_worst_zone_degree_hours_below_16c,revision_higher_count_occupied_worst_zone_degree_hours_below_16c,accepted_mean_occupied_mean_heating_setpoint_c,revision_mean_occupied_mean_heating_setpoint_c,mean_delta_occupied_mean_heating_setpoint_c,median_delta_occupied_mean_heating_setpoint_c,min_delta_occupied_mean_heating_setpoint_c,max_delta_occupied_mean_heating_setpoint_c,accepted_mean_occupied_mean_cooling_setpoint_c,revision_mean_occupied_mean_cooling_setpoint_c,mean_delta_occupied_mean_cooling_setpoint_c,median_delta_occupied_mean_cooling_setpoint_c,min_delta_occupied_mean_cooling_setpoint_c,max_delta_occupied_mean_cooling_setpoint_c,accepted_mean_branch_relax_count,revision_mean_branch_relax_count,mean_delta_branch_relax_count,median_delta_branch_relax_count,min_delta_branch_relax_count,max_delta_branch_relax_count,accepted_mean_branch_warm_protection_count,revision_mean_branch_warm_protection_count,mean_delta_branch_warm_protection_count,median_delta_branch_warm_protection_count,min_delta_branch_warm_protection_count,max_delta_branch_warm_protection_count,accepted_mean_branch_cold_protection_count,revision_mean_branch_cold_protection_count,mean_delta_branch_cold_protection_count,median_delta_branch_cold_protection_count,min_delta_branch_cold_protection_count,max_delta_branch_cold_protection_count,accepted_mean_branch_risk_hold_count,revision_mean_branch_risk_hold_count,mean_delta_branch_risk_hold_count,median_delta_branch_risk_hold_count,min_delta_branch_risk_hold_count,max_delta_branch_risk_hold_count,accepted_mean_outcome_applied_count,revision_mean_outcome_applied_count,mean_delta_outcome_applied_count,median_delta_outcome_applied_count,min_delta_outcome_applied_count,max_delta_outcome_applied_count,accepted_mean_outcome_dwell_blocked_count,revision_mean_outcome_dwell_blocked_count,mean_delta_outcome_dwell_blocked_count,median_delta_outcome_dwell_blocked_count,min_delta_outcome_dwell_blocked_count,max_delta_outcome_dwell_blocked_count,accepted_mean_outcome_bound_saturated_count,revision_mean_outcome_bound_saturated_count,mean_delta_outcome_bound_saturated_count,median_delta_outcome_bound_saturated_count,min_delta_outcome_bound_saturated_count,max_delta_outcome_bound_saturated_count,accepted_mean_outcome_hold_count,revision_mean_outcome_hold_count,mean_delta_outcome_hold_count,median_delta_outcome_hold_count,min_delta_outcome_hold_count,max_delta_outcome_hold_count,accepted_mean_setpoint_moved_count,revision_mean_setpoint_moved_count,mean_delta_setpoint_moved_count,median_delta_setpoint_moved_count,min_delta_setpoint_moved_count,max_delta_setpoint_moved_count,accepted_mean_hold_guard_count,revision_mean_hold_guard_count,mean_delta_hold_guard_count,median_delta_hold_guard_count,min_delta_hold_guard_count,max_delta_hold_guard_count,accepted_mean_adaptive_running_mean_outside_10_to_33p5c_rows_occ,revision_mean_adaptive_running_mean_outside_10_to_33p5c_rows_occ,mean_delta_adaptive_running_mean_outside_10_to_33p5c_rows_occ,median_delta_adaptive_running_mean_outside_10_to_33p5c_rows_occ,min_delta_adaptive_running_mean_outside_10_to_33p5c_rows_occ,max_delta_adaptive_running_mean_outside_10_to_33p5c_rows_occ,accepted_mean_adaptive_running_mean_outside_10_to_33p5c_pct_occ,revision_mean_adaptive_running_mean_outside_10_to_33p5c_pct_occ,mean_delta_adaptive_running_mean_outside_10_to_33p5c_pct_occ,median_delta_adaptive_running_mean_outside_10_to_33p5c_pct_occ,min_delta_adaptive_running_mean_outside_10_to_33p5c_pct_occ,max_delta_adaptive_running_mean_outside_10_to_33p5c_pct_occ,accepted_mean_adaptive_running_mean_clamped_rows_occ,revision_mean_adaptive_running_mean_clamped_rows_occ,mean_delta_adaptive_running_mean_clamped_rows_occ,median_delta_adaptive_running_mean_clamped_rows_occ,min_delta_adaptive_running_mean_clamped_rows_occ,max_delta_adaptive_running_mean_clamped_rows_occ,accepted_mean_adaptive_running_mean_clamped_pct_occ,revision_mean_adaptive_running_mean_clamped_pct_occ,mean_delta_adaptive_running_mean_clamped_pct_occ,median_delta_adaptive_running_mean_clamped_pct_occ,min_delta_adaptive_running_mean_clamped_pct_occ,max_delta_adaptive_running_mean_clamped_pct_occ,mean_delta_total_delivered_site_energy_pct_of_accepted,min_delta_total_delivered_site_energy_pct_of_accepted,max_delta_total_delivered_site_energy_pct_of_accepted
C1,rev01_adaptive_rm_clamp_10_33p5,paperb_adaptive_band_clamped_relax,paperb_adaptive_band_relax,full_24_anchor_stress_test_grid,all_stress_test_cells,24,descriptive matched stress-test cells; present-typical and late-century-hot-extreme strata use different year-selection rules,514327.87443584367,513403.87822314427,-923.9962126993172,-6.1072105428611394,-7030.3242980895448,0,35600.857053351909,36687.044279628812,1086.1872262769064,0,-0.34400227668447769,8110.4076402270002,549928.7314891956,550090.92250277323,162.19101357759064,0,-2425.6154034715146,2375.5410468276241,6,10,8,6267.4659339179125,6309.8337113266562,42.367777408742512,0.095780310406098579,-1.4566056588519132,249.60968959910224,1,10,13,1489.0446268706953,1489.8900704208856,0.84544355019037509,0,-0.51151884067166975,12.633797460148799,5,13,6,192.43843282055204,192.7137934668618,0.27536064630974527,0,-5.9560534282354638e-09,3.1257496564014104,3,15,6,8.7707136117632221,6.7381581568894431,-2.0325554548737812,0,-18.750781207637701,0,5,19,0,1.6013710101560834,1.2286105885003471,-0.37276042165573625,0,-4.917593528283529,0,3,21,0,20.096340215373619,20.056028407500012,-0.040311807873605034,0,-0.31161907897598695,0.0031878591954033197,25.657101609849992,25.752493949685515,0.09539233983552646,0.00037416187739403028,-0.0039212164750956902,0.71213271700102609,12087.833333333334,12656.041666666666,568.20833333333337,1,-226,3912,1127.5833333333333,599.875,-527.70833333333337,0,-4264,21,1.5416666666666667,0.54166666666666663,-1,0,-36,13,3487.0416666666665,3447.5416666666665,-39.5,0,-1476,339,1465.125,1427.9166666666667,-37.208333333333336,0,-459,31,683.75,381.375,-302.375,0,-2625,16,11068.083333333334,11447.166666666666,379.08333333333331,1,-227,2745,3487.0416666666665,3447.5416666666665,-39.5,0,-1476,339,1465.125,1427.9166666666667,-37.208333333333336,0,-459,31,3487.0416666666665,3447.5416666666665,-39.5,0,-1476,339,2656.7083333333335,2656.7083333333335,0,0,0,0,15.90462364303959,15.90462364303959,0,0,0,0,0,2656.7083333333335,2656.7083333333335,1892,0,7026,0,15.90462364303959,15.90462364303959,11.32662835249042,0,42.061781609195407,0.035778515648455238,-0.42383303845202758,0.47610403849275418
C1,rev01_adaptive_rm_clamp_10_33p5,paperb_adaptive_band_clamped_relax,paperb_adaptive_band_relax,full_24_anchor_stress_test_grid,late_century_hot_extreme,12,descriptive matched stress-test cells; present-typical and late-century-hot-extreme strata use different year-selection rules,540860.97999546223,540164.71971730643,-696.26027815584769,-14.888289601367433,-2607.9447817190085,0,32983.442492533221,33790.593157215357,807.15066468213411,0,-0.34400227668447769,4983.4858285466107,573844.42248799547,573955.31287452183,110.89038652628854,0,-2425.6154034715146,2375.5410468276241,3,5,4,7410.2104012361087,7454.2673799165832,44.056978680473776,0.010570412572633359,-1.4566056588519132,249.60968959910224,1,5,6,2146.1028933360622,2147.4817298935973,1.3788365575351424,0,-0.51151884067166975,12.633797460148799,3,5,4,337.73970418302792,338.25501926801269,0.51531508498473855,0,-5.9560534282354638e-09,3.1257496564014104,3,6,3,1.8208448136649273,0.85885559624840668,-0.96198921741652033,0,-6.3802498423269318,0,2,10,0,0.018065056973728844,0.0075170825380447654,-0.010547974435684079,0,-0.12657569322820894,0,1,11,0,20.085217055385293,20.054114048203896,-0.031103007181393732,0,-0.1339514429085078,0.0031878591954033197,25.69962079101748,25.772412559538505,0.072791768521032488,0.00062110871647469423,-0.0039212164750956902,0.4013544718424491,12497.666666666666,12967.583333333334,469.91666666666669,0.5,-226,2069,901.66666666666663,547.75,-353.91666666666669,0,-2272,21,3.0833333333333335,0,-3.0833333333333335,0,-36,0,3301.5833333333335,3188.6666666666665,-112.91666666666667,0,-1476,223,1407.8333333333333,1402.3333333333333,-5.5,0,-74,31,539.16666666666663,348.41666666666669,-190.75,0,-1140,16,11455.416666666666,11764.583333333334,309.16666666666669,0.5,-227,1523,3301.5833333333335,3188.6666666666665,-112.91666666666667,0,-1476,223,1407.8333333333333,1402.3333333333333,-5.5,0,-74,31,3301.5833333333335,3188.6666666666665,-112.91666666666667,0,-1476,223,3283.9166666666665,3283.9166666666665,0,0,0,0,19.659462803320562,19.659462803320562,0,0,0,0,0,3283.9166666666665,3283.9166666666665,3074.5,0,6910,0,19.659462803320562,19.659462803320562,18.405771072796934,0,41.367337164750957,0.027473432955876492,-0.42383303845202758,0.47610403849275418
C1,rev01_adaptive_rm_clamp_10_33p5,paperb_adaptive_band_clamped_relax,paperb_adaptive_band_relax,full_24_anchor_stress_test_grid,present_typical,12,descriptive matched stress-test cells; present-typical and late-century-hot-extreme strata use different year-selection rules,487794.76887622505,486643.03672898217,-1151.7321472427866,-4.3869721922965255,-7030.3242980895448,0,38218.271614170597,39583.495402042281,1365.2237878716785,0.055862672856164863,-0.068315771983179729,8110.4076402270002,526013.04049039562,526226.53213102452,213.49164062889272,0,-263.28133278258611,1435.0472234029439,3,5,4,5124.7214665997171,5165.4000427367282,40.678576137011248,1.3601565541939635,0,226.84811825733937,0,5,7,831.98636040532858,832.29841094817436,0.31205054284560768,0,-0.011858580078069281,3.7434625431639006,2,8,2,47.137161458076207,47.172567665710964,0.035406207634751961,0,0,0.42487448703016639,0,9,3,15.720582409861519,12.617460717530477,-3.1031216923310416,0,-18.750781207637701,0,3,9,0,3.184676963338438,2.4497040944626498,-0.7349728688757885,0,-4.917593528283529,0,2,10,0,20.107463375361945,20.057942766796131,-0.049520608565816339,-4.4899425287070471e-05,-0.31161907897598695,0,25.614582428682507,25.732575339832525,0.11799291115002042,0.00037416187739403028,0,0.71213271700102609,11678,12344.5,666.5,5.5,0,3912,1353.5,652,-701.5,0,-4264,0,0,1.0833333333333333,1.0833333333333333,0,0,13,3672.5,3706.4166666666665,33.916666666666664,0,-124,339,1522.4166666666667,1453.5,-68.916666666666671,0,-459,0,828.33333333333337,414.33333333333331,-414,0,-2625,0,10680.75,11129.75,449,5.5,0,2745,3672.5,3706.4166666666665,33.916666666666664,0,-124,339,1522.4166666666667,1453.5,-68.916666666666671,0,-459,0,3672.5,3706.4166666666665,33.916666666666664,0,-124,339,2029.5,2029.5,0,0,0,0,12.149784482758621,12.149784482758621,0,0,0,0,0,2029.5,2029.5,885.5,0,7026,0,12.149784482758621,12.149784482758621,5.3011254789272026,0,42.061781609195407,0.044083598341034001,-0.051119809175490256,0.29866161213437742
M1,rev01_p90_abs_pmv_relax,paperb_p90_abs_pmv_relax,paperb_pmv_relax,full_24_anchor_stress_test_grid,all_stress_test_cells,24,descriptive matched stress-test cells; present-typical and late-century-hot-extreme strata use different year-selection rules,514216.89835111186,521971.00142437004,7754.1030732582412,5803.4781192880473,1441.0124024451943,17365.671535076923,35521.64736642332,35594.340266130253,72.692899706935648,69.264227114492314,7.8361010081607674,193.65171577571527,549738.54571753519,557565.34169050038,7826.7959729651748,5858.6839891700074,1539.5907703273115,17381.225963790785,0,0,24,6306.7773844559915,5860.4042496166467,-446.37313483934463,-303.87137649715442,-1042.5699126819109,-160.1787756615804,24,0,0,1501.7841543590391,1430.8438646443847,-70.940289714654696,-29.844460836951043,-262.4807982711468,11.929428217401323,19,0,5,195.8552990190793,189.39592682577498,-6.4593721933042652,-1.3600054148894305,-40.127277523995645,14.955634168370239,14,2,8,4.3216901921659501,4.3235166757254611,0.0018264835595104278,0,0,0.043835483501982964,0,22,2,0.62160665119812952,0.62160665119812952,0,0,0,0,0,24,0,20.771142435865539,21.313422159140746,0.54227972327520979,0.39552296486850835,0.22171272628608563,0.987933907929051,25.477759794104902,25.038795305775196,-0.43896448832971097,-0.42119096248085874,-0.84519008475702151,-0.080754568750375455,10723.208333333334,6184.208333333333,-4539,-3821.5,-8017,-1168,1913.2916666666667,3903.125,1989.8333333333333,1859,43,4001,4067.5,6616.666666666667,2549.1666666666665,1770,932,4920,0,0,0,0,0,0,2796.4583333333335,3770.875,974.41666666666663,957.5,209,1858,4106,7391.208333333333,3285.2083333333335,2531.5,856,6417,9801.5416666666661,5541.916666666667,-4259.625,-3508,-8275,-1065,0,0,0,0,0,0,2796.4583333333335,3770.875,974.41666666666663,957.5,209,1858,0,0,0,0,0,0,2656.7083333333335,2656.7083333333335,0,0,0,0,15.90462364303959,15.90462364303959,0,0,0,0,0,0,0,0,0,0,0,0,0,0,0,0,1.3907202508447016,0.31531867021694748,2.8125590766207398
M1,rev01_p90_abs_pmv_relax,paperb_p90_abs_pmv_relax,paperb_pmv_relax,full_24_anchor_stress_test_grid,late_century_hot_extreme,12,descriptive matched stress-test cells; present-typical and late-century-hot-extreme strata use different year-selection rules,540859.30979624868,549591.75957351143,8732.449777262862,7983.592446531984,1551.5359967847471,17365.671535076923,32801.188949551906,32870.359452206445,69.170502654543569,65.239914784844586,7.8361010081607674,166.29526954476387,573660.49874580035,582462.11902571784,8801.6202799174152,8015.7227118827868,1625.5913966611261,17381.225963790785,0,0,12,7481.2379273151228,7034.6213311144757,-446.61659620064751,-350.97401946242553,-830.48255959163725,-160.1787756615804,12,0,0,2171.4862330860828,2089.2110783901717,-82.275154695911638,-39.628712961599945,-262.4807982711468,4.2365796148583286,10,0,2,343.27284728403652,333.79630999876696,-9.4765372852695862,-5.2293903523089114,-40.127277523995645,14.955634168370239,10,0,2,0.33356977104276231,0.33356977105460567,1.1843341122623011e-11,0,0,1.2875744914708775e-10,0,12,0,0,0,0,0,0,0,0,12,0,20.702357437114298,21.272682950490584,0.57032551337628179,0.45572578724316593,0.22605529050717266,0.96589989132351306,25.366107284946612,24.860699442763586,-0.50540784218302159,-0.54095697037561585,-0.84519008475702151,-0.1387973873094559,10244.833333333334,5399.166666666667,-4845.666666666667,-4386.5,-8017,-1738,2918.6666666666665,5254.75,2336.0833333333335,2483.5,513,4001,3540.5,6050.083333333333,2509.5833333333335,1812.5,932,4784,0,0,0,0,0,0,2946.1666666666665,3930.1666666666665,984,914,303,1858,4220.833333333333,7804.416666666667,3583.5833333333335,3376,1347,6417,9537,4969.416666666667,-4567.583333333333,-4365,-8275,-1695,0,0,0,0,0,0,2946.1666666666665,3930.1666666666665,984,914,303,1858,0,0,0,0,0,0,3283.9166666666665,3283.9166666666665,0,0,0,0,19.659462803320562,19.659462803320562,0,0,0,0,0,0,0,0,0,0,0,0,0,0,0,0,1.4977975190575339,0.32410075238418057,2.8125590766207398
M1,rev01_p90_abs_pmv_relax,paperb_p90_abs_pmv_relax,paperb_pmv_relax,full_24_anchor_stress_test_grid,present_typical,12,descriptive matched stress-test cells; present-typical and late-century-hot-extreme strata use different year-selection rules,487574.48690597521,494350.24327522871,6775.7563692536205,4666.9279547518236,1441.0124024451943,14805.480126644019,38242.105783294734,38318.321080054062,76.215296759327728,69.264227114492314,18.615166613730253,193.65171577571527,525816.59268926992,532668.56435528293,6851.9716660129343,4711.8039940322924,1539.5907703273115,14827.943282576045,0,0,12,5132.3168415968594,4686.1871681188177,-446.12967347804175,-297.91169874281104,-1042.5699126819109,-179.6197679128129,12,0,0,832.08207563199539,772.47665089859765,-59.60542473339774,-19.876103846704609,-243.41978262288239,11.929428217401323,9,0,3,48.437750754121986,44.995543652783034,-3.4422071013389455,0.05101601394434141,-29.631175248597373,7.1578905322027069,4,2,6,8.3098106132891374,8.3134635803963164,0.0036529671071775147,0,0,0.043835483501982964,0,10,2,1.243213302396259,1.243213302396259,0,0,0,0,0,12,0,20.839927434616772,21.354161367790908,0.5142339331741379,0.35580973058824661,0.22171272628608563,0.987933907929051,25.589412303263202,25.216891168786802,-0.37252113447640028,-0.34580188692757829,-0.69910971689041546,-0.080754568750375455,11201.583333333334,6969.25,-4232.333333333333,-3527.5,-7615,-1168,907.91666666666663,2551.5,1643.5833333333333,1631,43,3404,4594.5,7183.25,2588.75,1742.5,1060,4920,0,0,0,0,0,0,2646.75,3611.5833333333335,964.83333333333337,970,209,1786,3991.1666666666665,6978,2986.8333333333335,2377,856,5420,10066.083333333334,6114.416666666667,-3951.6666666666665,-3307,-7206,-1065,0,0,0,0,0,0,2646.75,3611.5833333333335,964.83333333333337,970,209,1786,0,0,0,0,0,0,2029.5,2029.5,0,0,0,0,12.149784482758621,12.149784482758621,0,0,0,0,0,0,0,0,0,0,0,0,0,0,0,0,1.2836429826318694,0.31531867021694748,2.59780487479865
M2,rev01_p90_bounds19_27,paperb_p90_tail_asym_relax,paperb_p90_tail_asym_relax,predeclared_4_anchor_sentinel_panel,all_stress_test_cells,4,descriptive matched stress-test cells; present-typical and late-century-hot-extreme strata use different year-selection rules,513529.88532913174,501174.15974852641,-12355.725580605329,-12347.81338894277,-17019.618443387211,-7707.6571011485648,43217.649163139889,43604.900806974314,387.25164383443007,206.08464350140275,-27.351101193555223,1164.18838952847,556747.5344922716,544779.06055550068,-11968.473936770883,-12202.378655374952,-16925.669724713545,-6543.4687116200803,4,0,0,6598.8949836430302,8717.4330057387997,2118.53802209577,1999.178710216951,1730.6237664564542,2745.1709014927237,0,0,4,1785.5480912159901,2321.1708202891782,535.62272907318777,569.58489426164601,381.43656559880958,621.88456217064959,0,0,4,339.23734118576562,370.53244256238918,31.295101376623592,9.2501780721326554,0.13910505213459956,106.54094431009446,0,0,4,25.000130288883803,24.560837669719056,-0.43929261916474616,0,-1.7571704766589846,0,1,3,0,5.7238266813535779,5.7241722686577887,0.00034558730421085926,0,0,0.001382349216843437,0,3,1,20.09173382927175,19.210951987810976,-0.88078184146077199,-0.92820581896551779,-0.9292983716475085,-0.73741735626454386,25.694060520194043,26.519550400218744,0.82548988002470214,0.88157776580459846,0.63900453925589673,0.89979944923371491,14358,13971.5,-386.5,-385,-498,-278,2219.75,2604.25,384.5,396.5,248,497,101.75,109,7.25,0,-1,30,24.5,19.25,-5.25,-0.5,-22,2,1895.25,2643.75,748.5,765,590,874,1445.75,1819.5,373.75,383,239,490,13338.5,12221.5,-1117,-1100,-1313,-955,24.5,19.25,-5.25,-0.5,-22,2,1895.25,2643.75,748.5,765,590,874,24.5,19.25,-5.25,-0.5,-22,2,4285,4285,0,0,0,0,25.652538314176248,25.652538314176248,0,0,0,0,0,0,0,0,0,0,0,0,0,0,0,0,-2.1160379274340899,-2.983443200555695,-1.3523896548257992
M2,rev01_p90_bounds19_27,paperb_p90_tail_asym_relax,paperb_p90_tail_asym_relax,predeclared_4_anchor_sentinel_panel,late_century_hot_extreme,2,descriptive matched stress-test cells; present-typical and late-century-hot-extreme strata use different year-selection rules,587079.61576562654,571484.51104322157,-15595.104722405027,-15595.104722405027,-17019.618443387211,-14170.591001422843,25079.474771497724,25112.773580237728,33.298808740004461,33.298808740004461,-27.351101193555223,93.948718673564144,612159.09053712431,596597.28462345933,-15561.805913664983,-15561.805913664983,-16925.669724713545,-14197.94210261642,2,0,0,9571.5988896178496,11489.650850035909,1918.0519604180586,1918.0519604180586,1730.6237664564542,2105.480154379663,0,0,2,3229.6636947973029,3836.2714881416168,606.6077933443139,606.6077933443139,591.33102451797822,621.88456217064959,0,0,2,672.30670319646106,727.38959919589195,55.082895999430832,55.082895999430832,3.6248476887672041,106.54094431009446,0,0,2,0,0,0,0,0,0,0,2,0,0,0,0,0,0,0,0,2,0,20.047219228927204,19.117950790229884,-0.92926843869731712,-0.92926843869731712,-0.9292983716475085,-0.92923850574712574,25.824690193965516,26.706267959770116,0.88157776580459846,0.88157776580459846,0.86633441091954211,0.8968211206896548,15296,14828,-468,-468,-498,-438,1360,1838.5,478.5,478.5,460,497,2,1.5,-0.5,-0.5,-1,0,46,36,-10,-10,-22,2,1736,2579.5,843.5,843.5,813,874,920,1303,383,383,329,437,14002,12785.5,-1216.5,-1216.5,-1313,-1120,46,36,-10,-10,-22,2,1736,2579.5,843.5,843.5,813,874,46,36,-10,-10,-22,2,4789,4789,0,0,0,0,28.669779693486589,28.669779693486589,0,0,0,0,0,0,0,0,0,0,0,0,0,0,0,0,-2.5722376760657379,-2.983443200555695,-2.1610321515757809
M2,rev01_p90_bounds19_27,paperb_p90_tail_asym_relax,paperb_p90_tail_asym_relax,predeclared_4_anchor_sentinel_panel,present_typical,2,descriptive matched stress-test cells; present-typical and late-century-hot-extreme strata use different year-selection rules,439980.15489263681,430863.80845383124,-9116.3464388056309,-9116.3464388056309,-10525.035776462697,-7707.6571011485648,61355.823554782051,62097.028033710907,741.20447892885568,741.20447892885568,318.22056832924136,1164.18838952847,501335.97844741889,492960.83648754214,-8375.1419598767825,-8375.1419598767825,-10206.815208133485,-6543.4687116200803,2,0,0,3626.1910776682098,5945.2151614416907,2319.0240837734814,2319.0240837734814,1892.877266054239,2745.1709014927237,0,0,2,341.43248763467767,806.07015243673936,464.63766480206164,464.63766480206164,381.43656559880958,547.83876400531369,0,0,2,6.1679791750701423,13.675285928886495,7.5073067538163532,7.5073067538163532,0.13910505213459956,14.875508455498107,0,0,2,50.000260577767605,49.121675339438113,-0.87858523832949231,-0.87858523832949231,-1.7571704766589846,0,1,1,0,11.447653362707156,11.448344537315577,0.00069117460842171852,0.00069117460842171852,0,0.001382349216843437,0,1,1,20.136248429616295,19.303953185392068,-0.83229524422422685,-0.83229524422422685,-0.92717313218390984,-0.73741735626454386,25.56343084642257,26.332832840667372,0.76940199424480582,0.76940199424480582,0.63900453925589673,0.89979944923371491,13420,13115,-305,-305,-332,-278,3079.5,3370,290.5,290.5,248,333,201.5,216.5,15,15,0,30,3,2.5,-0.5,-0.5,-1,0,2054.5,2708,653.5,653.5,590,717,1971.5,2336,364.5,364.5,239,490,12675,11657.5,-1017.5,-1017.5,-1080,-955,3,2.5,-0.5,-0.5,-1,0,2054.5,2708,653.5,653.5,590,717,3,2.5,-0.5,-0.5,-1,0,3781,3781,0,0,0,0,22.635296934865902,22.635296934865902,0,0,0,0,0,0,0,0,0,0,0,0,0,0,0,0,-1.6598381788024419,-1.9672867027790848,-1.3523896548257992
M2,rev01_p90_bounds21_25,paperb_p90_tail_asym_relax,paperb_p90_tail_asym_relax,predeclared_4_anchor_sentinel_panel,all_stress_test_cells,4,descriptive matched stress-test cells; present-typical and late-century-hot-extreme strata use different year-selection rules,513529.88532913174,527536.14277792978,14006.257448798046,13839.459445664135,10920.120459744125,17425.990444119787,43217.649163139889,42581.954817894948,-635.69434524493226,-138.94229437238937,-2286.8065948536387,21.913802618688351,556747.5344922716,570118.09759582474,13370.563103553097,13752.443805115036,8633.313864890486,17344.050939091831,0,0,4,6598.8949836430302,4912.98059468683,-1685.9143889561994,-1656.9257365767276,-2325.1379390080497,-1104.6681436632934,4,0,0,1785.5480912159901,1593.1555019128364,-192.39258930315381,-215.65522744036448,-331.08957320832087,-7.1703291235654287,4,0,0,339.23734118576562,318.26216086862269,-20.975180317142925,-12.072010310170125,-59.756700648231458,0,3,1,0,25.000130288883803,24.083658636748087,-0.91647165213571569,0,-3.6658866085428627,0,1,3,0,5.7238266813535779,5.2702756554640846,-0.45355102588949325,0,-1.814204103557973,0,1,3,0,20.09173382927175,21.022153908265505,0.93042007899375623,0.96064565373563049,0.83957124030452945,0.96081776819923448,25.694060520194043,24.828890841582727,-0.86516967861131633,-0.92098823635057414,-0.94390565134099802,-0.67479659040311901,14358,14505.25,147.25,171,66,181,2219.75,2077,-142.75,-164.5,-174,-68,101.75,98.75,-3,-0.5,-11,0,24.5,23,-1.5,-1,-6,2,1895.25,1225.25,-670,-664,-800,-552,1445.75,1176.75,-269,-263,-495,-55,13338.5,14279,940.5,990,605,1177,24.5,23,-1.5,-1,-6,2,1895.25,1225.25,-670,-664,-800,-552,24.5,23,-1.5,-1,-6,2,4285,4285,0,0,0,0,25.652538314176248,25.652538314176248,0,0,0,0,0,0,0,0,0,0,0,0,0,0,0,0,2.3793352570743549,1.7843142333680233,3.057190154713413
M2,rev01_p90_bounds21_25,paperb_p90_tail_asym_relax,paperb_p90_tail_asym_relax,predeclared_4_anchor_sentinel_panel,late_century_hot_extreme,2,descriptive matched stress-test cells; present-typical and late-century-hot-extreme strata use different year-selection rules,587079.61576562654,603497.48602275318,16417.870257126633,16417.870257126633,15409.750070133479,17425.990444119787,25079.474771497724,25049.461920293084,-30.012851204637627,-30.012851204637627,-81.939505027963605,21.913802618688351,612159.09053712431,628546.94794304622,16387.857405921968,16387.857405921968,15431.663872752106,17344.050939091831,0,0,2,9571.5988896178496,8145.1998888912231,-1426.3990007266261,-1426.3990007266261,-1748.1298577899588,-1104.6681436632934,2,0,0,3229.6636947973029,2983.8542572483584,-245.80943754894452,-245.80943754894452,-331.08957320832087,-160.52930188956816,2,0,0,672.30670319646106,634.66688324174095,-37.639819954720139,-37.639819954720139,-59.756700648231458,-15.522939261208819,2,0,0,0,0,0,0,0,0,0,2,0,0,0,0,0,0,0,0,2,0,20.047219228927204,21.007879849137929,0.96066062021072796,0.96066062021072796,0.96050347222222143,0.96081776819923448,25.824690193965516,24.903701957614942,-0.92098823635057414,-0.92098823635057414,-0.93990211925287426,-0.90207435344827402,15296,15468,172,172,163,181,1360,1193,-167,-167,-174,-160,2,1.5,-0.5,-0.5,-1,0,46,41.5,-4.5,-4.5,-6,-3,1736,1013.5,-722.5,-722.5,-800,-645,920,657,-263,-263,-368,-158,14002,14992,990,990,806,1174,46,41.5,-4.5,-4.5,-6,-3,1736,1013.5,-722.5,-722.5,-800,-645,46,41.5,-4.5,-4.5,-6,-3,4789,4789,0,0,0,0,28.669779693486589,28.669779693486589,0,0,0,0,0,0,0,0,0,0,0,0,0,0,0,0,2.7030019576038886,2.3488137604943642,3.057190154713413
M2,rev01_p90_bounds21_25,paperb_p90_tail_asym_relax,paperb_p90_tail_asym_relax,predeclared_4_anchor_sentinel_panel,present_typical,2,descriptive matched stress-test cells; present-typical and late-century-hot-extreme strata use different year-selection rules,439980.15489263681,451574.79953310627,11594.644640469458,11594.644640469458,10920.120459744125,12269.168821194791,61355.823554782051,60114.447715496819,-1241.3758392852269,-1241.3758392852269,-2286.8065948536387,-195.94508371681513,501335.97844741889,511689.24724860315,10353.268801184226,10353.268801184226,8633.313864890486,12073.223737477965,0,0,2,3626.1910776682098,1680.761300482437,-1945.4297771857728,-1945.4297771857728,-2325.1379390080497,-1565.7216153634961,2,0,0,341.43248763467767,202.45674657731456,-138.97574105736311,-138.97574105736311,-270.78115299116081,-7.1703291235654287,2,0,0,6.1679791750701423,1.8574384955044279,-4.3105406795657144,-4.3105406795657144,-8.6210813591314288,0,1,1,0,50.000260577767605,48.167317273496174,-1.8329433042714314,-1.8329433042714314,-3.6658866085428627,0,1,1,0,11.447653362707156,10.540551310928169,-0.90710205177898651,-0.90710205177898651,-1.814204103557973,0,1,1,0,20.136248429616295,21.036427967393077,0.9001795377767845,0.9001795377767845,0.83957124030452945,0.96078783524903955,25.56343084642257,24.754079725550511,-0.80935112087205852,-0.80935112087205852,-0.94390565134099802,-0.67479659040311901,13420,13542.5,122.5,122.5,66,179,3079.5,2961,-118.5,-118.5,-169,-68,201.5,196,-5.5,-5.5,-11,0,3,4.5,1.5,1.5,1,2,2054.5,1437,-617.5,-617.5,-683,-552,1971.5,1696.5,-275,-275,-495,-55,12675,13566,891,891,605,1177,3,4.5,1.5,1.5,1,2,2054.5,1437,-617.5,-617.5,-683,-552,3,4.5,1.5,1.5,1,2,3781,3781,0,0,0,0,22.635296934865902,22.635296934865902,0,0,0,0,0,0,0,0,0,0,0,0,0,0,0,0,2.0556685565448216,1.7843142333680233,2.3270228797216199
M2,rev01_p90_dtail005,paperb_p90_tail_asym_relax,paperb_p90_tail_asym_relax,predeclared_4_anchor_sentinel_panel,all_stress_test_cells,4,descriptive matched stress-test cells; present-typical and late-century-hot-extreme strata use different year-selection rules,513529.88532913174,513532.45118400344,2.5658548717183294,0.71046888941782527,0,8.842481708037667,43217.649163139889,43217.646492497515,-0.0026706423732321127,-6.9315989094320685e-05,-0.013679750147275627,0.0031358126325358171,556747.5344922716,556750.09767650091,2.5631842293223599,0.70355969833326526,0,8.8456175206229091,0,1,3,6598.8949836430302,6598.9227058437773,0.027722200748030446,0.011880264072715363,-0.024415834408500814,0.11154410925519187,1,1,2,1785.5480912159901,1785.5724835601882,0.024392344198020055,0.011088373158145259,-0.029140919722522085,0.10453355019831179,1,1,2,339.23734118576562,339.23716565949695,-0.00017552626866912391,0.0064872060276570664,-0.083325786958425851,0.069649269828435223,1,1,2,25.000130288883803,25.000130288883803,0,0,0,0,0,4,0,5.7238266813535779,5.7238266813535779,0,0,0,0,0,4,0,20.09173382927175,20.091718862796654,-1.4966475095690157e-05,0,-5.9865900382760628e-05,0,25.694060520194043,25.693877180874118,-0.0001833393199230926,-0.00021701388888928363,-0.00029932950191380314,0,14358,14358.5,0.5,0,0,2,2219.75,2224.75,5,5,0,10,101.75,102,0.25,0,0,1,24.5,18.75,-5.75,-5.5,-12,0,1895.25,1899.75,4.5,4,0,10,1445.75,1448.5,2.75,3,0,5,13338.5,13337,-1.5,-1.5,-3,0,24.5,18.75,-5.75,-5.5,-12,0,1895.25,1899.75,4.5,4,0,10,24.5,18.75,-5.75,-5.5,-12,0,4285,4285,0,0,0,0,25.652538314176248,25.652538314176248,0,0,0,0,0,0,0,0,0,0,0,0,0,0,0,0,0.0004041061514000514,0,0.0013463686303584437
M2,rev01_p90_dtail005,paperb_p90_tail_asym_relax,paperb_p90_tail_asym_relax,predeclared_4_anchor_sentinel_panel,late_century_hot_extreme,2,descriptive matched stress-test cells; present-typical and late-century-hot-extreme strata use different year-selection rules,587079.61576562654,587084.07891998673,4.4631543601863086,4.4631543601863086,0.083827012334950268,8.842481708037667,25079.474771497724,25079.469499528968,-0.0052719687573699048,-0.0052719687573699048,-0.013679750147275627,0.0031358126325358171,612159.09053712431,612163.54841951572,4.4578823914052919,4.4578823914052919,0.070147262187674642,8.8456175206229091,0,0,2,9571.5988896178496,9571.5985619647181,-0.00032765313153504394,-0.00032765313153504394,-0.024415834408500814,0.023760528145430726,1,0,1,3229.6636947973029,3229.6602127105998,-0.0034820867031157832,-0.0034820867031157832,-0.029140919722522085,0.022176746316290519,1,0,1,672.30670319646106,672.2715275090095,-0.035175687451555859,-0.035175687451555859,-0.083325786958425851,0.012974412055314133,1,0,1,0,0,0,0,0,0,0,2,0,0,0,0,0,0,0,0,2,0,20.047219228927204,20.047189295977013,-2.9932950191380314e-05,-2.9932950191380314e-05,-5.9865900382760628e-05,0,25.824690193965516,25.824420797413794,-0.00026939655172242283,-0.00026939655172242283,-0.00029932950191380314,-0.00023946360153104251,15296,15297,1,1,0,2,1360,1368.5,8.5,8.5,7,10,2,2.5,0.5,0.5,0,1,46,36,-10,-10,-12,-8,1736,1744,8,8,6,10,920,924.5,4.5,4.5,4,5,14002,13999.5,-2.5,-2.5,-3,-2,46,36,-10,-10,-12,-8,1736,1744,8,8,6,10,46,36,-10,-10,-12,-8,4789,4789,0,0,0,0,28.669779693486589,28.669779693486589,0,0,0,0,0,0,0,0,0,0,0,0,0,0,0,0,0.00067936665170756144,1.2364673056679145e-05,0.0013463686303584437
M2,rev01_p90_dtail005,paperb_p90_tail_asym_relax,paperb_p90_tail_asym_relax,predeclared_4_anchor_sentinel_panel,present_typical,2,descriptive matched stress-test cells; present-typical and late-century-hot-extreme strata use different year-selection rules,439980.15489263681,439980.82344802009,0.66855538325035013,0.66855538325035013,0,1.3371107665007003,61355.823554782051,61355.823485466062,-6.9315989094320685e-05,-6.9315989094320685e-05,-0.00013863197818864137,0,501335.97844741889,501336.6469334861,0.66848606723942794,0.66848606723942794,0,1.3369721344788559,0,1,1,3626.1910776682098,3626.2468497228374,0.055772054627595935,0.055772054627595935,0,0.11154410925519187,0,1,1,341.43248763467767,341.48475440977683,0.052266775099155893,0.052266775099155893,0,0.10453355019831179,0,1,1,6.1679791750701423,6.2028038099843599,0.034824634914217611,0.034824634914217611,0,0.069649269828435223,0,1,1,50.000260577767605,50.000260577767605,0,0,0,0,0,2,0,11.447653362707156,11.447653362707156,0,0,0,0,0,2,0,20.136248429616295,20.136248429616295,0,0,0,0,25.56343084642257,25.563333564334442,-9.7282088123762378e-05,-9.7282088123762378e-05,-0.00019456417624752476,0,13420,13420,0,0,0,0,3079.5,3081,1.5,1.5,0,3,201.5,201.5,0,0,0,0,3,1.5,-1.5,-1.5,-3,0,2054.5,2055.5,1,1,0,2,1971.5,1972.5,1,1,0,2,12675,12674.5,-0.5,-0.5,-1,0,3,1.5,-1.5,-1.5,-3,0,2054.5,2055.5,1,1,0,2,3,1.5,-1.5,-1.5,-3,0,3781,3781,0,0,0,0,22.635296934865902,22.635296934865902,0,0,0,0,0,0,0,0,0,0,0,0,0,0,0,0,0.00012884565109254136,0,0.00025769130218508273
M2,rev01_p90_dtail015,paperb_p90_tail_asym_relax,paperb_p90_tail_asym_relax,predeclared_4_anchor_sentinel_panel,all_stress_test_cells,4,descriptive matched stress-test cells; present-typical and late-century-hot-extreme strata use different year-selection rules,513529.88532913174,513532.21265074378,2.3273216120724101,-0.99356779377558269,-13.435721791931428,24.732143827772234,43217.649163139889,43218.388392235684,0.73922909579869156,0.038715893901098752,-0.00016129111827467568,2.8796458865108434,556747.5344922716,556750.60104297951,3.0665507078665541,-0.95547891085152514,-13.434629061142914,27.611789714312181,2,0,2,6598.8949836430302,6598.7381962254058,-0.15678741762303616,-0.07340871823089401,-0.53631747724830348,0.055985243217946845,2,0,2,1785.5480912159901,1785.3714198822199,-0.17667133377019795,-0.14327746514441486,-0.55279515994880057,0.13266475515683851,2,1,1,339.23734118576562,339.10590709044385,-0.13143409532174921,-0.056753681702186753,-0.42698830937172261,0.014759291489099269,2,1,1,25.000130288883803,24.964334887008139,-0.035795401875663657,0,-0.14318160750265463,0,1,3,0,5.7238266813535779,5.7166100354362106,-0.0072166459173672592,0,-0.028866583669469037,0,1,3,0,20.09173382927175,20.092336229894354,0.00060240062260596972,2.9932950191380314e-05,-0.00011973180076552126,0.0024694683908066395,25.694060520194043,25.69502585783772,0.00096533764367823238,0.00086057231800928946,0.00061362547892684915,0.0015265804597675015,14358,14355.75,-2.25,-0.5,-9,1,2219.75,2164.25,-55.5,-37,-142,-6,101.75,101.5,-0.25,-0.5,-3,3,24.5,82.5,58,38,8,148,1895.25,1882,-13.25,-14.5,-22,-2,1445.75,1410.75,-35,-28.5,-78,-5,13338.5,13328.75,-9.75,3,-55,10,24.5,82.5,58,38,8,148,1895.25,1882,-13.25,-14.5,-22,-2,24.5,82.5,58,38,8,148,4285,4285,0,0,0,0,25.652538314176248,25.652538314176248,0,0,0,0,0,0,0,0,0,0,0,0,0,0,0,0,0.00082172078450775559,-0.0020448502420836044,0.0057067436869604627
M2,rev01_p90_dtail015,paperb_p90_tail_asym_relax,paperb_p90_tail_asym_relax,predeclared_4_anchor_sentinel_panel,late_century_hot_extreme,2,descriptive matched stress-test cells; present-typical and late-century-hot-extreme strata use different year-selection rules,587079.61576562654,587073.10094591393,-6.5148197127273306,-6.5148197127273306,-13.435721791931428,0.40608236647676677,25079.474771497724,25079.475237217586,0.00046571986240451224,0.00046571986240451224,-0.00016129111827467568,0.0010927308430837002,612159.09053712431,612152.57618313143,-6.514353992883116,-6.514353992883116,-13.434629061142914,0.40592107537668198,1,0,1,9571.5988896178496,9571.3587235008345,-0.24016611701517832,-0.24016611701517832,-0.53631747724830348,0.055985243217946845,1,0,1,3229.6636947973029,3229.4536295949065,-0.21006520239598103,-0.21006520239598103,-0.55279515994880057,0.13266475515683851,1,0,1,672.30670319646106,672.1005886875198,-0.20611450894131167,-0.20611450894131167,-0.42698830937172261,0.014759291489099269,1,0,1,0,0,0,0,0,0,0,2,0,0,0,0,0,0,0,0,2,0,20.047219228927204,20.047189295977013,-2.9932950191380314e-05,-2.9932950191380314e-05,-0.00011973180076552126,5.9865900382760628e-05,25.824690193965516,25.825423551245208,0.00073335727969414677,0.00073335727969414677,0.00061362547892684915,0.00085308908046144438,15296,15296,0,0,-1,1,1360,1340,-20,-20,-34,-6,2,0,-2,-2,-3,-1,46,68,22,22,8,36,1736,1724,-12,-12,-22,-2,920,905.5,-14.5,-14.5,-24,-5,14002,14006.5,4.5,4.5,-1,10,46,68,22,22,8,36,1736,1724,-12,-12,-22,-2,46,68,22,22,8,36,4789,4789,0,0,0,0,28.669779693486589,28.669779693486589,0,0,0,0,0,0,0,0,0,0,0,0,0,0,0,0,-0.00098664980189662986,-0.0020448502420836044,7.1550638290344737e-05
M2,rev01_p90_dtail015,paperb_p90_tail_asym_relax,paperb_p90_tail_asym_relax,predeclared_4_anchor_sentinel_panel,present_typical,2,descriptive matched stress-test cells; present-typical and late-century-hot-extreme strata use different year-selection rules,439980.15489263681,439991.32435557374,11.169462936872151,11.169462936872151,-2.3932179540279321,24.732143827772234,61355.823554782051,61357.301547253781,1.4779924717349786,1.4779924717349786,0.076339056959113805,2.8796458865108434,501335.97844741889,501348.62590282748,12.647455408616224,12.647455408616224,-2.3168788970797323,27.611789714312181,1,0,1,3626.1910776682098,3626.1176689499789,-0.07340871823089401,-0.07340871823089401,-0.18461790470155393,0.037800468239765905,1,0,1,341.43248763467767,341.28921016953325,-0.14327746514441486,-0.14327746514441486,-0.28655493029066292,1.8332002582610585e-12,1,1,0,6.1679791750701423,6.1112254933679555,-0.056753681702186753,-0.056753681702186753,-0.11350736340437351,0,1,1,0,50.000260577767605,49.928669774016278,-0.071590803751327314,-0.071590803751327314,-0.14318160750265463,0,1,1,0,11.447653362707156,11.433220070872421,-0.014433291834734518,-0.014433291834734518,-0.028866583669469037,0,1,1,0,20.136248429616295,20.137483163811694,0.0012347341954033197,0.0012347341954033197,0,0.0024694683908066395,25.56343084642257,25.564628164430232,0.001197318007662318,0.001197318007662318,0.00086805555555713454,0.0015265804597675015,13420,13415.5,-4.5,-4.5,-9,0,3079.5,2988.5,-91,-91,-142,-40,201.5,203,1.5,1.5,0,3,3,97,94,94,40,148,2054.5,2040,-14.5,-14.5,-15,-14,1971.5,1916,-55.5,-55.5,-78,-33,12675,12651,-24,-24,-55,7,3,97,94,94,40,148,2054.5,2040,-14.5,-14.5,-15,-14,3,97,94,94,40,148,3781,3781,0,0,0,0,22.635296934865902,22.635296934865902,0,0,0,0,0,0,0,0,0,0,0,0,0,0,0,0,0.002630091370912141,-0.00044656094513618045,0.0057067436869604627
M2,rev01_p90_ptail015,paperb_p90_tail_asym_relax,paperb_p90_tail_asym_relax,predeclared_4_anchor_sentinel_panel,all_stress_test_cells,4,descriptive matched stress-test cells; present-typical and late-century-hot-extreme strata use different year-selection rules,513529.88532913174,517261.55957620381,3731.6742470720492,3160.0931281974772,1431.0461690397933,7175.464562853449,43217.649163139889,42428.973118122762,-788.67604501712322,-26.389641046213001,-3173.4029390352953,71.478041059228417,556747.5344922716,559690.53269432648,2942.9982020549214,3170.0066940394463,1429.9177963226102,4002.0616238181829,0,0,4,6598.8949836430302,6450.0886854889523,-148.80629815407747,-174.69680172046947,-208.95385596673714,-36.877733208633799,4,0,0,1785.5480912159901,1783.5123556769881,-2.0357355390019478,0.88965530003864046,-14.319543475607134,4.3972907195220614,2,0,2,339.23734118576562,343.38850392555594,4.1511627397903581,4.0445059956364986,0,8.5156389678884352,0,1,3,25.000130288883803,23.738509939249308,-1.2616203496344944,0,-5.0464813985379777,0,1,3,0,5.7238266813535779,5.0929920137821183,-0.63083466757145956,0,-2.5233386702858382,0,1,3,0,20.09173382927175,20.179964581668607,0.088230752396857959,0.0094443134877870705,0.0038912835249043098,0.33014309908695338,25.694060520194043,25.46323306807156,-0.23082745212247957,-0.19810936003352353,-0.36563275508953552,-0.1614583333333357,14358,12471.5,-1886.5,-1913.5,-2198,-1521,2219.75,3917.75,1698,1684,1432,1992,101.75,100.25,-1.5,-0.5,-6,1,24.5,214.5,190,148,82,382,1895.25,2461,565.75,615.5,2,1030,1445.75,2631.5,1185.75,1145.5,842,1610,13338.5,11397,-1941.5,-1824,-2606,-1512,24.5,214.5,190,148,82,382,1895.25,2461,565.75,615.5,2,1030,24.5,214.5,190,148,82,382,4285,4285,0,0,0,0,25.652538314176248,25.652538314176248,0,0,0,0,0,0,0,0,0,0,0,0,0,0,0,0,0.55166585325503725,0.21764410008363827,0.82713725342885014
M2,rev01_p90_ptail015,paperb_p90_tail_asym_relax,paperb_p90_tail_asym_relax,predeclared_4_anchor_sentinel_panel,late_century_hot_extreme,2,descriptive matched stress-test cells; present-typical and late-century-hot-extreme strata use different year-selection rules,587079.61576562654,589583.59947422054,2503.983708593878,2503.983708593878,1431.0461690397933,3576.9212481479626,25079.474771497724,25114.649605668761,35.174834171039038,35.174834171039038,-1.1283727171503415,71.478041059228417,612159.09053712431,614698.24907988915,2539.158542764897,2539.158542764897,1429.9177963226102,3648.3992892071838,0,0,2,9571.5988896178496,9456.2525822668285,-115.34630735101973,-115.34630735101973,-193.81488149340566,-36.877733208633799,2,0,0,3229.6636947973029,3224.7025684192604,-4.9611263780425361,-4.9611263780425361,-14.319543475607134,4.3972907195220614,1,0,1,672.30670319646106,679.39603484561599,7.0893316491549001,7.0893316491549001,5.663024330421365,8.5156389678884352,0,0,2,0,0,0,0,0,0,0,2,0,0,0,0,0,0,0,0,2,0,20.047219228927204,20.053191320192767,0.0059720912655656377,0.0059720912655656377,0.0038912835249043098,0.0080528990062269656,25.824690193965516,25.626580833931992,-0.19810936003352353,-0.19810936003352353,-0.22652882543103203,-0.16968989463601503,15296,13316.5,-1979.5,-1979.5,-2198,-1761,1360,3195,1835,1835,1678,1992,2,1.5,-0.5,-0.5,-2,1,46,191,145,145,82,208,1736,2545,809,809,588,1030,920,2025,1105,1105,842,1368,14002,11943,-2059,-2059,-2606,-1512,46,191,145,145,82,208,1736,2545,809,809,588,1030,46,191,145,145,82,208,4789,4789,0,0,0,0,28.669779693486589,28.669779693486589,0,0,0,0,0,0,0,0,0,0,0,0,0,0,0,0,0.43036891434120561,0.21764410008363827,0.64309372859877301
M2,rev01_p90_ptail015,paperb_p90_tail_asym_relax,paperb_p90_tail_asym_relax,predeclared_4_anchor_sentinel_panel,present_typical,2,descriptive matched stress-test cells; present-typical and late-century-hot-extreme strata use different year-selection rules,439980.15489263681,444939.51967818709,4959.3647855502204,4959.3647855502204,2743.2650082469918,7175.464562853449,61355.823554782051,59743.296630576762,-1612.5269242052855,-1612.5269242052855,-3173.4029390352953,-51.65090937527566,501335.97844741889,504682.81630876381,3346.8378613449458,3346.8378613449458,2691.6140988717088,4002.0616238181829,0,0,2,3626.1910776682098,3443.9247887110746,-182.2662889571352,-182.2662889571352,-208.95385596673714,-155.57872194753327,2,0,0,341.43248763467767,342.32214293471628,0.88965530003864046,0.88965530003864046,-0.51959983830380452,2.2989104383810854,1,0,1,6.1679791750701423,7.3809730054959584,1.2129938304258161,1.2129938304258161,0,2.4259876608516322,0,1,1,50.000260577767605,47.477019878498616,-2.5232406992689889,-2.5232406992689889,-5.0464813985379777,0,1,1,0,11.447653362707156,10.185984027564237,-1.2616693351429191,-1.2616693351429191,-2.5233386702858382,0,1,1,0,20.136248429616295,20.306737843144443,0.17048941352815028,0.17048941352815028,0.010835727969347175,0.33014309908695338,25.56343084642257,25.299885302211131,-0.26354554421143561,-0.26354554421143561,-0.36563275508953552,-0.1614583333333357,13420,11626.5,-1793.5,-1793.5,-2066,-1521,3079.5,4640.5,1561,1561,1432,1690,201.5,199,-2.5,-2.5,-6,1,3,238,235,235,88,382,2054.5,2377,322.5,322.5,2,643,1971.5,3238,1266.5,1266.5,923,1610,12675,10851,-1824,-1824,-1994,-1654,3,238,235,235,88,382,2054.5,2377,322.5,322.5,2,643,3,238,235,235,88,382,3781,3781,0,0,0,0,22.635296934865902,22.635296934865902,0,0,0,0,0,0,0,0,0,0,0,0,0,0,0,0,0.6729627921688689,0.51878833090888765,0.82713725342885014
M2,rev01_p90_ptail025,paperb_p90_tail_asym_relax,paperb_p90_tail_asym_relax,predeclared_4_anchor_sentinel_panel,all_stress_test_cells,4,descriptive matched stress-test cells; present-typical and late-century-hot-extreme strata use different year-selection rules,513529.88532913174,512845.10685617442,-684.77847295728861,-225.81253913248656,-2231.4559736599913,-56.032839904190041,43217.649163139889,43422.135070890829,204.48590775094544,24.289098022667531,-6.0367181790716131,775.40215313751833,556747.5344922716,556267.24192706519,-480.29256520632771,-228.83501217607409,-1456.0538205224439,-7.4464159507188015,4,0,0,6598.8949836430302,6609.4505818668913,10.55559822386158,5.3956295620041601,-3.4561459512497095,34.887279722687708,2,0,2,1785.5480912159901,1782.722099192096,-2.825992023894131,-2.6942156463568949,-5.9248097975064411,0.009272994643707122,3,0,1,339.23734118576562,337.19241810913422,-2.0449230766313704,-1.9030622189968511,-4.3735678685317794,0,3,1,0,25.000130288883803,25.52561159484625,0.52548130596244746,0,0,2.1019252238497899,0,3,1,5.7238266813535779,5.870365539162437,0.14653885780885911,0,0,0.58615543123543645,0,3,1,20.09173382927175,20.067231271458766,-0.02450255781297983,-0.00023946360153459523,-0.09738163929789323,-0.00014966475095690157,25.694060520194043,25.737497388174706,0.043436867980664928,0.034505208333333925,0.010296934865898777,0.094440120390093085,14358,14807.75,449.75,387.5,159,865,2219.75,1852.25,-367.5,-368.5,-580,-153,101.75,30.25,-71.5,-0.5,-285,0,24.5,13.75,-10.75,-8.5,-26,0,1895.25,1768.25,-127,-113.5,-206,-75,1445.75,1142.5,-303.25,-238.5,-625,-111,13338.5,13779.5,441,434.5,192,703,24.5,13.75,-10.75,-8.5,-26,0,1895.25,1768.25,-127,-113.5,-206,-75,24.5,13.75,-10.75,-8.5,-26,0,4285,4285,0,0,0,0,25.652538314176248,25.652538314176248,0,0,0,0,0,0,0,0,0,0,0,0,0,0,0,0,-0.094550623239372869,-0.30093398631940532,-0.0014352405509935821
M2,rev01_p90_ptail025,paperb_p90_tail_asym_relax,paperb_p90_tail_asym_relax,predeclared_4_anchor_sentinel_panel,late_century_hot_extreme,2,descriptive matched stress-test cells; present-typical and late-century-hot-extreme strata use different year-selection rules,587079.61576562654,586853.80322649411,-225.81253913248656,-225.81253913248656,-250.50968289119191,-201.11539537378121,25079.474771497724,25076.452298454118,-3.0224730436075333,-3.0224730436075333,-6.0367181790716131,-0.0082279081434535328,612159.09053712431,611930.25552494824,-228.83501217607409,-228.83501217607409,-256.54640107019804,-201.12362328195013,2,0,0,9571.5988896178496,9569.4031621559225,-2.1957274619267082,-2.1957274619267082,-3.4561459512497095,-0.93530897260370693,2,0,0,3229.6636947973029,3224.2997235455064,-5.3639712517963289,-5.3639712517963289,-5.9248097975064411,-4.8031327060862168,2,0,0,672.30670319646106,668.47105664155038,-3.8356465549106531,-3.8356465549106531,-4.3735678685317794,-3.2977252412895268,2,0,0,0,0,0,0,0,0,0,2,0,0,0,0,0,0,0,0,2,0,20.047219228927204,20.047009698275861,-0.00020953065134143856,-0.00020953065134143856,-0.00026939655172597554,-0.00014966475095690157,25.824690193965516,25.859195402298852,0.034505208333333925,0.034505208333333925,0.030052681992337682,0.038957734674330169,15296,15683.5,387.5,387.5,316,459,1360,991.5,-368.5,-368.5,-447,-290,2,1.5,-0.5,-0.5,-1,0,46,27.5,-18.5,-18.5,-26,-11,1736,1558.5,-177.5,-177.5,-206,-149,920,681.5,-238.5,-238.5,-295,-182,14002,14436.5,434.5,434.5,357,512,46,27.5,-18.5,-18.5,-26,-11,1736,1558.5,-177.5,-177.5,-206,-149,46,27.5,-18.5,-18.5,-26,-11,4789,4789,0,0,0,0,28.669779693486589,28.669779693486589,0,0,0,0,0,0,0,0,0,0,0,0,0,0,0,0,-0.037916633043546283,-0.045220758076258062,-0.030612508010834497
M2,rev01_p90_ptail025,paperb_p90_tail_asym_relax,paperb_p90_tail_asym_relax,predeclared_4_anchor_sentinel_panel,present_typical,2,descriptive matched stress-test cells; present-typical and late-century-hot-extreme strata use different year-selection rules,439980.15489263681,438836.41048585472,-1143.7444067820907,-1143.7444067820907,-2231.4559736599913,-56.032839904190041,61355.823554782051,61767.817843327546,411.99428854549842,411.99428854549842,48.586423953478516,775.40215313751833,501335.97844741889,500604.22832918231,-731.75011823658133,-731.75011823658133,-1456.0538205224439,-7.4464159507188015,2,0,0,3626.1910776682098,3649.4980015778597,23.306923909649868,23.306923909649868,11.726568096612027,34.887279722687708,0,0,2,341.43248763467767,341.14447483868571,-0.28801279599193297,-0.28801279599193297,-0.58529858662757306,0.009272994643707122,1,0,1,6.1679791750701423,5.9137795767180545,-0.25419959835208772,-0.25419959835208772,-0.50839919670417544,0,1,1,0,50.000260577767605,51.0512231896925,1.0509626119248949,1.0509626119248949,0,2.1019252238497899,0,1,1,11.447653362707156,11.740731078324874,0.29307771561771823,0.29307771561771823,0,0.58615543123543645,0,1,1,20.136248429616295,20.087452844641675,-0.048795584974618222,-0.048795584974618222,-0.09738163929789323,-0.00020953065134321491,25.56343084642257,25.615799374050564,0.052368527627995931,0.052368527627995931,0.010296934865898777,0.094440120390093085,13420,13932,512,512,159,865,3079.5,2713,-366.5,-366.5,-580,-153,201.5,59,-142.5,-142.5,-285,0,3,0,-3,-3,-6,0,2054.5,1978,-76.5,-76.5,-78,-75,1971.5,1603.5,-368,-368,-625,-111,12675,13122.5,447.5,447.5,192,703,3,0,-3,-3,-6,0,2054.5,1978,-76.5,-76.5,-78,-75,3,0,-3,-3,-6,0,3781,3781,0,0,0,0,22.635296934865902,22.635296934865902,0,0,0,0,0,0,0,0,0,0,0,0,0,0,0,0,-0.15118461343519946,-0.30093398631940532,-0.0014352405509935821
M2,rev01_p90_q075,paperb_p90_tail_asym_relax,paperb_p90_tail_asym_relax,predeclared_4_anchor_sentinel_panel,all_stress_test_cells,4,descriptive matched stress-test cells; present-typical and late-century-hot-extreme strata use different year-selection rules,513529.88532913174,512358.67844355071,-1171.2068855809339,-500.07723282283405,-3399.2063770365203,-285.46669964154717,43217.649163139889,44022.795674239176,805.14651109928491,73.661461596095251,-8.3288370680493244,3081.5919582729985,556747.5344922716,556381.47411778988,-366.06037448164716,-392.04915446511586,-542.93519531528,-137.20799368107691,4,0,0,6598.8949836430302,6627.2304641787341,28.335480535705187,10.378746331493858,-15.107808803926673,107.69223828375971,2,0,2,1785.5480912159901,1778.4978694034398,-7.0502218125501166,-5.7341003808394362,-16.790406166633147,0.057719678111553208,3,0,1,339.23734118576562,334.37369730257967,-4.8636438831859099,-4.0041498775266762,-11.446275777690289,0,3,1,0,25.000130288883803,23.298193975295156,-1.7019363135886465,0,-6.807745254354586,0,1,3,0,5.7238266813535779,5.2520412742916829,-0.47178540706189498,0,-1.8871416282475799,0,1,3,0,20.09173382927175,20.050276131465516,-0.041457697806230875,-0.00040409482758718696,-0.16487293681879223,-0.00014966475095690157,25.694060520194043,25.832719707854405,0.13865918766036334,0.10127065373563227,0.030441810344825626,0.32165363282536319,14358,15565,1207,1026.5,467,2308,2219.75,1113.75,-1106,-980,-2003,-461,101.75,24.5,-77.25,-2,-305,0,24.5,0.75,-23.75,-10.5,-74,0,1895.25,1541.5,-353.75,-293,-604,-225,1445.75,692,-753.75,-664.5,-1355,-331,13338.5,14469.75,1131.25,1182,581,1580,24.5,0.75,-23.75,-10.5,-74,0,1895.25,1541.5,-353.75,-293,-604,-225,24.5,0.75,-23.75,-10.5,-74,0,4285,4285,0,0,0,0,25.652538314176248,25.652538314176248,0,0,0,0,0,0,0,0,0,0,0,0,0,0,0,0,-0.064238576212198473,-0.082638765873131625,-0.02644580664776636
M2,rev01_p90_q075,paperb_p90_tail_asym_relax,paperb_p90_tail_asym_relax,predeclared_4_anchor_sentinel_panel,late_century_hot_extreme,2,descriptive matched stress-test cells; present-typical and late-century-hot-extreme strata use different year-selection rules,587079.61576562654,586579.53853280377,-500.07723282283405,-500.07723282283405,-541.99941254698206,-458.15505309868604,25079.474771497724,25074.842461579552,-4.6323099181736325,-4.6323099181736325,-8.3288370680493244,-0.93578276829794049,612159.09053712431,611654.38099438325,-504.7095427410095,-504.7095427410095,-542.93519531528,-466.483890166739,2,0,0,9571.5988896178496,9563.9689063162004,-7.6299833016487355,-7.6299833016487355,-15.107808803926673,-0.15215779937079787,2,0,0,3229.6636947973029,3218.2165503018277,-11.447144495475186,-11.447144495475186,-16.790406166633147,-6.1038828243172247,2,0,0,672.30670319646106,663.69782078144249,-8.6088824150186554,-8.6088824150186554,-11.446275777690289,-5.7714890523470217,2,0,0,0,0,0,0,0,0,0,2,0,0,0,0,0,0,0,0,2,0,20.047219228927204,20.046875,-0.00034422892720264997,-0.00034422892720264997,-0.00053879310344839837,-0.00014966475095690157,25.824690193965516,25.925960847701148,0.10127065373563227,0.10127065373563227,0.056977370689654805,0.14556393678160973,15296,16322.5,1026.5,1026.5,707,1346,1360,380,-980,-980,-1330,-630,2,0,-2,-2,-3,-1,46,1.5,-44.5,-44.5,-74,-15,1736,1263,-473,-473,-604,-342,920,255.5,-664.5,-664.5,-903,-426,14002,15184,1182,1182,842,1522,46,1.5,-44.5,-44.5,-74,-15,1736,1263,-473,-473,-604,-342,46,1.5,-44.5,-44.5,-74,-15,4789,4789,0,0,0,0,28.669779693486589,28.669779693486589,0,0,0,0,0,0,0,0,0,0,0,0,0,0,0,0,-0.082432325966956918,-0.082638765873131625,-0.082225886060782211
M2,rev01_p90_q075,paperb_p90_tail_asym_relax,paperb_p90_tail_asym_relax,predeclared_4_anchor_sentinel_panel,present_typical,2,descriptive matched stress-test cells; present-typical and late-century-hot-extreme strata use different year-selection rules,439980.15489263681,438137.81835429778,-1842.3365383390337,-1842.3365383390337,-3399.2063770365203,-285.46669964154717,61355.823554782051,62970.748886898793,1614.9253321167434,1614.9253321167434,148.25870596048844,3081.5919582729985,501335.97844741889,501108.56724119664,-227.41120622228482,-227.41120622228482,-317.61441876349272,-137.20799368107691,2,0,0,3626.1910776682098,3690.4920220412687,64.30094437305911,64.30094437305911,20.909650462358513,107.69223828375971,0,0,2,341.43248763467767,338.77918850505262,-2.6532991296250472,-2.6532991296250472,-5.3643179373616476,0.057719678111553208,1,0,1,6.1679791750701423,5.0495738237169769,-1.1184053513531653,-1.1184053513531653,-2.2368107027063306,0,1,1,0,50.000260577767605,46.596387950590312,-3.403872627177293,-3.403872627177293,-6.807745254354586,0,1,1,0,11.447653362707156,10.504082548583366,-0.94357081412378996,-0.94357081412378996,-1.8871416282475799,0,1,1,0,20.136248429616295,20.053677262931032,-0.082571166685259101,-0.082571166685259101,-0.16487293681879223,-0.00026939655172597554,25.56343084642257,25.739478568007662,0.17604772158509441,0.17604772158509441,0.030441810344825626,0.32165363282536319,13420,14807.5,1387.5,1387.5,467,2308,3079.5,1847.5,-1232,-1232,-2003,-461,201.5,49,-152.5,-152.5,-305,0,3,0,-3,-3,-6,0,2054.5,1820,-234.5,-234.5,-244,-225,1971.5,1128.5,-843,-843,-1355,-331,12675,13755.5,1080.5,1080.5,581,1580,3,0,-3,-3,-6,0,2054.5,1820,-234.5,-234.5,-244,-225,3,0,-3,-3,-6,0,3781,3781,0,0,0,0,22.635296934865902,22.635296934865902,0,0,0,0,0,0,0,0,0,0,0,0,0,0,0,0,-0.046044826457440007,-0.065643846267113656,-0.02644580664776636
M2,rev01_p90_q100,paperb_p90_tail_asym_relax,paperb_p90_tail_asym_relax,predeclared_4_anchor_sentinel_panel,all_stress_test_cells,4,descriptive matched stress-test cells; present-typical and late-century-hot-extreme strata use different year-selection rules,513529.88532913174,514671.47908893623,1141.5937598045857,639.80943998816656,534.73616830393439,2752.0199909380754,43217.649163139889,42495.115542256062,-722.53362088382619,-40.845096616232695,-2818.2232020243828,9.7789117215434089,556747.5344922716,557166.59463119227,419.06013892074407,531.86286342568928,-66.203211086278316,678.71803991787601,1,0,3,6598.8949836430302,6577.4479327407162,-21.447050902312867,-22.043541285606807,-45.537491182157282,3.836370144119428,3,0,1,1785.5480912159901,1790.7164236705794,5.1683324545891933,5.5213285694256342,-0.017882257556312453,9.6485549370618173,1,0,3,339.23734118576562,341.8662418410986,2.6289006553330134,2.6503466724654761,0,5.2149092764011016,0,1,3,25.000130288883803,25.736590716511561,0.73646042762775821,0,0,2.9458417105110328,0,3,1,5.7238266813535779,5.8283726410133596,0.10454595965978175,0,0,0.418183838639127,0,3,1,20.09173382927175,20.144226744713912,0.052492915442163834,0.0036293702107279557,0.0026340996168592312,0.2000788217303402,25.694060520194043,25.574450195977512,-0.11961032421652806,-0.073081297892720443,-0.28859156027607469,-0.04368714080459668,14358,13428,-930,-869,-1318,-664,2219.75,3126.25,906.5,805.5,562,1453,101.75,75,-26.75,6.5,-135,15,24.5,74.75,50.25,52,0,97,1895.25,2133.25,238,327,-150,448,1445.75,2025.25,579.5,513.5,355,936,13338.5,12470.75,-867.75,-797,-1091,-786,24.5,74.75,50.25,52,0,97,1895.25,2133.25,238,327,-150,448,24.5,74.75,50.25,52,0,97,4285,4285,0,0,0,0,25.652538314176248,25.652538314176248,0,0,0,0,0,0,0,0,0,0,0,0,0,0,0,0,0.071555347547344064,-0.013682733384257954,0.11963584036682756
M2,rev01_p90_q100,paperb_p90_tail_asym_relax,paperb_p90_tail_asym_relax,predeclared_4_anchor_sentinel_panel,late_century_hot_extreme,2,descriptive matched stress-test cells; present-typical and late-century-hot-extreme strata use different year-selection rules,587079.61576562654,587719.42520561477,639.80943998816656,639.80943998816656,610.67975178000052,668.9391281963326,25079.474771497724,25084.400048105785,4.9252766080608126,4.9252766080608126,0.071641494578216225,9.7789117215434089,612159.09053712431,612803.82525372051,644.73471659619827,644.73471659619827,610.75139327452052,678.71803991787601,0,0,2,9571.5988896178496,9572.678109692526,1.0792200746773233,1.0792200746773233,-1.6779299947647814,3.836370144119428,1,0,1,3229.6636947973029,3238.8662515152046,9.2025567179020982,9.2025567179020982,8.756558498742379,9.6485549370618173,0,0,2,672.30670319646106,677.0549416955115,4.7482384990504158,4.7482384990504158,4.2815677216997301,5.2149092764011016,0,0,2,0,0,0,0,0,0,0,2,0,0,0,0,0,0,0,0,2,0,20.047219228927204,20.050062859195403,0.0028436302682006698,0.0028436302682006698,0.0026340996168592312,0.0030531609195421083,25.824690193965516,25.755881824712645,-0.068808369252872481,-0.068808369252872481,-0.093929597701148282,-0.04368714080459668,15296,14427,-869,-869,-1064,-674,1360,2122.5,762.5,762.5,562,963,2,15.5,13.5,13.5,12,15,46,139,93,93,89,97,1736,2128.5,392.5,392.5,337,448,920,1374.5,454.5,454.5,355,554,14002,13062,-940,-940,-1091,-789,46,139,93,93,89,97,1736,2128.5,392.5,392.5,337,448,46,139,93,93,89,97,4789,4789,0,0,0,0,28.669779693486589,28.669779693486589,0,0,0,0,0,0,0,0,0,0,0,0,0,0,0,0,0.10629836741818305,0.092960894469538535,0.11963584036682756
M2,rev01_p90_q100,paperb_p90_tail_asym_relax,paperb_p90_tail_asym_relax,predeclared_4_anchor_sentinel_panel,present_typical,2,descriptive matched stress-test cells; present-typical and late-century-hot-extreme strata use different year-selection rules,439980.15489263681,441623.53297225782,1643.3780796210049,1643.3780796210049,534.73616830393439,2752.0199909380754,61355.823554782051,59905.831036406336,-1449.9925183757132,-1449.9925183757132,-2818.2232020243828,-81.761834727043606,501335.97844741889,501529.36400866415,193.38556124528986,193.38556124528986,-66.203211086278316,452.97433357685804,1,0,1,3626.1910776682098,3582.2177557889067,-43.973321879303057,-43.973321879303057,-45.537491182157282,-42.409152576448832,2,0,0,341.43248763467767,342.56659582595398,1.1341081912762885,1.1341081912762885,-0.017882257556312453,2.2860986401088894,1,0,1,6.1679791750701423,6.6775419866857533,0.50956281161561101,0.50956281161561101,0,1.019125623231222,0,1,1,50.000260577767605,51.473181433023122,1.4729208552555164,1.4729208552555164,0,2.9458417105110328,0,1,1,11.447653362707156,11.656745282026719,0.2090919193195635,0.2090919193195635,0,0.418183838639127,0,1,1,20.136248429616295,20.23839063023242,0.102142200616127,0.102142200616127,0.0042055795019138031,0.2000788217303402,25.56343084642257,25.393018567242386,-0.17041227918018365,-0.17041227918018365,-0.28859156027607469,-0.052232998084292603,13420,12429,-991,-991,-1318,-664,3079.5,4130,1050.5,1050.5,648,1453,201.5,134.5,-67,-67,-135,1,3,10.5,7.5,7.5,0,15,2054.5,2138,83.5,83.5,-150,317,1971.5,2676,704.5,704.5,473,936,12675,11879.5,-795.5,-795.5,-805,-786,3,10.5,7.5,7.5,0,15,2054.5,2138,83.5,83.5,-150,317,3,10.5,7.5,7.5,0,15,3781,3781,0,0,0,0,22.635296934865902,22.635296934865902,0,0,0,0,0,0,0,0,0,0,0,0,0,0,0,0,0.03681232767650508,-0.013682733384257954,0.087307388737268121
M3,rev01_p90_signal_a000,paperb_p90_tail_asym_relax,paperb_p90_tail_asym_relax,predeclared_4_anchor_sentinel_panel,all_stress_test_cells,4,descriptive matched stress-test cells; present-typical and late-century-hot-extreme strata use different year-selection rules,513529.88532913174,511326.99922411767,-2202.8861050140695,-501.50035473133903,-7508.8353141777334,-299.70839641586645,43217.649163139889,45128.737114458731,1911.0879513188438,93.485256555517481,-8.4067544274585089,7465.7880465917988,556747.5344922716,556455.73633857642,-291.79815369521384,-290.59824697228032,-542.94885325036012,-43.047267585934605,4,0,0,6598.8949836430302,6763.670378167827,164.77539452479812,12.83496615382137,-15.108093963330248,648.53973975487997,2,0,2,1785.5480912159901,1778.5087379416668,-7.0393532743234486,-5.7465750880494397,-16.790548348002631,0.1262854268077156,3,0,1,339.23734118576562,334.35999978689074,-4.8773413988748553,-4.0315442518609803,-11.446277091777461,0,3,1,0,25.000130288883803,21.081400332524638,-3.9187299563591651,0,-15.67491982543666,0,1,3,0,5.7238266813535779,4.982325874253009,-0.74150080710056887,0,-2.9660032284022755,0,1,3,0,20.09173382927175,20.046875,-0.04485882927174778,-0.00043402777777856727,-0.17841759678047708,-0.00014966475095690157,25.694060520194043,25.953125,0.25906447980595804,0.12843480603448398,0.034797054597699884,0.7445912525571643,14358,16704,2346,1408,549,6019,2219.75,0,-2219.75,-1360,-5616,-543,101.75,0,-101.75,-2,-403,0,24.5,0,-24.5,-10.5,-77,0,1895.25,1044,-851.25,-692,-1715,-306,1445.75,0,-1445.75,-920,-3561,-382,13338.5,15660,2321.5,1658,694,5276,24.5,0,-24.5,-10.5,-77,0,1895.25,1044,-851.25,-692,-1715,-306,24.5,0,-24.5,-10.5,-77,0,4285,4285,0,0,0,0,25.652538314176248,25.652538314176248,0,0,0,0,0,0,0,0,0,0,0,0,0,0,0,0,-0.04895642123933347,-0.082738901321974354,-0.0088969141471331656
M3,rev01_p90_signal_a000,paperb_p90_tail_asym_relax,paperb_p90_tail_asym_relax,predeclared_4_anchor_sentinel_panel,late_century_hot_extreme,2,descriptive matched stress-test cells; present-typical and late-century-hot-extreme strata use different year-selection rules,587079.61576562654,586578.11541089532,-501.50035473133903,-501.50035473133903,-542.01313558488619,-460.98757387779187,25079.474771497724,25074.803535451283,-4.6712360464389349,-4.6712360464389349,-8.4067544274585089,-0.93571766541936086,612159.09053712431,611652.9189463465,-506.17159077775432,-506.17159077775432,-542.94885325036012,-469.39432830514852,2,0,0,9571.5988896178496,9563.9845205565416,-7.6143690613080253,-7.6143690613080253,-15.108093963330248,-0.12064415928580274,2,0,0,3229.6636947973029,3218.1721552336594,-11.491539563643073,-11.491539563643073,-16.790548348002631,-6.1925307792835156,2,0,0,672.30670319646106,663.69618862750087,-8.6105145689601841,-8.6105145689601841,-11.446277091777461,-5.7747520461429076,2,0,0,0,0,0,0,0,0,0,2,0,0,0,0,0,0,0,0,2,0,20.047219228927204,20.046875,-0.00034422892720264997,-0.00034422892720264997,-0.00053879310344839837,-0.00014966475095690157,25.824690193965516,25.953125,0.12843480603448398,0.12843480603448398,0.060659123563219453,0.19621048850574851,15296,16704,1408,1408,787,2029,1360,0,-1360,-1360,-2013,-707,2,0,-2,-2,-3,-1,46,0,-46,-46,-77,-15,1736,1044,-692,-692,-990,-394,920,0,-920,-920,-1363,-477,14002,15660,1658,1658,948,2368,46,0,-46,-46,-77,-15,1736,1044,-692,-692,-990,-394,46,0,-46,-46,-77,-15,4789,4789,0,0,0,0,28.669779693486589,28.669779693486589,0,0,0,0,0,0,0,0,0,0,0,0,0,0,0,0,-0.082689873017090659,-0.082738901321974354,-0.082640844712206965
M3,rev01_p90_signal_a000,paperb_p90_tail_asym_relax,paperb_p90_tail_asym_relax,predeclared_4_anchor_sentinel_panel,present_typical,2,descriptive matched stress-test cells; present-typical and late-century-hot-extreme strata use different year-selection rules,439980.15489263681,436075.88303734001,-3904.2718552967999,-3904.2718552967999,-7508.8353141777334,-299.70839641586645,61355.823554782051,65182.670693466178,3826.8471386841265,3826.8471386841265,187.90623077645432,7465.7880465917988,501335.97844741889,501258.55373080622,-77.424716612673365,-77.424716612673365,-111.80216563941212,-43.047267585934605,2,0,0,3626.1910776682098,3963.3562357791143,337.16515811090426,337.16515811090426,25.790576466928542,648.53973975487997,0,0,2,341.43248763467767,338.84532064967385,-2.5871669850038241,-2.5871669850038241,-5.3006193968153639,0.1262854268077156,1,0,1,6.1679791750701423,5.0238109462806158,-1.1441682287895265,-1.1441682287895265,-2.288336457579053,0,1,1,0,50.000260577767605,42.162800665049275,-7.8374599127183302,-7.8374599127183302,-15.67491982543666,0,1,1,0,11.447653362707156,9.964651748506018,-1.4830016142011377,-1.4830016142011377,-2.9660032284022755,0,1,1,0,20.136248429616295,20.046875,-0.08937342961629291,-0.08937342961629291,-0.17841759678047708,-0.00032926245210873617,25.56343084642257,25.953125,0.38969415357743209,0.38969415357743209,0.034797054597699884,0.7445912525571643,13420,16704,3284,3284,549,6019,3079.5,0,-3079.5,-3079.5,-5616,-543,201.5,0,-201.5,-201.5,-403,0,3,0,-3,-3,-6,0,2054.5,1044,-1010.5,-1010.5,-1715,-306,1971.5,0,-1971.5,-1971.5,-3561,-382,12675,15660,2985,2985,694,5276,3,0,-3,-3,-6,0,2054.5,1044,-1010.5,-1010.5,-1715,-306,3,0,-3,-3,-6,0,3781,3781,0,0,0,0,22.635296934865902,22.635296934865902,0,0,0,0,0,0,0,0,0,0,0,0,0,0,0,0,-0.015222969461576287,-0.021549024776019408,-0.0088969141471331656
M3,rev01_p90_signal_a050,paperb_p90_tail_asym_relax,paperb_p90_tail_asym_relax,predeclared_4_anchor_sentinel_panel,all_stress_test_cells,4,descriptive matched stress-test cells; present-typical and late-century-hot-extreme strata use different year-selection rules,513529.88532913174,511405.4544450026,-2124.4308841291058,-499.78310277679702,-7198.4489345469628,-299.70839641586645,43217.649163139889,45003.140255941064,1785.4910928011741,93.485006025650364,-8.4046962648426415,6963.3990554182383,556747.5344922716,556408.59470094368,-338.93979132790992,-351.34392885357374,-541.26914196508005,-111.80216563941212,4,0,0,6598.8949836430302,6750.7548688360039,151.85988519297507,12.628469067771221,-14.290135035853382,596.47273767221122,2,0,2,1785.5480912159901,1778.5965634385041,-6.9515277774862234,-5.950547635876319,-16.031006336959763,0.12599049876750534,3,0,1,339.23734118576562,334.49278347955976,-4.744557706205847,-4.1011647048373323,-10.775901415148724,0,3,1,0,25.000130288883803,22.411958411103097,-2.5881718777807059,0,-10.352687511122824,0,1,3,0,5.7238266813535779,5.4525098176781803,-0.27131686367539753,0,-1.0852674547015901,0,1,3,0,20.09173382927175,20.04708453065134,-0.044649298620406341,-0.00043402777777856727,-0.17757947417511133,-0.00014966475095690157,25.694060520194043,25.926256435584293,0.23219591539024886,0.10064206178160973,0.034797054597699884,0.69270248340007612,14358,16362.5,2004.5,1064.5,549,5340,2219.75,341.5,-1878.25,-1016.5,-4937,-543,101.75,0,-101.75,-2,-403,0,24.5,0,-24.5,-10.5,-77,0,1895.25,1233.25,-662,-501,-1340,-306,1445.75,244.75,-1201,-677.5,-3074,-375,13338.5,15226,1887.5,1221,694,4414,24.5,0,-24.5,-10.5,-77,0,1895.25,1233.25,-662,-501,-1340,-306,24.5,0,-24.5,-10.5,-77,0,4285,4285,0,0,0,0,25.652538314176248,25.652538314176248,0,0,0,0,0,0,0,0,0,0,0,0,0,0,0,0,-0.058735777199962966,-0.082429314183909183,-0.021549024776019408
M3,rev01_p90_signal_a050,paperb_p90_tail_asym_relax,paperb_p90_tail_asym_relax,predeclared_4_anchor_sentinel_panel,late_century_hot_extreme,2,descriptive matched stress-test cells; present-typical and late-century-hot-extreme strata use different year-selection rules,587079.61576562654,586579.8326628498,-499.78310277679702,-499.78310277679702,-540.33292323991191,-459.23328231368214,25079.474771497724,25074.804314002726,-4.6704574949981179,-4.6704574949981179,-8.4046962648426415,-0.93621872515359428,612159.09053712431,611654.63697685255,-504.45356027176604,-504.45356027176604,-541.26914196508005,-467.63797857845202,2,0,0,9571.5988896178496,9564.1870029342299,-7.4118866836197412,-7.4118866836197412,-14.290135035853382,-0.53363833138610062,2,0,0,3229.6636947973029,3218.3479536913542,-11.315741105948518,-11.315741105948518,-16.031006336959763,-6.6004758749372741,2,0,0,672.30670319646106,663.96175601283892,-8.3449471836221676,-8.3449471836221676,-10.775901415148724,-5.9139929520956116,2,0,0,0,0,0,0,0,0,0,2,0,0,0,0,0,0,0,0,2,0,20.047219228927204,20.046875,-0.00034422892720264997,-0.00034422892720264997,-0.00053879310344839837,-0.00014966475095690157,25.824690193965516,25.925332255747126,0.10064206178160973,0.10064206178160973,0.05143977490421392,0.14984434865900553,15296,16360.5,1064.5,1064.5,645,1484,1360,343.5,-1016.5,-1016.5,-1468,-565,2,0,-2,-2,-3,-1,46,0,-46,-46,-77,-15,1736,1235,-501,-501,-688,-314,920,246,-674,-674,-973,-375,14002,15223,1221,1221,766,1676,46,0,-46,-46,-77,-15,1736,1235,-501,-501,-688,-314,46,0,-46,-46,-77,-15,4789,4789,0,0,0,0,28.669779693486589,28.669779693486589,0,0,0,0,0,0,0,0,0,0,0,0,0,0,0,0,-0.082407247186642316,-0.082429314183909183,-0.082385180189375448
M3,rev01_p90_signal_a050,paperb_p90_tail_asym_relax,paperb_p90_tail_asym_relax,predeclared_4_anchor_sentinel_panel,present_typical,2,descriptive matched stress-test cells; present-typical and late-century-hot-extreme strata use different year-selection rules,439980.15489263681,436231.0762271554,-3749.0786654814146,-3749.0786654814146,-7198.4489345469628,-299.70839641586645,61355.823554782051,64931.476197879398,3575.6526430973463,3575.6526430973463,187.90623077645432,6963.3990554182383,501335.97844741889,501162.55242503481,-173.42602238405379,-173.42602238405379,-235.04987912869547,-111.80216563941212,2,0,0,3626.1910776682098,3937.3227347377797,311.13165706956988,311.13165706956988,25.790576466928542,596.47273767221122,0,0,2,341.43248763467767,338.84517318565372,-2.5873144490239293,-2.5873144490239293,-5.3006193968153639,0.12599049876750534,1,0,1,6.1679791750701423,5.0238109462806158,-1.1441682287895265,-1.1441682287895265,-2.288336457579053,0,1,1,0,50.000260577767605,44.823916822206193,-5.1763437555614118,-5.1763437555614118,-10.352687511122824,0,1,1,0,11.447653362707156,10.905019635356361,-0.54263372735079507,-0.54263372735079507,-1.0852674547015901,0,1,1,0,20.136248429616295,20.047294061302683,-0.088954368313610033,-0.088954368313610033,-0.17757947417511133,-0.00032926245210873617,25.56343084642257,25.927180615421456,0.363749768998888,0.363749768998888,0.034797054597699884,0.69270248340007612,13420,16364.5,2944.5,2944.5,549,5340,3079.5,339.5,-2740,-2740,-4937,-543,201.5,0,-201.5,-201.5,-403,0,3,0,-3,-3,-6,0,2054.5,1231.5,-823,-823,-1340,-306,1971.5,243.5,-1728,-1728,-3074,-382,12675,15229,2554,2554,694,4414,3,0,-3,-3,-6,0,2054.5,1231.5,-823,-823,-1340,-306,3,0,-3,-3,-6,0,3781,3781,0,0,0,0,22.635296934865902,22.635296934865902,0,0,0,0,0,0,0,0,0,0,0,0,0,0,0,0,-0.035064307213283616,-0.048579589650547816,-0.021549024776019408
M4,rev01_learned_mean_tail_full24,paperb_gate_tail_asym_relax,paperb_p90_tail_asym_relax,full_24_anchor_stress_test_grid,all_stress_test_cells,24,descriptive matched stress-test cells; present-typical and late-century-hot-extreme strata use different year-selection rules,512839.73080491676,511293.03103335452,-1546.6997715623074,-602.84802085676347,-4107.8816394857131,-74.884236902813427,35527.681088564132,36266.806027001818,739.12493843769016,14.507461223189239,-77.875079396744695,4172.8124669190511,548367.41189348081,547559.83706035628,-807.5748331246092,-263.33721303544007,-4108.3750300237443,1082.6179546081112,19,0,5,6545.491032282207,6605.071551665922,59.580519383714829,24.584013209931072,-15.091082683933564,260.62479360933958,6,0,18,1513.7519180334411,1513.1178795398052,-0.63403849363600118,-1.8587439273550217,-16.77470710131729,55.493342645052053,17,0,7,198.13552736420584,193.51413389409649,-4.6213934701093811,-1.975482229357052,-28.141805697486916,2.2233986331367568,21,2,1,8.3131781407307042,7.5943554303521905,-0.71882271037851508,0,-6.0331761742781822,0,5,19,0,1.5072452584960898,1.4203509820179905,-0.086894276478099428,0,-1.4404917470874494,0,3,21,0,20.07089939138746,20.046956068406768,-0.0239433229806932,-0.00077825670498121724,-0.177160412872432,-5.9865900382760628e-05,25.761925227340612,25.88736667365102,0.12544144631041165,0.076074592911878014,0.0079920977011518346,0.44118112074460925,14838.333333333334,16063.083333333334,1224.75,1002.5,160,3079,1803.9583333333333,639.58333333333337,-1164.375,-985,-2922,-156,50.541666666666664,0.41666666666666669,-50.125,0,-420,0,11.166666666666666,0.91666666666666663,-10.25,-5,-77,22,1795.9583333333333,1339.4583333333333,-456.5,-425.5,-856,-98,1179.9166666666667,419.875,-760.04166666666663,-688.5,-1642,-107,13716.958333333334,14943.75,1226.7916666666667,1250.5,209,2160,11.166666666666666,0.91666666666666663,-10.25,-5,-77,22,1795.9583333333333,1339.4583333333333,-456.5,-425.5,-856,-98,11.166666666666666,0.91666666666666663,-10.25,-5,-77,22,2656.7083333333335,2656.7083333333335,0,0,0,0,15.90462364303959,15.90462364303959,0,0,0,0,0,0,0,0,0,0,0,0,0,0,0,0,-0.13836499982104064,-0.65788891471285726,0.21783314176147062
M4,rev01_learned_mean_tail_full24,paperb_gate_tail_asym_relax,paperb_p90_tail_asym_relax,full_24_anchor_stress_test_grid,late_century_hot_extreme,12,descriptive matched stress-test cells; present-typical and late-century-hot-extreme strata use different year-selection rules,539853.34186682675,538290.17519183841,-1563.1666749881842,-602.84802085676347,-4107.8816394857131,-89.933728787407745,32802.706552180585,33543.293637304552,740.58708512397118,14.507461223189239,-8.4067593654544908,4172.8124669190511,572656.04841900722,571833.46882914298,-822.57958986419544,-395.43043940357165,-4108.3750300237443,1082.6179546081112,10,0,2,7662.5430045213034,7719.2432218134136,56.700217292111425,11.703583859672108,-15.091082683933564,260.62479360933958,3,0,9,2168.597893659407,2164.3334065753165,-4.264487084091229,-3.9667225058535678,-16.77470710131729,22.502424822278499,10,0,2,345.16556191326248,338.96059043428073,-6.2049714789817676,-4.436479091328323,-28.141805697486916,-0.00059728508460921148,12,0,0,1.6293022008146314,1.1408179460176873,-0.48848425479694396,0,-3.2155212890591685,0,2,10,0,0.016420528611785851,0.010140079284705098,-0.0062804493270807544,0,-0.07536539192496905,0,1,11,0,20.069677956716312,20.046884977650063,-0.022792979066246961,-0.00077825670498121724,-0.13794661481718506,-0.00014966475095690157,25.74317648371213,25.885933010057471,0.14275652634534275,0.08948455459770166,0.031803759578544089,0.44118112074460925,14689.833333333334,16062.666666666666,1372.8333333333333,1135.5,511,3079,1966.3333333333333,641.33333333333337,-1325,-1107,-2922,-505,32.25,0,-32.25,-1,-223,0,15.583333333333334,0,-15.583333333333334,-8,-77,0,1861.8333333333333,1337.5,-524.33333333333337,-475,-856,-315,1262.25,412.08333333333331,-850.16666666666663,-780.5,-1642,-348,13564.333333333334,14954.416666666666,1390.0833333333333,1431,668,2086,15.583333333333334,0,-15.583333333333334,-8,-77,0,1861.8333333333333,1337.5,-524.33333333333337,-475,-856,-315,15.583333333333334,0,-15.583333333333334,-8,-77,0,3283.9166666666665,3283.9166666666665,0,0,0,0,19.659462803320562,19.659462803320562,0,0,0,0,0,0,0,0,0,0,0,0,0,0,0,0,-0.13272682627280349,-0.65788891471285726,0.21783314176147062
M4,rev01_learned_mean_tail_full24,paperb_gate_tail_asym_relax,paperb_p90_tail_asym_relax,full_24_anchor_stress_test_grid,present_typical,12,descriptive matched stress-test cells; present-typical and late-century-hot-extreme strata use different year-selection rules,485826.11974300677,484295.88687487034,-1530.2328681364306,-874.64640384953236,-4050.2829992513871,-74.884236902813427,38252.655624947678,38990.318416699083,737.66279175140915,28.034951376344907,-77.875079396744695,4164.628874658214,524078.77536795451,523286.20529156941,-792.57007638502307,-162.20117920494522,-3582.4119445327669,223.81414518563543,9,0,3,5428.4390600431107,5490.8998815184286,62.460821475318234,26.360766305578636,-13.374365071203101,161.53929236764907,3,0,9,858.90594240747475,861.90235250429407,2.9964100968192269,-1.8587439273550217,-13.146598149876809,55.493342645052053,7,0,5,51.105492815149283,48.067677353912273,-3.0378154612369941,-1.5511417261793898,-13.780436513662551,2.2233986331367568,9,2,1,14.997054080646777,14.04789291468669,-0.94916116596008615,0,-6.0331761742781822,0,3,9,0,2.9980699883803936,2.8305618847512761,-0.16750810362911808,0,-1.4404917470874494,0,2,10,0,20.072120826058612,20.047027159163473,-0.025093666895139439,-0.0014442648467429819,-0.177160412872432,-5.9865900382760628e-05,25.780673970969094,25.888800337244572,0.10812636627548056,0.069302262931035585,0.0079920977011518346,0.40533119508589976,14986.833333333334,16063.5,1076.6666666666667,896,160,2973,1641.5833333333333,637.83333333333337,-1003.75,-884.5,-2600,-156,68.833333333333329,0.83333333333333337,-68,0,-420,0,6.75,1.8333333333333333,-4.916666666666667,-3.5,-37,22,1730.0833333333333,1341.4166666666667,-388.66666666666669,-395,-662,-98,1097.5833333333333,427.66666666666669,-669.91666666666663,-610,-1621,-107,13869.583333333334,14933.083333333334,1063.5,1090,209,2160,6.75,1.8333333333333333,-4.916666666666667,-3.5,-37,22,1730.0833333333333,1341.4166666666667,-388.66666666666669,-395,-662,-98,6.75,1.8333333333333333,-4.916666666666667,-3.5,-37,22,2029.5,2029.5,0,0,0,0,12.149784482758621,12.149784482758621,0,0,0,0,0,0,0,0,0,0,0,0,0,0,0,0,-0.14400317336927781,-0.6239958669626855,0.043549894600364569
M5,rev01_p90_signal_a000_full24,paperb_p90_tail_asym_relax,paperb_p90_tail_asym_relax,full_24_anchor_stress_test_grid,all_stress_test_cells,24,descriptive matched stress-test cells; present-typical and late-century-hot-extreme strata use different year-selection rules,512839.73080491676,510625.64715510636,-2214.0836498103358,-678.32155310432427,-7508.8353141777334,-78.432549722085241,35527.681088564132,36697.08517097967,1169.40408241554,0.62618910311175568,-169.86046334794446,7465.7880465917988,548367.41189348081,547322.73232608603,-1044.6795673947952,-370.28547426394653,-4108.571792410221,294.70545809553005,22,0,2,6545.491032282207,6703.8294083599676,158.33837607775982,25.941994862494084,-15.108093963330248,817.61542712026312,6,0,18,1513.7519180334411,1515.5915109398957,1.8395929064545851,-1.7745961905600325,-16.790548348002631,107.52014776915041,17,0,7,198.13552736420584,193.54567421411062,-4.5898531500952338,-1.9754822460260204,-28.153140170555673,3.6288114978053549,21,2,1,8.3131781407307042,6.524423909389653,-1.7887542313410514,0,-15.67491982543666,0,5,19,0,1.5072452584960898,1.2317411061590586,-0.27550415233703135,0,-3.5270842865362297,0,3,21,0,20.07089939138746,20.046875,-0.024024391387461968,-0.00083812260536397787,-0.17841759678047708,-5.9865900382760628e-05,25.761925227340612,25.953125,0.19119977265938978,0.087508979885058125,0.0081866618773958066,0.8151783669131909,14838.333333333334,16704,1865.6666666666667,1093.5,161,6334,1803.9583333333333,0,-1803.9583333333333,-1086.5,-6177,-157,50.541666666666664,0,-50.541666666666664,0,-422,0,11.166666666666666,0,-11.166666666666666,-5,-77,0,1795.9583333333333,1044,-751.95833333333337,-583.5,-1854,-100,1179.9166666666667,0,-1179.9166666666667,-759.5,-3561,-107,13716.958333333334,15660,1943.0416666666667,1344.5,211,5276,11.166666666666666,0,-11.166666666666666,-5,-77,0,1795.9583333333333,1044,-751.95833333333337,-583.5,-1854,-100,11.166666666666666,0,-11.166666666666666,-5,-77,0,2656.7083333333335,2656.7083333333335,0,0,0,0,15.90462364303959,15.90462364303959,0,0,0,0,0,0,0,0,0,0,0,0,0,0,0,0,-0.1852398205386013,-0.65792042298363329,0.057343970049647308
M5,rev01_p90_signal_a000_full24,paperb_p90_tail_asym_relax,paperb_p90_tail_asym_relax,full_24_anchor_stress_test_grid,late_century_hot_extreme,12,descriptive matched stress-test cells; present-typical and late-century-hot-extreme strata use different year-selection rules,539853.34186682675,537672.52475217811,-2180.8171146486711,-656.51869635301409,-7028.5156034607207,-89.933728787407745,32802.706552180585,33871.405190300597,1068.6986381200147,2.5943651934921945,-14.141092150046461,6280.1065631042511,572656.04841900722,571543.92994247854,-1112.1184765286598,-506.17159077775432,-4108.571792410221,-12.30322257289663,12,0,0,7662.5430045213034,7811.1856469360609,148.64264241475939,13.324277821083797,-15.108093963330248,817.61542712026312,3,0,9,2168.597893659407,2164.5334427943253,-4.0644508650823736,-3.9675979267717594,-16.790548348002631,22.49340655838796,10,0,2,345.16556191326248,338.93817910931551,-6.2273828039469903,-4.4992339298511013,-28.153140170555673,-0.00059731830859277579,12,0,0,1.6293022008146314,0.65298686834166253,-0.97631533247296876,0,-6.585198190200618,0,2,10,0,0.016420528611785851,0.0065028501825986629,-0.0099176784291871902,0,-0.11901214115024628,0,1,11,0,20.069677956716312,20.046875,-0.022802956716310756,-0.00083812260536397787,-0.13794661481718506,-0.00014966475095690157,25.74317648371213,25.953125,0.20994851628787123,0.10086655890804685,0.032103089080461444,0.8151783669131909,14689.833333333334,16704,2014.1666666666667,1320,536,6334,1966.3333333333333,0,-1966.3333333333333,-1291.5,-6177,-530,32.25,0,-32.25,-1,-223,0,15.583333333333334,0,-15.583333333333334,-8,-77,0,1861.8333333333333,1044,-817.83333333333337,-723,-1706,-329,1262.25,0,-1262.25,-914.5,-3540,-366,13564.333333333334,15660,2095.6666666666665,1665,700,5246,15.583333333333334,0,-15.583333333333334,-8,-77,0,1861.8333333333333,1044,-817.83333333333337,-723,-1706,-329,15.583333333333334,0,-15.583333333333334,-8,-77,0,3283.9166666666665,3283.9166666666665,0,0,0,0,19.659462803320562,19.659462803320562,0,0,0,0,0,0,0,0,0,0,0,0,0,0,0,0,-0.189596050771383,-0.65792042298363329,-0.0021951037891913159
M5,rev01_p90_signal_a000_full24,paperb_p90_tail_asym_relax,paperb_p90_tail_asym_relax,full_24_anchor_stress_test_grid,present_typical,12,descriptive matched stress-test cells; present-typical and late-century-hot-extreme strata use different year-selection rules,485826.11974300677,483578.76955803484,-2247.3501849720001,-1404.7660516773467,-7508.8353141777334,-78.432549722085241,38252.655624947678,39522.765151658743,1270.1095267110652,0.62618910311175568,-169.86046334794446,7465.7880465917988,524078.77536795451,523101.53470969357,-977.24065826093045,-151.53542150105932,-3582.8204991262173,294.70545809553005,10,0,2,5428.4390600431107,5596.4731697838715,168.03410974076027,26.764087697442847,-13.374365071203101,648.53973975487997,3,0,9,858.90594240747475,866.64957908546648,7.7436366779915433,-1.7304566692704384,-13.146598149876809,107.52014776915041,7,0,5,51.105492815149283,48.153169318905803,-2.9523234962434777,-1.5511417261793898,-14.159945763968494,3.6288114978053549,9,2,1,14.997054080646777,12.395860950437644,-2.6011931302091345,0,-15.67491982543666,0,3,9,0,2.9980699883803936,2.4569793621355185,-0.54109062624487547,0,-3.5270842865362297,0,2,10,0,20.072120826058612,20.046875,-0.025245826058613179,-0.0014741977969343623,-0.17841759678047708,-5.9865900382760628e-05,25.780673970969094,25.953125,0.17245102903090834,0.080108057950193157,0.0081866618773958066,0.7445912525571643,14986.833333333334,16704,1717.1666666666667,1020.5,161,6019,1641.5833333333333,0,-1641.5833333333333,-1012,-5616,-157,68.833333333333329,0,-68.833333333333329,0,-422,0,6.75,0,-6.75,-3.5,-37,0,1730.0833333333333,1044,-686.08333333333337,-552,-1854,-100,1097.5833333333333,0,-1097.5833333333333,-711.5,-3561,-107,13869.583333333334,15660,1790.4166666666667,1274.5,211,5276,6.75,0,-6.75,-3.5,-37,0,1730.0833333333333,1044,-686.08333333333337,-552,-1854,-100,6.75,0,-6.75,-3.5,-37,0,2029.5,2029.5,0,0,0,0,12.149784482758621,12.149784482758621,0,0,0,0,0,0,0,0,0,0,0,0,0,0,0,0,-0.18088359030581955,-0.62406703029668753,0.057343970049647308
