archive_relative_path,anchor_id,anchor_role,city,climate_role,scenario,scenario_label,time_slice,selector_role,weather_year,epw_hour_records,size_bytes,sha256,data_sha256,gcm,rcm,reference_period,delta_mode,cmip6_member,native_grid,source_dataset_version,source_dataset_doi,source_dataset_license
weather/files/ssp245/Ahmedabad/ahmedabad_ssp245_baseline_2020s_typical_2025.epw,ahmedabad_ssp245_present_typical,present_typical,Ahmedabad,hot-dry/composite,ssp245,SSP2-4.5,baseline_2020s,typical,2025,8760,1367408,0e31e360a2469e76a908820ccee3d2f2823fd014faa9eb7beab242c9ab680ed4,dd901e9649c2674cdced993e8f00ed69849eead51f08823f55f32ca2edf649af,MPI-ESM1-2-LR,N/A,1991-2010,daily,not_recovered,not_recovered,not_recovered,10.22033/ESGF/CMIP6.6693,CC BY 4.0
weather/files/ssp245/Ahmedabad/ahmedabad_ssp245_late_2080s_heatwave_extreme_2081.epw,ahmedabad_ssp245_future_extreme,future_extreme,Ahmedabad,hot-dry/composite,ssp245,SSP2-4.5,late_2080s,heatwave_extreme,2081,8760,1367648,1276fe8ed35192baf228e9b8035cac62d73d7e398540bc4b3bc12fdf5403c51a,0878c640c77cf59b3c456c404a8bc3ccf079e3779cfa8fa778f64b3cd89657be,MPI-ESM1-2-LR,N/A,1991-2010,daily,not_recovered,not_recovered,not_recovered,10.22033/ESGF/CMIP6.6693,CC BY 4.0
weather/files/ssp245/Beijing/beijing_ssp245_baseline_2020s_typical_2026.epw,beijing_ssp245_present_typical,present_typical,Beijing,continental_hot_summer,ssp245,SSP2-4.5,baseline_2020s,typical,2026,8760,1365290,082361bd6fc0fd12e8479b678e6fe48446b3cc37e2e2eb99ae8e9af86491e1af,e1a396ce14cdae050d4a276f4bf5e20b254f65d8f116954665771888b46ff24b,MPI-ESM1-2-LR,N/A,1991-2010,daily,not_recovered,not_recovered,not_recovered,10.22033/ESGF/CMIP6.6693,CC BY 4.0
weather/files/ssp245/Beijing/beijing_ssp245_late_2080s_heatwave_extreme_2084.epw,beijing_ssp245_future_extreme,future_extreme,Beijing,continental_hot_summer,ssp245,SSP2-4.5,late_2080s,heatwave_extreme,2084,8784,1367911,ffe2b43992e4700bb0e66172497993e2fa6fd98d49d746f748d22278298ee4af,522121311c489c4558e3a58902e0045ebbe0eacf6c951a009d62e7b7c2a70f67,MPI-ESM1-2-LR,N/A,1991-2010,daily,not_recovered,not_recovered,not_recovered,10.22033/ESGF/CMIP6.6693,CC BY 4.0
weather/files/ssp245/Guangzhou/guangzhou_ssp245_baseline_2020s_typical_2025.epw,guangzhou_ssp245_present_typical,present_typical,Guangzhou,hot-humid/subtropical,ssp245,SSP2-4.5,baseline_2020s,typical,2025,8760,1364833,44a03c936fd250346719945a731476eb1bb32a9eedeb7b63a35574f285811a90,69c4523a6b289c52fcb3863ec6e0df115fecad68709320256967febbe86d906e,MPI-ESM1-2-LR,N/A,1991-2010,daily,not_recovered,not_recovered,not_recovered,10.22033/ESGF/CMIP6.6693,CC BY 4.0
weather/files/ssp245/Guangzhou/guangzhou_ssp245_late_2080s_heatwave_extreme_2088.epw,guangzhou_ssp245_future_extreme,future_extreme,Guangzhou,hot-humid/subtropical,ssp245,SSP2-4.5,late_2080s,heatwave_extreme,2088,8784,1368684,9b32fb1aa75ee764c7a14daf1fa5a7281d3e84cd27c22db774dec297bfe926e0,7b07031aef5e91cf018b8438fd01cb15c63af4d21c010251a3e6fed538b5d8c5,MPI-ESM1-2-LR,N/A,1991-2010,daily,not_recovered,not_recovered,not_recovered,10.22033/ESGF/CMIP6.6693,CC BY 4.0
weather/files/ssp245/Houston/houston_ssp245_baseline_2020s_typical_2027.epw,houston_ssp245_present_typical,present_typical,Houston,hot-humid,ssp245,SSP2-4.5,baseline_2020s,typical,2027,8760,1365735,afa71b56bc749bb1e2e3f4e837cb6bd0ed2b8601bef43520c0dddfa92083b975,f02b0a102d7199a5ee742ff1a3df437c05286005d29b1a16657869ca81e1a681,MPI-ESM1-2-LR,N/A,1991-2010,daily,not_recovered,not_recovered,not_recovered,10.22033/ESGF/CMIP6.6693,CC BY 4.0
weather/files/ssp245/Houston/houston_ssp245_late_2080s_heatwave_extreme_2081.epw,houston_ssp245_future_extreme,future_extreme,Houston,hot-humid,ssp245,SSP2-4.5,late_2080s,heatwave_extreme,2081,8760,1365194,0b046cbba5cec27bf601f0ee81a2962d8abf638d55f1231f97a4c8fb33c26875,927a98917a75a7725ae6a73f1df78533a59b565d9b3fa275c66df2ef87886d30,MPI-ESM1-2-LR,N/A,1991-2010,daily,not_recovered,not_recovered,not_recovered,10.22033/ESGF/CMIP6.6693,CC BY 4.0
weather/files/ssp245/Kolkata/kolkata_ssp245_baseline_2020s_typical_2026.epw,kolkata_ssp245_present_typical,present_typical,Kolkata,hot-humid/deltaic,ssp245,SSP2-4.5,baseline_2020s,typical,2026,8760,1363740,327a2c290986df23a67c2f30d34f5231243ba9b9637b3e4c9ff1d112eb0ac1a9,79dd9d04914e697174ed85a53c1097c16a6ac61c9408aa2c8085da25ec13d9ee,MPI-ESM1-2-LR,N/A,1991-2010,daily,not_recovered,not_recovered,not_recovered,10.22033/ESGF/CMIP6.6693,CC BY 4.0
weather/files/ssp245/Kolkata/kolkata_ssp245_late_2080s_heatwave_extreme_2086.epw,kolkata_ssp245_future_extreme,future_extreme,Kolkata,hot-humid/deltaic,ssp245,SSP2-4.5,late_2080s,heatwave_extreme,2086,8760,1364038,cf0a35973bd0f53ac798a0606bbb16f5abd48dfc8e0dd4f8c0170f1e500628fa,3e673299901167bf897b0c78e87175e86456ee2be29781749415fb0dbd012fa3,MPI-ESM1-2-LR,N/A,1991-2010,daily,not_recovered,not_recovered,not_recovered,10.22033/ESGF/CMIP6.6693,CC BY 4.0
weather/files/ssp245/Phoenix/phoenix_ssp245_baseline_2020s_typical_2026.epw,phoenix_ssp245_present_typical,present_typical,Phoenix,hot-dry/desert,ssp245,SSP2-4.5,baseline_2020s,typical,2026,8760,1361545,3da444e057a0d6749af7508d999b8790a4cbd1a6650280ab611fbbd793f6d53e,5b7f2c881e01fe46cf784e7a843b60f5e7447539393e269719b792b9501ad621,MPI-ESM1-2-LR,N/A,1991-2010,daily,not_recovered,not_recovered,not_recovered,10.22033/ESGF/CMIP6.6693,CC BY 4.0
weather/files/ssp245/Phoenix/phoenix_ssp245_late_2080s_heatwave_extreme_2086.epw,phoenix_ssp245_future_extreme,future_extreme,Phoenix,hot-dry/desert,ssp245,SSP2-4.5,late_2080s,heatwave_extreme,2086,8760,1362217,f87b95955ecfd2b6a1983be6d0a8a8064ddef92f32e1af75b5930dcedb340920,b95f5d8a97cb3d7dca82ed05f76ff8e41d6997ffd2ce9e65479a1fc9e3aaa9a1,MPI-ESM1-2-LR,N/A,1991-2010,daily,not_recovered,not_recovered,not_recovered,10.22033/ESGF/CMIP6.6693,CC BY 4.0
weather/files/ssp585/Ahmedabad/ahmedabad_ssp585_baseline_2020s_typical_2025.epw,ahmedabad_ssp585_present_typical,present_typical,Ahmedabad,hot-dry/composite,ssp585,SSP5-8.5,baseline_2020s,typical,2025,8760,1366960,5777c13b052eb04ee4e6729346eaababdff83ba0a32985018673ee83f91a6ea1,049155beb917b95aa396b2ee4456f2a57d735fc17e9a513b518541c264cd893d,MPI-ESM1-2-LR,N/A,1991-2010,daily,not_recovered,not_recovered,not_recovered,10.22033/ESGF/CMIP6.6705,CC BY 4.0
weather/files/ssp585/Ahmedabad/ahmedabad_ssp585_late_2080s_heatwave_extreme_2088.epw,ahmedabad_ssp585_future_extreme,future_extreme,Ahmedabad,hot-dry/composite,ssp585,SSP5-8.5,late_2080s,heatwave_extreme,2088,8784,1371803,8a177483b17fb812235705fbad13ea733d602068d43393ab506875e3a33a6260,54dcff04b8f8dcf0003c4f69941be2d5ae5b63318642e5659ae176538fc951a1,MPI-ESM1-2-LR,N/A,1991-2010,daily,not_recovered,not_recovered,not_recovered,10.22033/ESGF/CMIP6.6705,CC BY 4.0
weather/files/ssp585/Beijing/beijing_ssp585_baseline_2020s_typical_2026.epw,beijing_ssp585_present_typical,present_typical,Beijing,continental_hot_summer,ssp585,SSP5-8.5,baseline_2020s,typical,2026,8760,1366125,5a40f836f1296f36c722fac82c7679cb69a127d8d3eac7f50ad76f1348a4544d,0c6303cb9b5689ce14d007489cf8ca78aacfe83a544f1c739ad6f67fd392898a,MPI-ESM1-2-LR,N/A,1991-2010,daily,not_recovered,not_recovered,not_recovered,10.22033/ESGF/CMIP6.6705,CC BY 4.0
weather/files/ssp585/Beijing/beijing_ssp585_late_2080s_heatwave_extreme_2089.epw,beijing_ssp585_future_extreme,future_extreme,Beijing,continental_hot_summer,ssp585,SSP5-8.5,late_2080s,heatwave_extreme,2089,8760,1364462,3554b18762c64a1d19ab0fd1515cd2184a8bd461f5b88287800880ce98da195e,b3364b0c0403bdd27f0dc6dd22e7ecd20d9bd4705963f025810db432ea565301,MPI-ESM1-2-LR,N/A,1991-2010,daily,not_recovered,not_recovered,not_recovered,10.22033/ESGF/CMIP6.6705,CC BY 4.0
weather/files/ssp585/Guangzhou/guangzhou_ssp585_baseline_2020s_typical_2025.epw,guangzhou_ssp585_present_typical,present_typical,Guangzhou,hot-humid/subtropical,ssp585,SSP5-8.5,baseline_2020s,typical,2025,8760,1364275,bca4c59247855b2bf48ddb08f0d4b00595e1e5c8b1809876f36e3a999ca17d3e,63682e0e4c1898b94a8c2aed4ec9cbac31b9f4a49f7ebd6948189739cb2bb9fc,MPI-ESM1-2-LR,N/A,1991-2010,daily,not_recovered,not_recovered,not_recovered,10.22033/ESGF/CMIP6.6705,CC BY 4.0
weather/files/ssp585/Guangzhou/guangzhou_ssp585_late_2080s_heatwave_extreme_2086.epw,guangzhou_ssp585_future_extreme,future_extreme,Guangzhou,hot-humid/subtropical,ssp585,SSP5-8.5,late_2080s,heatwave_extreme,2086,8760,1365530,ee4bba1d4bd0a04bd75302a6044fdf0b6bbd1b811a20cae20b14c8728cb6e17b,bbe77402449ca1ad211b9a4871f9eb6673bd74141992af627c86468284b1666c,MPI-ESM1-2-LR,N/A,1991-2010,daily,not_recovered,not_recovered,not_recovered,10.22033/ESGF/CMIP6.6705,CC BY 4.0
weather/files/ssp585/Houston/houston_ssp585_baseline_2020s_typical_2025.epw,houston_ssp585_present_typical,present_typical,Houston,hot-humid,ssp585,SSP5-8.5,baseline_2020s,typical,2025,8760,1364783,368863f1d793f98ffffe4422caeeb669dbd78def9a4ebed7d34b92a487306009,bd726b1a25a86a295efefe0abdd3737d00821f926fa519dd614827b7afe53b78,MPI-ESM1-2-LR,N/A,1991-2010,daily,not_recovered,not_recovered,not_recovered,10.22033/ESGF/CMIP6.6705,CC BY 4.0
weather/files/ssp585/Houston/houston_ssp585_late_2080s_heatwave_extreme_2086.epw,houston_ssp585_future_extreme,future_extreme,Houston,hot-humid,ssp585,SSP5-8.5,late_2080s,heatwave_extreme,2086,8760,1365647,7c92712736221d794d2730616a9a156411e12287e8504dfa5c348adeb58c96b6,456ac9090f099ca2729115b82f2d1299c41844e023397cc378f2f6098e18d343,MPI-ESM1-2-LR,N/A,1991-2010,daily,not_recovered,not_recovered,not_recovered,10.22033/ESGF/CMIP6.6705,CC BY 4.0
weather/files/ssp585/Kolkata/kolkata_ssp585_baseline_2020s_typical_2029.epw,kolkata_ssp585_present_typical,present_typical,Kolkata,hot-humid/deltaic,ssp585,SSP5-8.5,baseline_2020s,typical,2029,8760,1363915,1e05e6b55de50f35ebd54f14b07a8f3363486aa5637438bfde5ff9893272a2f8,3550d9d7c1350e979982ca94fd0e78a84f381aa2921f39fba5a34e3bf5e99c4e,MPI-ESM1-2-LR,N/A,1991-2010,daily,not_recovered,not_recovered,not_recovered,10.22033/ESGF/CMIP6.6705,CC BY 4.0
weather/files/ssp585/Kolkata/kolkata_ssp585_late_2080s_heatwave_extreme_2080.epw,kolkata_ssp585_future_extreme,future_extreme,Kolkata,hot-humid/deltaic,ssp585,SSP5-8.5,late_2080s,heatwave_extreme,2080,8784,1368302,bfd85083508c3216444abe68fe8a77e9c9610a55211b8bdef070c9305584ef39,c872d0260a9bd4ca16a799445ce3fccd15ac9dc280d7eef3ba658f4b6338a5b8,MPI-ESM1-2-LR,N/A,1991-2010,daily,not_recovered,not_recovered,not_recovered,10.22033/ESGF/CMIP6.6705,CC BY 4.0
weather/files/ssp585/Phoenix/phoenix_ssp585_baseline_2020s_typical_2029.epw,phoenix_ssp585_present_typical,present_typical,Phoenix,hot-dry/desert,ssp585,SSP5-8.5,baseline_2020s,typical,2029,8760,1361248,834dbee09d34338ff9146ddb79b0f8577a825414517a86092c2d2a3b26ef548e,6b61e1dc71fb3e88f344ccbcff1ad1f5a0ee142e85b3b0e5df4b4de10f02fd4e,MPI-ESM1-2-LR,N/A,1991-2010,daily,not_recovered,not_recovered,not_recovered,10.22033/ESGF/CMIP6.6705,CC BY 4.0
weather/files/ssp585/Phoenix/phoenix_ssp585_late_2080s_heatwave_extreme_2085.epw,phoenix_ssp585_future_extreme,future_extreme,Phoenix,hot-dry/desert,ssp585,SSP5-8.5,late_2080s,heatwave_extreme,2085,8760,1361093,c87bca757674ef4c90d121199fccd9052a4d8638951ca9d32c0655b0b5310380,92a7c51002b75939f8663277f90d95980bccc20f1c1354af68cd20471eead7c5,MPI-ESM1-2-LR,N/A,1991-2010,daily,not_recovered,not_recovered,not_recovered,10.22033/ESGF/CMIP6.6705,CC BY 4.0
