city,scenario,variable,climate_variable,transform,delta_mean,delta_std,delta_min,delta_max
Ahmedabad,ssp245,temp,tas_C,additive,0.7006498563720318,2.377307112251041,-11.90551999999999,11.164976
Ahmedabad,ssp245,pressure,ps_hPa,additive,0.06124725983571678,2.357344283949749,-9.456157500000018,9.174629999999979
Ahmedabad,ssp245,wind_speed,sfcWind,multiplicative,0.9528462082521235,0.3423158417197884,0.1030106928778682,2.957732212975728
Ahmedabad,ssp245,GHI,rsds,multiplicative,0.9653661399227618,0.08974225902972713,0.5649339971120498,1.415773345146512
Beijing,ssp245,temp,tas_C,additive,1.645767300171579,3.579270327862536,-13.9594145,16.15405349999998
Beijing,ssp245,pressure,ps_hPa,additive,-0.2093191140198666,6.102019299793246,-27.25293500000009,24.18482000000006
Beijing,ssp245,wind_speed,sfcWind,multiplicative,0.9834216440664405,0.4193318355802202,0.1343561391332229,3.935527680193558
Beijing,ssp245,GHI,rsds,multiplicative,1.019139264862589,0.09607115147273368,0.5660280869114634,1.352482306437926
Guangzhou,ssp245,temp,tas_C,additive,1.522644697696831,3.186537868871182,-15.66769299999999,12.93112949999999
Guangzhou,ssp245,pressure,ps_hPa,additive,-0.1273595469730665,4.121400302776056,-18.61225000000002,18.86872249999999
Guangzhou,ssp245,wind_speed,sfcWind,multiplicative,1.024903438570975,0.4359083153270421,0.1828099572297398,3.438187323783917
Guangzhou,ssp245,GHI,rsds,multiplicative,1.091281753515524,0.1629677721754599,0.6088409655641622,1.616663447272575
Houston,ssp245,temp,tas_C,additive,1.502451549103906,3.753847421752425,-15.34371799999999,14.496339
Houston,ssp245,pressure,ps_hPa,additive,-0.3117105366731298,5.418757121738751,-30.21118249999995,24.38518499999986
Houston,ssp245,wind_speed,sfcWind,multiplicative,1.027055255290081,0.378787371466986,0.09540064205289363,2.954228490980243
Houston,ssp245,GHI,rsds,multiplicative,1.019143003307363,0.09501963116721199,0.5973092047190566,1.387746951978994
Kolkata,ssp245,temp,tas_C,additive,0.1704680545447178,2.389934888226687,-9.410662000000009,11.56082249999997
Kolkata,ssp245,pressure,ps_hPa,additive,0.1417270497126111,2.727053243362856,-14.09071999999992,11.80093000000011
Kolkata,ssp245,wind_speed,sfcWind,multiplicative,0.9210397842024473,0.3762402555276856,0.09584089531588313,3.482242480030976
Kolkata,ssp245,GHI,rsds,multiplicative,0.959915042010933,0.061958186019959,0.6478535073650727,1.091100052650659
Phoenix,ssp245,temp,tas_C,additive,1.612143155227127,3.261747509349116,-13.60145649999999,12.6828745
Phoenix,ssp245,pressure,ps_hPa,additive,-0.1124243586312241,3.833595875354355,-29.23012750000009,18.88574500000016
Phoenix,ssp245,wind_speed,sfcWind,multiplicative,0.9873284736726029,0.4163708151351687,0.1661676332811779,4.044874765858016
Phoenix,ssp245,GHI,rsds,multiplicative,0.9941886008230507,0.08122823183932029,0.6867887141544419,1.302123668997044
Ahmedabad,ssp585,temp,tas_C,additive,1.158095615571274,2.565359729494578,-9.595446499999987,11.24954150000001
Ahmedabad,ssp585,pressure,ps_hPa,additive,-0.02906511022353264,2.363663598375568,-11.622435,8.477557499999989
Ahmedabad,ssp585,wind_speed,sfcWind,multiplicative,0.9099506063511364,0.3383448753256519,0.09926649928650927,2.671127979367762
Ahmedabad,ssp585,GHI,rsds,multiplicative,0.9506459345447904,0.1039019055498286,0.4784395017396144,1.566192653004896
Beijing,ssp585,temp,tas_C,additive,2.554169339383851,3.805830300937392,-14.5905115,16.68740850000002
Beijing,ssp585,pressure,ps_hPa,additive,-0.2129381837304057,6.057559360131259,-30.43531250000001,24.10306499999979
Beijing,ssp585,wind_speed,sfcWind,multiplicative,0.9849235366661356,0.4251942604986793,0.1056496479448678,3.661852168063002
Beijing,ssp585,GHI,rsds,multiplicative,1.010709628436789,0.094334756542394,0.6433633431552174,1.326237795680799
Guangzhou,ssp585,temp,tas_C,additive,2.356381330653333,3.477225139413267,-17.92802400000001,14.77469949999999
Guangzhou,ssp585,pressure,ps_hPa,additive,-0.1514281090796784,4.12498041741822,-19.11031000000003,20.65318499999989
Guangzhou,ssp585,wind_speed,sfcWind,multiplicative,1.0553076584039,0.4392879735547335,0.1205634207154869,3.589864008597294
Guangzhou,ssp585,GHI,rsds,multiplicative,1.090783870306659,0.1732770117691511,0.6377844476667831,1.683431803218023
Houston,ssp585,temp,tas_C,additive,2.29306501618208,3.901088708026104,-16.128571,16.95571949999998
Houston,ssp585,pressure,ps_hPa,additive,-0.3210676060504198,5.38993231891353,-31.02178250000009,21.96337500000004
Houston,ssp585,wind_speed,sfcWind,multiplicative,1.016432709203435,0.3702133566304028,0.1007471307570968,3.282386332147796
Houston,ssp585,GHI,rsds,multiplicative,1.018279988332442,0.0968764498576712,0.6136121757693482,1.333813525596374
Kolkata,ssp585,temp,tas_C,additive,0.7236238447721223,2.721598155731886,-8.299862000000008,13.27257749999999
Kolkata,ssp585,pressure,ps_hPa,additive,0.1232925785048544,2.793083467459351,-14.43772749999994,9.976657500000101
Kolkata,ssp585,wind_speed,sfcWind,multiplicative,0.9095506183019454,0.378095124975406,0.1130260512962525,4.773941593766576
Kolkata,ssp585,GHI,rsds,multiplicative,0.949071375941419,0.07096265869517729,0.6415562443527217,1.13838360106431
Phoenix,ssp585,temp,tas_C,additive,2.682605862378015,3.600727375318568,-12.36065899999998,14.66351100000002
Phoenix,ssp585,pressure,ps_hPa,additive,-0.09105288044776029,3.716038432776094,-25.10302749999994,16.29096749999997
Phoenix,ssp585,wind_speed,sfcWind,multiplicative,0.9872707139766486,0.4172795856458814,0.1451870575699292,4.534128661283614
Phoenix,ssp585,GHI,rsds,multiplicative,0.9882991405001967,0.08090698946800433,0.6464112114996216,1.305386003881637
