weather,strategy,n_steps,occupied_steps,electricity_kwh,natural_gas_kwh,peak_facility_electric_kw_15min,peak_zone_hvac_kw_15min,mean_operative_temp_c_occ,mean_pmv_occ,pmv_abs_gt_0p5_pct_occ,pmv_abs_gt_1p0_pct_occ,mean_ppd_pct_occ,ppd_gt_10_pct_occ,ppd_gt_25_pct_occ,adaptive_80_violation_pct_occ,mean_expected_tsv_occ,mean_p_tail_occ,mean_warm_tail_occ,mean_cold_tail_occ,mean_zone_p_tail_ge_0p20_pct_occ,max_zone_p_tail_mean_occ,max_zone_p_tail_ge_0p20_pct_occ,any_zone_high_mean_zone_not_high_pct_occ,relax_action_pct_all,guard_hold_pct_all,hvac_on_pct_all,horizon,period,severity,weather_year,period_order,severity_order,reference_electricity_kwh,reference_peak_facility_electric_kw_15min,reference_peak_zone_hvac_kw_15min,electricity_delta_pct_vs_reference,electricity_savings_pct_vs_reference,peak_facility_delta_pct_vs_reference,peak_zone_hvac_delta_pct_vs_reference
guangzhou_ssp585_baseline_2020s_typical_2025,diagnostic_reference,35040,16704,519746.4157218067,28700.84678405824,167.82087334475298,167.91702537571385,25.263006888535504,0.22100510855683267,23.641044061302683,3.125,8.829045291279535,23.928400383141764,3.4722222222222223,,0.18433708160194326,0.08979140706357824,0.059609911149094315,0.030181495914483877,4.932950191570881,0.14399478012492517,24.16786398467433,19.23491379310345,0.0,0.0,58.9041095890411,baseline,2020s,typical,2025,0,0,519746.4157218067,167.82087334475298,167.91702537571385,0.0,-0.0,0.0,0.0
guangzhou_ssp585_baseline_2020s_typical_2025,paperb_adaptive_band_relax,35040,16704,511702.9446203414,28866.69487886365,167.82298647859295,165.70789814353606,25.602786135951625,0.31675937899106,28.771551724137932,4.208572796934866,9.927884816159088,29.639607279693486,4.75933908045977,,0.2546910467863793,0.10031922138452498,0.07192336114003361,0.028395860244491332,6.291906130268199,0.1567656776279883,26.915708812260537,20.623802681992338,1.3926940639269407,4.9229452054794525,59.21232876712329,baseline,2020s,typical,2025,0,0,519746.4157218067,167.82087334475298,167.91702537571385,-1.5475760598165467,1.5475760598165467,0.0012591603165024168,-1.315606459341978
guangzhou_ssp585_baseline_2020s_typical_2025,paperb_gate_tail_asym_relax,35040,16704,511584.4241059409,28940.645465586807,167.82304795187386,165.62288004384828,25.62050044700867,0.321765166028097,28.639846743295017,4.154693486590038,9.798683304885895,28.819444444444443,4.519875478927203,,0.2570562070065634,0.10044761773074727,0.07222468786246782,0.028222929868279397,6.273946360153257,0.15699739926799428,26.927681992337167,20.65373563218391,4.023972602739726,0.0,59.21518264840183,baseline,2020s,typical,2025,0,0,519746.4157218067,167.82087334475298,167.91702537571385,-1.5703795868473036,1.5703795868473036,0.0012957906114552387,-1.3662374775472719
guangzhou_ssp585_baseline_2020s_typical_2025,paperb_mu_relax,35040,16704,511770.8285087049,28940.72779838162,167.8230537114992,165.6408235140451,25.61832058617387,0.3211975973818646,28.46024904214559,4.160680076628352,9.78681102890917,28.663793103448278,4.513888888888888,,0.2566407428099521,0.10042005159004468,0.07216927397400469,0.028250777616039918,6.25,0.15707679281057535,26.933668582375482,20.68366858237548,6.672374429223744,0.0,59.21518264840183,baseline,2020s,typical,2025,0,0,519746.4157218067,167.82087334475298,167.91702537571385,-1.5345150965640708,1.5345150965640708,0.0012992226191999023,-1.3555515627886705
guangzhou_ssp585_baseline_2020s_typical_2025,paperb_pmv_exceedance_guard_relax,35040,16704,512484.49950998503,28895.824557591743,167.82289810390844,165.46404350809624,25.61922246427963,0.32172968550446995,28.544061302681996,4.112787356321839,9.869780478221234,29.454022988505745,4.61566091954023,,0.2568949029046393,0.10055715143792368,0.07229128659829381,0.02826586483962982,6.25,0.15724854771182503,27.053400383141764,20.803400383141764,2.7853881278538815,11.646689497716894,59.25513698630137,baseline,2020s,typical,2025,0,0,519746.4157218067,167.82087334475298,167.91702537571385,-1.3972037116863123,1.3972037116863123,0.001206500189820936,-1.4608297533433956
guangzhou_ssp585_baseline_2020s_typical_2025,paperb_ppd_guard_relax,35040,16704,512550.41487561015,28894.108956469037,167.8229344623089,165.45836646159606,25.618689066314424,0.3216129070881225,28.508141762452105,4.106800766283525,9.867259123815796,29.436063218390807,4.61566091954023,,0.2567913886729134,0.10054166291099811,0.07227014057519265,0.028271522335805415,6.232040229885057,0.15728156106379168,27.065373563218394,20.833333333333336,3.030821917808219,11.832191780821919,59.252283105022826,baseline,2020s,typical,2025,0,0,519746.4157218067,167.82087334475298,167.91702537571385,-1.3845214951993423,1.3845214951993423,0.0012281651947221306,-1.4642106174859615
guangzhou_ssp585_baseline_2020s_typical_2025,reference,35040,16704,519746.4157218067,28700.84678405824,167.82087334475298,167.91702537571385,25.263006888535504,0.22100510855683267,23.641044061302683,3.125,8.829045291279535,23.928400383141764,3.4722222222222223,,,,,,0.0,,0.0,0.0,0.0,0.0,58.9041095890411,baseline,2020s,typical,2025,0,0,519746.4157218067,167.82087334475298,167.91702537571385,0.0,-0.0,0.0,0.0
guangzhou_ssp585_baseline_2020s_hot_2028,diagnostic_reference,35040,16704,523669.1590879225,27424.527682970605,168.36120105265417,160.34087021425984,25.392552881742958,0.2632647270114942,24.377394636015325,5.5375957854406135,9.278940904652252,24.491139846743295,5.8548850574712645,,0.2038685191348154,0.09367806930942289,0.06410206181834806,0.029576007491074804,7.52514367816092,0.1466655534820038,24.359434865900383,16.834291187739463,0.0,0.0,59.36929223744293,baseline,2020s,hot,2028,0,1,523669.1590879225,168.36120105265417,160.34087021425984,0.0,-0.0,0.0,0.0
guangzhou_ssp585_baseline_2020s_hot_2028,paperb_adaptive_band_relax,35040,16704,515955.74329475506,27637.23271760555,168.3606364074884,161.01126522382884,25.741805377090472,0.3617373882503193,28.46024904214559,6.687021072796935,10.41739585858879,29.358237547892717,7.26772030651341,,0.2756244185939853,0.10445943901097832,0.07680656730056007,0.027652871710418206,8.650622605363985,0.16104853110947473,28.184865900383144,19.534243295019156,0.8476027397260274,5.034246575342466,59.551940639269404,baseline,2020s,hot,2028,0,1,523669.1590879225,168.36120105265417,160.34087021425984,-1.4729559034184714,1.4729559034184714,-0.00033537724976051564,0.41810613143933306
guangzhou_ssp585_baseline_2020s_hot_2028,paperb_gate_tail_asym_relax,35040,16704,515743.6241614129,27616.188702191335,168.3606381994695,160.1403007207105,25.754945464664157,0.3654470785440613,28.46024904214559,6.693007662835249,10.31307712557257,28.669779693486593,7.1000957854406135,,0.2774870406140909,0.10459211876352911,0.07711257366766881,0.02747954509586026,8.620689655172415,0.16136872153087048,28.262691570881227,19.64200191570881,5.16837899543379,0.0,59.56335616438356,baseline,2020s,hot,2028,0,1,523669.1590879225,168.36120105265417,160.34087021425984,-1.5134622287693134,1.5134622287693134,-0.0003343128827548725,-0.12508943807110207
guangzhou_ssp585_baseline_2020s_hot_2028,paperb_mu_relax,35040,16704,515795.5313666865,27616.40545552141,168.36062810675227,160.01646077473904,25.753815791346383,0.3651405651340996,28.442289272030653,6.687021072796935,10.305530362624541,28.615900383141764,7.094109195402298,,0.27733096246111244,0.10460825022523693,0.07711440458610114,0.027493845639135744,8.64463601532567,0.1614932018905776,28.35249042145594,19.707854406130267,7.377283105022831,0.0,59.56335616438356,baseline,2020s,hot,2028,0,1,523669.1590879225,168.36120105265417,160.34087021425984,-1.5035500152328019,1.5035500152328019,-0.0003403075639174524,-0.20232485896284347
guangzhou_ssp585_baseline_2020s_hot_2028,paperb_pmv_exceedance_guard_relax,35040,16704,516510.7443857839,27606.75765069702,168.36047583211052,160.05320433139153,25.751233814536693,0.3648109833971903,28.388409961685824,6.698994252873564,10.402253992575448,29.304358237547895,7.261733716475096,,0.27690359750237004,0.10471410647150815,0.07715532724831803,0.027558779223190086,8.668582375478927,0.16190752940461337,28.48419540229885,19.81561302681992,4.046803652968037,10.339611872146119,59.55479452054795,baseline,2020s,hot,2028,0,1,523669.1590879225,168.36120105265417,160.34087021425984,-1.366972749475337,1.366972749475337,-0.00043075277386117605,-0.1794089569826518
guangzhou_ssp585_baseline_2020s_hot_2028,paperb_ppd_guard_relax,35040,16704,516571.4285267308,27606.635131698622,168.36046962102893,160.05472082795097,25.75071657885785,0.3646987148786718,28.400383141762454,6.687021072796935,10.398923544844699,29.292385057471265,7.249760536398467,,0.27678445118324985,0.10469312839600292,0.07713096476503153,0.027562163630971328,8.638649425287356,0.1619205339365612,28.478208812260537,19.83955938697318,4.309360730593608,10.507990867579908,59.55479452054795,baseline,2020s,hot,2028,0,1,523669.1590879225,168.36120105265417,160.34087021425984,-1.355384490000111,1.355384490000111,-0.000434441914565209,-0.17846316159223496
guangzhou_ssp585_baseline_2020s_hot_2028,reference,35040,16704,523669.1590879225,27424.527682970605,168.36120105265417,160.34087021425984,25.392552881742958,0.2632647270114942,24.377394636015325,5.5375957854406135,9.278940904652252,24.491139846743295,5.8548850574712645,,,,,,0.0,,0.0,0.0,0.0,0.0,59.36929223744293,baseline,2020s,hot,2028,0,1,523669.1590879225,168.36120105265417,160.34087021425984,0.0,-0.0,0.0,0.0
guangzhou_ssp585_baseline_2020s_heatwave_extreme_2026,diagnostic_reference,35040,16704,519185.5567362218,27986.489315033585,169.93020857593,159.046313917564,25.387653789613132,0.26424109993614303,26.287116858237546,6.315852490421456,9.774811709709978,26.478687739463602,6.8486590038314175,,0.21616159086018638,0.09616095792843381,0.06664361627655502,0.02951734165187871,8.147749042145595,0.1462168987448653,25.718390804597703,17.57064176245211,0.0,0.0,59.340753424657535,baseline,2020s,heatwave_extreme,2026,0,2,519185.5567362218,169.93020857593,159.046313917564,0.0,-0.0,0.0,0.0
guangzhou_ssp585_baseline_2020s_heatwave_extreme_2026,paperb_adaptive_band_relax,35040,16704,511252.54205565056,28161.360776619546,169.92255234143676,158.80549317129834,25.729226557317176,0.3603839000638569,30.627394636015325,7.519157088122605,10.838044298738103,31.309865900383144,8.081896551724139,,0.2879374380519513,0.10725365663084835,0.07922672925173618,0.02802692737911213,9.54861111111111,0.1597137819589685,29.32830459770115,19.779693486590038,0.9103881278538813,3.3333333333333335,59.62043378995434,baseline,2020s,heatwave_extreme,2026,0,2,519185.5567362218,169.93020857593,159.046313917564,-1.5279729140465492,1.5279729140465492,-0.0045055170339702855,-0.15141548416549577
guangzhou_ssp585_baseline_2020s_heatwave_extreme_2026,paperb_gate_tail_asym_relax,35040,16704,511233.8471049227,28189.380884469727,169.92291188353738,159.4292089927095,25.737761472998095,0.36284402937420174,30.51963601532567,7.513170498084292,10.726077083371399,30.56154214559387,7.908285440613026,,0.28901762965679273,0.10729002789047143,0.07935742770662323,0.027932600183848133,9.566570881226054,0.15978240401238641,29.334291187739463,19.767720306513407,5.664954337899544,0.0,59.61472602739726,baseline,2020s,heatwave_extreme,2026,0,2,519185.5567362218,169.93020857593,159.046313917564,-1.5315737366205506,1.5315737366205506,-0.004293934818166978,0.24074438804282394
guangzhou_ssp585_baseline_2020s_heatwave_extreme_2026,paperb_mu_relax,35040,16704,511308.41484555736,28189.40733204857,169.9231829540834,163.86830510389427,25.736612873805463,0.3625422254150702,30.465756704980844,7.495210727969348,10.718930051331924,30.555555555555557,7.908285440613026,,0.2888150885277508,0.10727529744937905,0.07932894294005384,0.027946354509325155,9.596503831417625,0.15987853851412628,29.346264367816094,19.749760536398465,7.936643835616438,0.0,59.61187214611871,baseline,2020s,heatwave_extreme,2026,0,2,519185.5567362218,169.93020857593,159.046313917564,-1.517211291504883,1.517211291504883,-0.004134416067336222,3.031815744456412
guangzhou_ssp585_baseline_2020s_heatwave_extreme_2026,paperb_pmv_exceedance_guard_relax,35040,16704,511940.2228828486,28147.14514375167,169.92332611662846,159.5942176366644,25.73493147836505,0.3623262292464878,30.334051724137932,7.471264367816093,10.806441240875072,31.100335249042143,8.051963601532568,,0.28858268467516823,0.10735598066935188,0.07935429272668537,0.028001687942666456,9.608477011494253,0.1601230779806962,29.51388888888889,19.905411877394634,4.4035388127853885,10.898972602739725,59.6175799086758,baseline,2020s,heatwave_extreme,2026,0,2,519185.5567362218,169.93020857593,159.046313917564,-1.3955191471272665,1.3955191471272665,-0.004050168218605599,0.34449318918789995
guangzhou_ssp585_baseline_2020s_heatwave_extreme_2026,paperb_ppd_guard_relax,35040,16704,511993.30344415543,28149.638954071062,169.9233437933285,159.59333849128961,25.734849016713312,0.3623299409323115,30.334051724137932,7.465277777777778,10.8051114019044,31.082375478927204,8.051963601532568,,0.2885558537987233,0.10735706418979477,0.07935433871272117,0.02800272547707353,9.614463601532568,0.1601830102548957,29.549808429118773,19.935344827586206,4.688926940639269,10.978881278538813,59.61472602739726,baseline,2020s,heatwave_extreme,2026,0,2,519185.5567362218,169.93020857593,159.046313917564,-1.385295333961012,1.385295333961012,-0.004039765889196634,0.34394042857801566
guangzhou_ssp585_baseline_2020s_heatwave_extreme_2026,reference,35040,16704,519185.5567362218,27986.489315033585,169.93020857593,159.046313917564,25.387653789613132,0.26424109993614303,26.287116858237546,6.315852490421456,9.774811709709978,26.478687739463602,6.8486590038314175,,,,,,0.0,,0.0,0.0,0.0,0.0,59.340753424657535,baseline,2020s,heatwave_extreme,2026,0,2,519185.5567362218,169.93020857593,159.046313917564,0.0,-0.0,0.0,0.0
guangzhou_ssp585_near_2030s_typical_2039,diagnostic_reference,35040,16704,527365.469889419,26899.96921334802,168.30655276053918,164.71005716911455,25.346416590538627,0.2501694204980842,23.293821839080458,3.603927203065134,8.867075559356763,23.419540229885058,4.034961685823755,,0.19117579515097896,0.0898174643874171,0.05997098099240045,0.029846483395016603,5.4238505747126435,0.13979083549282248,22.569444444444446,17.1455938697318,0.0,0.0,58.90981735159817,near,2030s,typical,2039,1,0,527365.469889419,168.30655276053918,164.71005716911455,0.0,-0.0,0.0,0.0
guangzhou_ssp585_near_2030s_typical_2039,paperb_adaptive_band_relax,35040,16704,519172.84233173257,27037.38327942827,168.3044045368019,165.73360099247108,25.702319068493775,0.35047800925925926,28.38242337164751,4.909003831417625,10.063239913200867,29.376197318007662,5.555555555555555,,0.2640275899899991,0.10108705454233871,0.07313979939783895,0.027947255144499722,7.088122605363985,0.15379079982601346,27.023467432950195,19.935344827586206,0.8190639269406392,5.171232876712329,59.252283105022826,near,2030s,typical,2039,1,0,527365.469889419,168.30655276053918,164.71005716911455,-1.5535009448768733,1.5535009448768733,-0.0012763755789846343,0.6214215700900416
guangzhou_ssp585_near_2030s_typical_2039,paperb_gate_tail_asym_relax,35040,16704,519109.8734756167,27036.68581551468,168.30483393968564,165.77736783842747,25.712762156256,0.35347992496807146,28.292624521072796,4.914990421455938,9.952130570838735,28.520114942528735,5.411877394636015,,0.2653946349224017,0.1011995510488762,0.07336446298368908,0.027835088065187072,7.070162835249043,0.1540120119615391,27.11925287356322,20.049090038314176,4.42351598173516,0.0,59.29223744292238,near,2030s,typical,2039,1,0,527365.469889419,168.30655276053918,164.71005716911455,-1.5654412139523344,1.5654412139523344,-0.0010212441674761763,0.6479936244676798
guangzhou_ssp585_near_2030s_typical_2039,paperb_mu_relax,35040,16704,519138.86602678103,27036.701961929502,168.30475101590537,165.7804774769125,25.711535118494634,0.35312172733077907,28.250718390804597,4.9030172413793105,9.942658212507292,28.490181992337167,5.387931034482758,,0.26515183569130124,0.10116086281655834,0.07331295859211093,0.027847904224447367,7.08213601532567,0.15394241771377354,27.12523946360153,20.04310344827586,6.381278538812786,0.0,59.28938356164384,near,2030s,typical,2039,1,0,527365.469889419,168.30655276053918,164.71005716911455,-1.5599435936454076,1.5599435936454076,-0.001070513657519534,0.6498815714081729
guangzhou_ssp585_near_2030s_typical_2039,paperb_pmv_exceedance_guard_relax,35040,16704,519841.3914266558,27030.20357197872,168.30519397939298,165.76816151520234,25.709447479355113,0.3528481800766284,28.15493295019157,4.891044061302682,10.03735836685734,29.142720306513407,5.549568965517242,,0.26485912781365073,0.10126408054572111,0.07334821217564934,0.027915868370071737,7.058189655172415,0.1542665946197893,27.197078544061306,20.13888888888889,3.1678082191780823,11.090182648401827,59.30936073059361,near,2030s,typical,2039,1,0,527365.469889419,168.30655276053918,164.71005716911455,-1.426729448998798,1.426729448998798,-0.0008073251599016729,0.6424042127563423
guangzhou_ssp585_near_2030s_typical_2039,paperb_ppd_guard_relax,35040,16704,519929.04775542085,27030.196363951298,168.30519079061534,165.76682914546612,25.708676380716604,0.3526776021711367,28.142959770114945,4.891044061302682,10.033317332286973,29.10081417624521,5.555555555555555,,0.26470041381382886,0.10124419291053956,0.07331881116744628,0.027925381743093225,7.064176245210728,0.154307211818752,27.23299808429119,20.168821839080458,3.493150684931507,11.22431506849315,59.30365296803652,near,2030s,typical,2039,1,0,527365.469889419,168.30655276053918,164.71005716911455,-1.4101078964380287,1.4101078964380287,-0.0008092197846698568,0.6415952944916592
guangzhou_ssp585_near_2030s_typical_2039,reference,35040,16704,527365.469889419,26899.96921334802,168.30655276053918,164.71005716911455,25.346416590538627,0.2501694204980842,23.293821839080458,3.603927203065134,8.867075559356763,23.419540229885058,4.034961685823755,,,,,,0.0,,0.0,0.0,0.0,0.0,58.90981735159817,near,2030s,typical,2039,1,0,527365.469889419,168.30655276053918,164.71005716911455,0.0,-0.0,0.0,0.0
guangzhou_ssp585_near_2030s_hot_2033,diagnostic_reference,35040,16704,535277.5581753133,27058.549902538212,168.51945457545682,162.20290326313506,25.50846639290474,0.30439786877394637,29.388170498084293,7.219827586206897,10.343545980333346,29.591714559386972,7.836446360153257,,0.2295531495689644,0.10138717299573388,0.07234163616462633,0.029045536831107506,9.90780651340996,0.1592808953370112,28.861350574712645,18.953544061302683,0.0,0.0,59.666095890410965,near,2030s,hot,2033,1,1,535277.5581753133,168.51945457545682,162.20290326313506,0.0,-0.0,0.0,0.0
guangzhou_ssp585_near_2030s_hot_2033,paperb_adaptive_band_relax,35040,16704,527362.5300853255,27183.726092763387,168.52284101205717,163.23300420456948,25.83700692710617,0.3964744572158365,33.41115900383142,8.477011494252872,11.397453166636671,34.15349616858238,9.482758620689655,,0.29781920495374975,0.1118823561654101,0.08441692810578708,0.02746542805962297,11.488266283524904,0.17065760576067288,31.85464559386973,20.36637931034483,0.7848173515981735,3.4788812785388123,59.974315068493155,near,2030s,hot,2033,1,1,535277.5581753133,168.51945457545682,162.20290326313506,-1.4786773645002138,1.4786773645002138,0.002009522644663697,0.6350693610972735
guangzhou_ssp585_near_2030s_hot_2033,paperb_gate_tail_asym_relax,35040,16704,527255.5447613676,27171.199724178925,168.52411574214173,162.46756998142257,25.842947650613592,0.39815094189016603,33.39918582375479,8.47102490421456,11.28156710450638,33.44109195402299,9.249281609195402,,0.29852662824656745,0.11191504915703089,0.0845080916583024,0.02740695749872844,11.55411877394636,0.17082868003668392,31.9264846743295,20.37236590038314,6.712328767123288,0.0,59.974315068493155,near,2030s,hot,2033,1,1,535277.5581753133,168.51945457545682,162.20290326313506,-1.4986642521109261,1.4986642521109261,0.0027659516799838357,0.1631701485997228
guangzhou_ssp585_near_2030s_hot_2033,paperb_mu_relax,35040,16704,527371.4949525016,27171.211191344337,168.52390234495778,162.46774273076161,25.84178852371984,0.39788146551724146,33.38122605363984,8.47102490421456,11.274801241398018,33.435105363984675,9.249281609195402,,0.2984377113029041,0.11194889352520636,0.084525130790097,0.027423762735109297,11.566091954022989,0.17101645122050055,31.90852490421456,20.342432950191572,9.683219178082192,0.0,59.974315068493155,near,2030s,hot,2033,1,1,535277.5581753133,168.51945457545682,162.20290326313506,-1.477002557283058,1.477002557283058,0.0026393210873942863,0.1632766506015848
guangzhou_ssp585_near_2030s_hot_2033,paperb_pmv_exceedance_guard_relax,35040,16704,528102.8439854741,27154.990842320938,168.52365340543815,162.46874760569307,25.839155307729925,0.397494212962963,33.285440613026815,8.405172413793103,11.370145204121092,34.04573754789272,9.375,,0.2978378182763193,0.11198462939189636,0.08450143399129177,0.027483195400604534,11.476293103448276,0.17134841024475989,31.992337164750957,20.516044061302683,4.914383561643835,11.860730593607306,59.968607305936075,near,2030s,hot,2033,1,1,535277.5581753133,168.51945457545682,162.20290326313506,-1.340372687077862,1.340372687077862,0.002491599555609625,0.16389616783045735
guangzhou_ssp585_near_2030s_hot_2033,paperb_ppd_guard_relax,35040,16704,528221.3382840652,27155.46277560974,168.52355265091936,162.47153953725746,25.83860107470389,0.397410799808429,33.24952107279693,8.405172413793103,11.366170165083258,34.01580459770115,9.363026819923371,,0.29775134926876456,0.11198256027952484,0.08449351132470859,0.027489048954816183,11.488266283524904,0.171392227442083,32.00431034482759,20.516044061302683,5.3938356164383565,11.752283105022832,59.968607305936075,near,2030s,hot,2033,1,1,535277.5581753133,168.51945457545682,162.20290326313506,-1.318235704725168,1.318235704725168,0.00243181149195415,0.16561742651832745
guangzhou_ssp585_near_2030s_hot_2033,reference,35040,16704,535277.5581753133,27058.549902538212,168.51945457545682,162.20290326313506,25.50846639290474,0.30439786877394637,29.388170498084293,7.219827586206897,10.343545980333346,29.591714559386972,7.836446360153257,,,,,,0.0,,0.0,0.0,0.0,0.0,59.666095890410965,near,2030s,hot,2033,1,1,535277.5581753133,168.51945457545682,162.20290326313506,0.0,-0.0,0.0,0.0
guangzhou_ssp585_near_2030s_heatwave_extreme_2033,diagnostic_reference,35040,16704,535277.5581753133,27058.549902538212,168.51945457545682,162.20290326313506,25.50846639290474,0.30439786877394637,29.388170498084293,7.219827586206897,10.343545980333346,29.591714559386972,7.836446360153257,,0.2295531495689644,0.10138717299573388,0.07234163616462633,0.029045536831107506,9.90780651340996,0.1592808953370112,28.861350574712645,18.953544061302683,0.0,0.0,59.666095890410965,near,2030s,heatwave_extreme,2033,1,2,535277.5581753133,168.51945457545682,162.20290326313506,0.0,-0.0,0.0,0.0
guangzhou_ssp585_near_2030s_heatwave_extreme_2033,paperb_adaptive_band_relax,35040,16704,527362.5300853255,27183.726092763387,168.52284101205717,163.23300420456948,25.83700692710617,0.3964744572158365,33.41115900383142,8.477011494252872,11.397453166636671,34.15349616858238,9.482758620689655,,0.29781920495374975,0.1118823561654101,0.08441692810578708,0.02746542805962297,11.488266283524904,0.17065760576067288,31.85464559386973,20.36637931034483,0.7848173515981735,3.4788812785388123,59.974315068493155,near,2030s,heatwave_extreme,2033,1,2,535277.5581753133,168.51945457545682,162.20290326313506,-1.4786773645002138,1.4786773645002138,0.002009522644663697,0.6350693610972735
guangzhou_ssp585_near_2030s_heatwave_extreme_2033,paperb_gate_tail_asym_relax,35040,16704,527255.5447613676,27171.199724178925,168.52411574214173,162.46756998142257,25.842947650613592,0.39815094189016603,33.39918582375479,8.47102490421456,11.28156710450638,33.44109195402299,9.249281609195402,,0.29852662824656745,0.11191504915703089,0.0845080916583024,0.02740695749872844,11.55411877394636,0.17082868003668392,31.9264846743295,20.37236590038314,6.712328767123288,0.0,59.974315068493155,near,2030s,heatwave_extreme,2033,1,2,535277.5581753133,168.51945457545682,162.20290326313506,-1.4986642521109261,1.4986642521109261,0.0027659516799838357,0.1631701485997228
guangzhou_ssp585_near_2030s_heatwave_extreme_2033,paperb_mu_relax,35040,16704,527371.4949525016,27171.211191344337,168.52390234495778,162.46774273076161,25.84178852371984,0.39788146551724146,33.38122605363984,8.47102490421456,11.274801241398018,33.435105363984675,9.249281609195402,,0.2984377113029041,0.11194889352520636,0.084525130790097,0.027423762735109297,11.566091954022989,0.17101645122050055,31.90852490421456,20.342432950191572,9.683219178082192,0.0,59.974315068493155,near,2030s,heatwave_extreme,2033,1,2,535277.5581753133,168.51945457545682,162.20290326313506,-1.477002557283058,1.477002557283058,0.0026393210873942863,0.1632766506015848
guangzhou_ssp585_near_2030s_heatwave_extreme_2033,paperb_pmv_exceedance_guard_relax,35040,16704,528102.8439854741,27154.990842320938,168.52365340543815,162.46874760569307,25.839155307729925,0.397494212962963,33.285440613026815,8.405172413793103,11.370145204121092,34.04573754789272,9.375,,0.2978378182763193,0.11198462939189636,0.08450143399129177,0.027483195400604534,11.476293103448276,0.17134841024475989,31.992337164750957,20.516044061302683,4.914383561643835,11.860730593607306,59.968607305936075,near,2030s,heatwave_extreme,2033,1,2,535277.5581753133,168.51945457545682,162.20290326313506,-1.340372687077862,1.340372687077862,0.002491599555609625,0.16389616783045735
guangzhou_ssp585_near_2030s_heatwave_extreme_2033,paperb_ppd_guard_relax,35040,16704,528221.3382840652,27155.46277560974,168.52355265091936,162.47153953725746,25.83860107470389,0.397410799808429,33.24952107279693,8.405172413793103,11.366170165083258,34.01580459770115,9.363026819923371,,0.29775134926876456,0.11198256027952484,0.08449351132470859,0.027489048954816183,11.488266283524904,0.171392227442083,32.00431034482759,20.516044061302683,5.3938356164383565,11.752283105022832,59.968607305936075,near,2030s,heatwave_extreme,2033,1,2,535277.5581753133,168.51945457545682,162.20290326313506,-1.318235704725168,1.318235704725168,0.00243181149195415,0.16561742651832745
guangzhou_ssp585_near_2030s_heatwave_extreme_2033,reference,35040,16704,535277.5581753133,27058.549902538212,168.51945457545682,162.20290326313506,25.50846639290474,0.30439786877394637,29.388170498084293,7.219827586206897,10.343545980333346,29.591714559386972,7.836446360153257,,,,,,0.0,,0.0,0.0,0.0,0.0,59.666095890410965,near,2030s,heatwave_extreme,2033,1,2,535277.5581753133,168.51945457545682,162.20290326313506,0.0,-0.0,0.0,0.0
guangzhou_ssp585_mid_2050s_typical_2050,diagnostic_reference,35040,16704,541729.3684116795,28495.069721493313,169.97691442880614,165.1784355762399,25.58431410276793,0.32595214719029375,33.087883141762454,9.979645593869732,11.323133710764967,33.2375478927203,10.578304597701148,,0.2538709528303983,0.10757308791423269,0.07952196808476977,0.02805111982946286,12.990900383141762,0.16809348520370637,32.06417624521073,19.073275862068968,0.0,0.0,60.11986301369863,mid,2050s,typical,2050,2,0,541729.3684116795,169.97691442880614,165.1784355762399,0.0,-0.0,0.0,0.0
guangzhou_ssp585_mid_2050s_typical_2050,paperb_adaptive_band_relax,35040,16704,534315.3192286884,28661.262622373237,169.91549211999632,166.08149465638516,25.881444822323573,0.40959614463601535,38.60751915708812,11.206896551724139,12.42445389671457,39.535440613026815,12.266522988505747,,0.3163107854038166,0.11716658693890322,0.09066459981089833,0.026501987128004865,14.050526819923373,0.17982194402834784,34.985632183908045,20.935105363984675,1.7265981735159819,4.317922374429224,60.25399543378995,mid,2050s,typical,2050,2,0,541729.3684116795,169.97691442880614,165.1784355762399,-1.368589117612129,1.368589117612129,-0.03613567702192011,0.5467172981720392
guangzhou_ssp585_mid_2050s_typical_2050,paperb_gate_tail_asym_relax,35040,16704,534191.2915971223,28813.38689052681,169.92996978198866,164.5466726472334,25.90384398853723,0.4159858716475095,38.332136015325666,11.188936781609195,12.247278576709023,38.40996168582376,11.991139846743296,,0.3195611954640173,0.11732578217939647,0.09106087558952139,0.026264906589875053,14.056513409961685,0.18033757388171975,34.96168582375479,20.905172413793103,7.922374429223744,0.0,60.262557077625566,mid,2050s,typical,2050,2,0,541729.3684116795,169.97691442880614,165.1784355762399,-1.3914838762864923,1.3914838762864923,-0.02761824861642337,-0.38247300672302753
guangzhou_ssp585_mid_2050s_typical_2050,paperb_mu_relax,35040,16704,534258.3078247831,28813.40752537433,169.92997278238397,164.54888744446615,25.90309062158779,0.4158144157088123,38.30818965517241,11.182950191570882,12.243422986916109,38.3860153256705,11.991139846743296,,0.3195083196036016,0.11734265561552394,0.09106681875006094,0.026275836865462962,13.990660919540229,0.18036864991012252,34.92576628352491,20.935105363984675,10.33390410958904,0.0,60.26826484018265,mid,2050s,typical,2050,2,0,541729.3684116795,169.97691442880614,165.1784355762399,-1.379113081648331,1.379113081648331,-0.02761648343829748,-0.38113215540365175
guangzhou_ssp585_mid_2050s_typical_2050,paperb_pmv_exceedance_guard_relax,35040,16704,535286.7490402748,28755.648381737185,169.98332188043332,164.56315851141932,25.903497460496148,0.416374840357599,38.230363984674334,11.16499042145594,12.358431093335117,39.03256704980843,12.21264367816092,,0.3196886041769306,0.11757848092002342,0.09126856957943465,0.026309911340588733,14.056513409961685,0.180920681711715,35.15325670498085,21.096743295019156,6.215753424657534,12.902397260273974,60.29965753424658,mid,2050s,typical,2050,2,0,541729.3684116795,169.97691442880614,165.1784355762399,-1.1892689868917672,1.1892689868917672,0.0037696010947829706,-0.3724923672234426
guangzhou_ssp585_mid_2050s_typical_2050,paperb_ppd_guard_relax,35040,16704,535328.4607784215,28754.22352714917,169.98351639671878,164.5515240388266,25.901908515834158,0.41589814814814813,38.15253831417624,11.16499042145594,12.344814576392347,38.99066091954023,12.206657088122604,,0.31940234406880896,0.11754145572169425,0.09121483593934382,0.02632661978235037,14.050526819923373,0.1808392976132701,35.14128352490422,21.090756704980844,6.720890410958905,12.768264840182647,60.29680365296804,mid,2050s,typical,2050,2,0,541729.3684116795,169.97691442880614,165.1784355762399,-1.1815692496098484,1.1815692496098484,0.0038840379794180535,-0.37953594561315196
guangzhou_ssp585_mid_2050s_typical_2050,reference,35040,16704,541729.3684116795,28495.069721493313,169.97691442880614,165.1784355762399,25.58431410276793,0.32595214719029375,33.087883141762454,9.979645593869732,11.323133710764967,33.2375478927203,10.578304597701148,,,,,,0.0,,0.0,0.0,0.0,0.0,60.11986301369863,mid,2050s,typical,2050,2,0,541729.3684116795,169.97691442880614,165.1784355762399,0.0,-0.0,0.0,0.0
guangzhou_ssp585_mid_2050s_hot_2057,diagnostic_reference,35040,16704,564721.633378979,27027.429727774273,169.0277392085151,160.8863577371338,25.685467895630815,0.3654136334610472,33.79430076628353,8.004070881226054,10.986929681181548,33.81824712643678,8.90205938697318,,0.25758181213456033,0.1068187490976045,0.07917469047197412,0.02764405862563032,11.673850574712644,0.17511741232664352,34.375,22.701149425287355,0.0,0.0,60.482305936073054,mid,2050s,hot,2057,2,1,564721.633378979,169.0277392085151,160.8863577371338,0.0,-0.0,0.0,0.0
guangzhou_ssp585_mid_2050s_hot_2057,paperb_adaptive_band_relax,35040,16704,556172.49122895,27150.169176346735,169.00874031632753,163.0239730703217,25.994964703701193,0.4519155092592593,38.793103448275865,9.392959770114942,12.159948740768408,39.9066091954023,10.506465517241379,,0.3221670890589433,0.11697855438814735,0.09089040257070859,0.026088151817438694,13.164511494252872,0.18732245867810854,37.58979885057471,24.42528735632184,0.9474885844748858,1.4726027397260275,60.739155251141554,mid,2050s,hot,2057,2,1,564721.633378979,169.0277392085151,160.8863577371338,-1.5138683635822048,1.5138683635822048,-0.011240103119480871,1.3286492175305753
guangzhou_ssp585_mid_2050s_hot_2057,paperb_gate_tail_asym_relax,35040,16704,556171.3349231587,27173.287911440526,169.00961482306434,161.03636754633254,26.00250157893124,0.4540988186462324,38.76317049808429,9.40493295019157,12.016693153951707,39.002634099616856,10.219109195402298,,0.323079188897129,0.11704094038200377,0.09102970546314683,0.02601123491885689,13.194444444444445,0.18743528545111338,37.60177203065134,24.407327586206897,7.61986301369863,0.0,60.75057077625571,mid,2050s,hot,2057,2,1,564721.633378979,169.0277392085151,160.8863577371338,-1.5140731203549085,1.5140731203549085,-0.01072272843239963,0.09323960794975772
guangzhou_ssp585_mid_2050s_hot_2057,paperb_mu_relax,35040,16704,556281.5126259545,27173.26559986065,169.00990178400292,161.03749631984832,26.0014294930784,0.45384710249042143,38.72725095785441,9.410919540229886,12.010187745099724,38.97270114942529,10.213122605363985,,0.32294571829206065,0.11705937353683442,0.09103351309748357,0.02602586043935079,13.236350574712644,0.18760169825099474,37.61973180076628,24.38338122605364,10.48230593607306,0.0,60.75057077625571,mid,2050s,hot,2057,2,1,564721.633378979,169.0277392085151,160.8863577371338,-1.494563029668905,1.494563029668905,-0.01055295692630187,0.09394120473622536
guangzhou_ssp585_mid_2050s_hot_2057,paperb_pmv_exceedance_guard_relax,35040,16704,557274.5719777072,27153.93029329942,169.01103512121512,160.88485423384367,25.999158343524766,0.4537794540229884,38.69133141762452,9.446839080459771,12.148422038179989,39.76891762452107,10.542385057471265,,0.3226023819971348,0.11729307566484762,0.09118404422396716,0.026109031440880438,13.254310344827585,0.18833912863527127,37.97892720306513,24.724616858237546,5.43093607305936,13.9412100456621,60.724885844748854,mid,2050s,hot,2057,2,1,564721.633378979,169.0277392085151,160.8863577371338,-1.3187136743306183,1.3187136743306183,-0.009882453245957379,-0.0009345126033566409
guangzhou_ssp585_mid_2050s_hot_2057,paperb_ppd_guard_relax,35040,16704,557390.2943461182,27154.293338018924,169.01099708219115,160.8767484786765,25.998289261385786,0.45359295178799486,38.655411877394634,9.375,12.142171325844817,39.762931034482754,10.488505747126437,,0.3224368078420232,0.11727545513741428,0.09115819487720084,0.02611726026021339,13.242337164750959,0.18839837353699826,38.02681992337165,24.78448275862069,5.930365296803653,13.955479452054794,60.727739726027394,mid,2050s,hot,2057,2,1,564721.633378979,169.0277392085151,160.8863577371338,-1.2982217431611764,1.2982217431611764,-0.0099049578503152,-0.00597269935902478
guangzhou_ssp585_mid_2050s_hot_2057,reference,35040,16704,564721.633378979,27027.429727774273,169.0277392085151,160.8863577371338,25.685467895630815,0.3654136334610472,33.79430076628353,8.004070881226054,10.986929681181548,33.81824712643678,8.90205938697318,,,,,,0.0,,0.0,0.0,0.0,0.0,60.482305936073054,mid,2050s,hot,2057,2,1,564721.633378979,169.0277392085151,160.8863577371338,0.0,-0.0,0.0,0.0
guangzhou_ssp585_mid_2050s_heatwave_extreme_2059,diagnostic_reference,35040,16704,552386.7670287738,26773.99639383791,170.12801267770732,161.52627062051332,25.738139126935845,0.37902857598978285,34.73419540229885,11.11111111111111,11.856910162239865,34.62643678160919,11.572078544061302,,0.28495343184584415,0.11411674882310983,0.08640786177035412,0.027708887052755666,13.709291187739463,0.18415427831288086,38.05675287356322,24.347461685823752,0.0,0.0,60.585045662100455,mid,2050s,heatwave_extreme,2059,2,2,552386.7670287738,170.12801267770732,161.52627062051332,0.0,-0.0,0.0,0.0
guangzhou_ssp585_mid_2050s_heatwave_extreme_2059,paperb_adaptive_band_relax,35040,16704,543878.6385844526,26914.613551740713,170.12801727536794,161.55428561175043,26.0456112490161,0.4645632583014048,37.71551724137931,12.068965517241379,12.918956671516769,38.48778735632184,12.954980842911878,,0.34904767688748795,0.12405445664498053,0.09766517118362737,0.02638928546135311,15.080220306513409,0.19539334539551315,40.116139846743295,25.035919540229884,0.761986301369863,2.4200913242009134,60.95034246575343,mid,2050s,heatwave_extreme,2059,2,2,552386.7670287738,170.12801267770732,161.52627062051332,-1.5402484187095,1.5402484187095,2.70247124678491e-06,0.017343922526968925
guangzhou_ssp585_mid_2050s_heatwave_extreme_2059,paperb_gate_tail_asym_relax,35040,16704,543945.1227141652,26915.469247297642,170.12936248678432,161.5483530497842,26.046928965026655,0.46498044380587483,37.71551724137931,12.039032567049809,12.782770573928818,37.80531609195402,12.637691570881227,,0.34920409759581245,0.12406664682589236,0.09768721377795786,0.02637943304793444,15.032327586206899,0.1954989104963919,40.116139846743295,25.083812260536398,8.490296803652967,0.0,60.95034246575343,mid,2050s,heatwave_extreme,2059,2,2,552386.7670287738,170.12801267770732,161.52627062051332,-1.5282126253702955,1.5282126253702955,0.0007934078907645414,0.013671106988377701
guangzhou_ssp585_mid_2050s_heatwave_extreme_2059,paperb_mu_relax,35040,16704,544203.4316075376,26916.466987503652,170.12994104451002,168.21575135984776,26.044509882738115,0.46436458333333336,37.4161877394636,12.051005747126437,12.771292123117625,37.577825670498086,12.643678160919542,,0.3487654549739972,0.12403328136926292,0.09763243859280146,0.0264008427764614,15.056273946360152,0.195654856107803,40.15804597701149,25.101772030651343,11.946347031963471,0.0,60.95034246575343,mid,2050s,heatwave_extreme,2059,2,2,552386.7670287738,170.12801267770732,161.52627062051332,-1.481450300711129,1.481450300711129,0.001133479885151445,4.141419667300172
guangzhou_ssp585_mid_2050s_heatwave_extreme_2059,paperb_pmv_exceedance_guard_relax,35040,16704,544868.9238219218,26896.256028980988,170.1375474646044,161.55042064098473,26.043489336946053,0.4644824792464879,37.62571839080459,11.991139846743296,12.894707812886068,38.427921455938694,12.907088122605364,,0.34867008008424477,0.12423466365423105,0.09776858841480622,0.026466075239424767,15.068247126436782,0.1960643625332792,40.29573754789272,25.22749042145594,6.56392694063927,12.220319634703197,60.9560502283105,mid,2050s,heatwave_extreme,2059,2,2,552386.7670287738,170.12801267770732,161.52627062051332,-1.3609745300905085,1.3609745300905085,0.0056044779146224855,0.014951140999319712
guangzhou_ssp585_mid_2050s_heatwave_extreme_2059,paperb_ppd_guard_relax,35040,16704,544971.660343945,26895.43621131974,170.13754692616376,161.54912298493193,26.042925946778396,0.4643759578544061,37.60775862068966,11.96719348659004,12.892266002547366,38.42193486590038,12.90110153256705,,0.3485533331824023,0.12422588248050552,0.0977520992373754,0.026473783243130062,15.080220306513409,0.196110885631975,40.31968390804598,25.23946360153257,7.017694063926941,12.16609589041096,60.9560502283105,mid,2050s,heatwave_extreme,2059,2,2,552386.7670287738,170.12801267770732,161.52627062051332,-1.3423758727447055,1.3423758727447055,0.005604161423145015,0.014147769480987726
guangzhou_ssp585_mid_2050s_heatwave_extreme_2059,reference,35040,16704,552386.7670287738,26773.99639383791,170.12801267770732,161.52627062051332,25.738139126935845,0.37902857598978285,34.73419540229885,11.11111111111111,11.856910162239865,34.62643678160919,11.572078544061302,,,,,,0.0,,0.0,0.0,0.0,0.0,60.585045662100455,mid,2050s,heatwave_extreme,2059,2,2,552386.7670287738,170.12801267770732,161.52627062051332,0.0,-0.0,0.0,0.0
guangzhou_ssp585_late_2080s_typical_2087,diagnostic_reference,35040,16704,590235.3270307116,25287.982072381004,170.23255443668194,166.36244563033978,26.05519233729887,0.487424848339719,43.941570881226056,14.828783524904216,13.497720804355845,43.97150383141762,15.463362068965516,,0.3478559410297751,0.13025543781862098,0.1046844861856704,0.025570951632950523,19.86949233716475,0.22133747944620435,50.58069923371647,30.711206896551722,0.0,0.0,61.90924657534247,late,2080s,typical,2087,3,0,590235.3270307116,170.23255443668194,166.36244563033978,0.0,-0.0,0.0,0.0
guangzhou_ssp585_late_2080s_typical_2087,paperb_adaptive_band_relax,35040,16704,582071.2940553817,25323.882161922043,170.2278017145628,164.7916237184047,26.327999446808615,0.5631771232439335,48.10225095785441,15.601053639846743,14.653444545444872,48.820641762452105,16.91810344827586,,0.40618833114526326,0.14003100634177537,0.11572852160137907,0.024302484740396275,21.37811302681992,0.23387279654996956,53.50814176245211,32.13002873563218,0.7676940639269406,0.7277397260273972,62.3601598173516,late,2080s,typical,2087,3,0,590235.3270307116,170.23255443668194,166.36244563033978,-1.3831827072094405,1.3831827072094405,-0.0027918996662434914,-0.9442166505687632
guangzhou_ssp585_late_2080s_typical_2087,paperb_gate_tail_asym_relax,35040,16704,582144.3933022983,25322.73602705996,170.22822434902005,164.6241060259259,26.32844379646544,0.5633339319923371,48.07830459770115,15.577107279693486,14.47938104222468,48.11422413793103,16.41522988505747,,0.4062332401522529,0.14001402728487436,0.11571391455757589,0.024300112727298408,21.37212643678161,0.2339730283814242,53.502155172413794,32.13002873563218,11.815068493150685,0.0,62.377283105022826,late,2080s,typical,2087,3,0,590235.3270307116,170.23255443668194,166.36244563033978,-1.3707979441210716,1.3707979441210716,-0.002543630785667439,-1.044911066212928
guangzhou_ssp585_late_2080s_typical_2087,paperb_mu_relax,35040,16704,582378.2267327477,25322.793934589925,170.22959578151332,171.32075234323068,26.32540745338652,0.5625198355683269,47.802921455938694,15.57112068965517,14.461468659034955,47.86278735632184,16.409243295019156,,0.40559797534519887,0.139930891689948,0.11560032846361717,0.024330563226330797,21.39008620689655,0.23410705792533415,53.52610153256705,32.1360153256705,15.351027397260275,0.0,62.374429223744286,late,2080s,typical,2087,3,0,590235.3270307116,170.23255443668194,166.36244563033978,-1.3311809609042546,1.3311809609042546,-0.0017380078554340983,2.980424274303073
guangzhou_ssp585_late_2080s_typical_2087,paperb_pmv_exceedance_guard_relax,35040,16704,583256.2017116788,25322.810311796366,170.23463627961993,164.58501955673,26.32400984385198,0.5626661478288634,47.88074712643678,15.583093869731801,14.636847172436466,48.629070881226056,16.924090038314176,,0.4055881499669639,0.14038692544138107,0.11594505442717636,0.024441871014204662,21.43199233716475,0.23480732409820262,53.735632183908045,32.303639846743295,8.313356164383562,15.396689497716896,62.3601598173516,late,2080s,typical,2087,3,0,590235.3270307116,170.23255443668194,166.36244563033978,-1.1824309727685445,1.1824309727685445,0.0012229405502939272,-1.0684058333448876
guangzhou_ssp585_late_2080s_typical_2087,paperb_ppd_guard_relax,35040,16704,583404.2875288838,25322.841678791727,170.2346295682518,164.58501838912096,26.323512938897395,0.5626227650063855,47.86278735632184,15.577107279693486,14.636351074996474,48.61111111111111,16.936063218390803,,0.405520978109525,0.14041652225304163,0.1159647533369961,0.024451768916045474,21.408045977011493,0.23489174890541295,53.747605363984675,32.339559386973185,8.969748858447488,15.099885844748858,62.35445205479452,late,2080s,typical,2087,3,0,590235.3270307116,170.23255443668194,166.36244563033978,-1.1573416888129406,1.1573416888129406,0.0012189980798549271,-1.068406535191413
guangzhou_ssp585_late_2080s_typical_2087,reference,35040,16704,590235.3270307116,25287.982072381004,170.23255443668194,166.36244563033978,26.05519233729887,0.487424848339719,43.941570881226056,14.828783524904216,13.497720804355845,43.97150383141762,15.463362068965516,,,,,,0.0,,0.0,0.0,0.0,0.0,61.90924657534247,late,2080s,typical,2087,3,0,590235.3270307116,170.23255443668194,166.36244563033978,0.0,-0.0,0.0,0.0
guangzhou_ssp585_late_2080s_hot_2086,diagnostic_reference,35040,16704,610958.6513233732,26997.493943739475,173.13857230081393,165.6462201348508,26.679070741365557,0.6828336925287356,52.08931992337165,33.50694444444444,22.474996818265815,52.07734674329502,34.35105363984675,,0.49711906480796725,0.1757109829415866,0.15322384931939412,0.022487133622192443,38.18247126436782,0.26827496859043604,55.92672413793104,17.74425287356322,0.0,0.0,66.98344748858447,late,2080s,hot,2086,3,1,610958.6513233732,173.13857230081393,165.6462201348508,0.0,-0.0,0.0,0.0
guangzhou_ssp585_late_2080s_hot_2086,paperb_adaptive_band_relax,35040,16704,604817.9858222522,27137.65432408132,173.13857230081393,166.11532828762978,26.883725181841868,0.7396878991060025,55.25622605363984,34.17145593869732,23.29701129147987,55.99257662835249,35.37476053639847,,0.5396091173945874,0.18197542939447442,0.16054315947838432,0.02143226991609008,39.18223180076628,0.2760683531563663,57.57303639846744,18.39080459770115,1.0702054794520548,3.3618721461187215,67.32591324200912,late,2080s,hot,2086,3,1,610958.6513233732,173.13857230081393,165.6462201348508,-1.005086921646814,1.005086921646814,0.0,0.2831988272337771
guangzhou_ssp585_late_2080s_hot_2086,paperb_gate_tail_asym_relax,35040,16704,604644.4867098869,27158.182220932766,173.13857230081393,165.5239966864327,26.901730293369845,0.7448379629629629,55.196360153256705,34.15349616858238,23.122122283332857,55.41187739463601,34.997605363984675,,0.54197838299545,0.18213878293642402,0.1609037204216978,0.02123506251472617,39.15229885057471,0.27660942801568983,57.76460727969349,18.612308429118773,19.92579908675799,0.0,67.33447488584476,late,2080s,hot,2086,3,1,610958.6513233732,173.13857230081393,165.6462201348508,-1.0334847701737981,1.0334847701737981,0.0,-0.07378583605385236
guangzhou_ssp585_late_2080s_hot_2086,paperb_mu_relax,35040,16704,604747.642430651,27158.18666242727,173.13857230081393,165.52399671592286,26.900457199093584,0.7445265804597703,55.172413793103445,34.165469348659,23.114027563287554,55.38793103448276,34.99161877394636,,0.5417292972298453,0.18211632378532652,0.1608606055991551,0.021255718186171384,39.08644636015325,0.2766299609369773,57.76460727969349,18.67816091954023,22.03767123287671,0.0,67.34018264840182,late,2080s,hot,2086,3,1,610958.6513233732,173.13857230081393,165.6462201348508,-1.016600530865519,1.016600530865519,0.0,-0.07378581825074892
guangzhou_ssp585_late_2080s_hot_2086,paperb_pmv_exceedance_guard_relax,35040,16704,605547.0743199479,27126.67697275321,173.13857230081393,165.52399588194206,26.89914459037407,0.7445876037675607,55.08261494252874,34.183429118773944,23.277559209339717,55.789032567049816,35.36278735632184,,0.5416038872209716,0.18235882667256129,0.16104259937976673,0.02131622729279449,39.17025862068966,0.2771741843179098,57.8963122605364,18.726053639846743,16.986301369863014,9.962899543378995,67.29166666666667,late,2080s,hot,2086,3,1,610958.6513233732,173.13857230081393,165.6462201348508,-0.8857517594199726,0.8857517594199726,0.0,-0.07378632172182487
guangzhou_ssp585_late_2080s_hot_2086,paperb_ppd_guard_relax,35040,16704,605629.8376584763,27126.246173562973,173.13857230081393,165.5239958818376,26.898492661174608,0.7444531449553,55.07662835249042,34.183429118773944,23.273838246828383,55.80100574712644,35.35680076628353,,0.5414707554791679,0.1823515082216402,0.16102677281159256,0.021324735410047625,39.15828544061303,0.2771722421973387,57.90828544061303,18.75,17.554223744292237,9.746004566210045,67.2945205479452,late,2080s,hot,2086,3,1,610958.6513233732,173.13857230081393,165.6462201348508,-0.8722052880918096,0.8722052880918096,0.0,-0.07378632178488553
guangzhou_ssp585_late_2080s_hot_2086,reference,35040,16704,610958.6513233732,26997.493943739475,173.13857230081393,165.6462201348508,26.679070741365557,0.6828336925287356,52.08931992337165,33.50694444444444,22.474996818265815,52.07734674329502,34.35105363984675,,,,,,0.0,,0.0,0.0,0.0,0.0,66.98344748858447,late,2080s,hot,2086,3,1,610958.6513233732,173.13857230081393,165.6462201348508,0.0,-0.0,0.0,0.0
guangzhou_ssp585_late_2080s_heatwave_extreme_2086,diagnostic_reference,35040,16704,610958.6513233732,26997.493943739475,173.13857230081393,165.6462201348508,26.679070741365557,0.6828336925287356,52.08931992337165,33.50694444444444,22.474996818265815,52.07734674329502,34.35105363984675,,0.49711906480796725,0.1757109829415866,0.15322384931939412,0.022487133622192443,38.18247126436782,0.26827496859043604,55.92672413793104,17.74425287356322,0.0,0.0,66.98344748858447,late,2080s,heatwave_extreme,2086,3,2,610958.6513233732,173.13857230081393,165.6462201348508,0.0,-0.0,0.0,0.0
guangzhou_ssp585_late_2080s_heatwave_extreme_2086,paperb_adaptive_band_relax,35040,16704,604817.9858222522,27137.65432408132,173.13857230081393,166.11532828762978,26.883725181841868,0.7396878991060025,55.25622605363984,34.17145593869732,23.29701129147987,55.99257662835249,35.37476053639847,,0.5396091173945874,0.18197542939447442,0.16054315947838432,0.02143226991609008,39.18223180076628,0.2760683531563663,57.57303639846744,18.39080459770115,1.0702054794520548,3.3618721461187215,67.32591324200912,late,2080s,heatwave_extreme,2086,3,2,610958.6513233732,173.13857230081393,165.6462201348508,-1.005086921646814,1.005086921646814,0.0,0.2831988272337771
guangzhou_ssp585_late_2080s_heatwave_extreme_2086,paperb_gate_tail_asym_relax,35040,16704,604644.4867098869,27158.182220932766,173.13857230081393,165.5239966864327,26.901730293369845,0.7448379629629629,55.196360153256705,34.15349616858238,23.122122283332857,55.41187739463601,34.997605363984675,,0.54197838299545,0.18213878293642402,0.1609037204216978,0.02123506251472617,39.15229885057471,0.27660942801568983,57.76460727969349,18.612308429118773,19.92579908675799,0.0,67.33447488584476,late,2080s,heatwave_extreme,2086,3,2,610958.6513233732,173.13857230081393,165.6462201348508,-1.0334847701737981,1.0334847701737981,0.0,-0.07378583605385236
guangzhou_ssp585_late_2080s_heatwave_extreme_2086,paperb_mu_relax,35040,16704,604747.642430651,27158.18666242727,173.13857230081393,165.52399671592286,26.900457199093584,0.7445265804597703,55.172413793103445,34.165469348659,23.114027563287554,55.38793103448276,34.99161877394636,,0.5417292972298453,0.18211632378532652,0.1608606055991551,0.021255718186171384,39.08644636015325,0.2766299609369773,57.76460727969349,18.67816091954023,22.03767123287671,0.0,67.34018264840182,late,2080s,heatwave_extreme,2086,3,2,610958.6513233732,173.13857230081393,165.6462201348508,-1.016600530865519,1.016600530865519,0.0,-0.07378581825074892
guangzhou_ssp585_late_2080s_heatwave_extreme_2086,paperb_pmv_exceedance_guard_relax,35040,16704,605547.0743199479,27126.67697275321,173.13857230081393,165.52399588194206,26.89914459037407,0.7445876037675607,55.08261494252874,34.183429118773944,23.277559209339717,55.789032567049816,35.36278735632184,,0.5416038872209716,0.18235882667256129,0.16104259937976673,0.02131622729279449,39.17025862068966,0.2771741843179098,57.8963122605364,18.726053639846743,16.986301369863014,9.962899543378995,67.29166666666667,late,2080s,heatwave_extreme,2086,3,2,610958.6513233732,173.13857230081393,165.6462201348508,-0.8857517594199726,0.8857517594199726,0.0,-0.07378632172182487
guangzhou_ssp585_late_2080s_heatwave_extreme_2086,paperb_ppd_guard_relax,35040,16704,605629.8376584763,27126.246173562973,173.13857230081393,165.5239958818376,26.898492661174608,0.7444531449553,55.07662835249042,34.183429118773944,23.273838246828383,55.80100574712644,35.35680076628353,,0.5414707554791679,0.1823515082216402,0.16102677281159256,0.021324735410047625,39.15828544061303,0.2771722421973387,57.90828544061303,18.75,17.554223744292237,9.746004566210045,67.2945205479452,late,2080s,heatwave_extreme,2086,3,2,610958.6513233732,173.13857230081393,165.6462201348508,-0.8722052880918096,0.8722052880918096,0.0,-0.07378632178488553
guangzhou_ssp585_late_2080s_heatwave_extreme_2086,reference,35040,16704,610958.6513233732,26997.493943739475,173.13857230081393,165.6462201348508,26.679070741365557,0.6828336925287356,52.08931992337165,33.50694444444444,22.474996818265815,52.07734674329502,34.35105363984675,,,,,,0.0,,0.0,0.0,0.0,0.0,66.98344748858447,late,2080s,heatwave_extreme,2086,3,2,610958.6513233732,173.13857230081393,165.6462201348508,0.0,-0.0,0.0,0.0
