weather,strategy,occupied_steps,electricity_kwh,natural_gas_kwh,mean_top_c,mean_pmv,mean_ppd_pct,ppd_gt_10_pct,ppd_gt_25_pct,ppd_gt_50_pct,pmv_abs_gt_0_5_pct,pmv_abs_gt_1_0_pct,adaptive_violation_pct,adaptive_80_violation_pct,adaptive_90_violation_pct,mean_adaptive_warm_slack_80_c,mean_adaptive_warm_slack_90_c,mean_p_tail,p95_p_tail,p_tail_ge_0_20_pct,mean_warm_tail,mean_cold_tail,cooling_sp_mean_c,cooling_sp_max_c,heating_sp_mean_c,heating_sp_min_c,warm_requests_pct,cold_requests_pct,no_risk_requests_pct,warm_protection_actions,cold_protection_actions,energy_relax_actions,guard_hold_records,idle_actions,dominant_request_source,max_zone_p_tail_ge_0_20_pct,max_zone_mean_p_tail,electricity_change_vs_reference_pct
guangzhou_ssp585_baseline_2020s_heatwave_extreme_2026,diagnostic_reference,640,25059.439621252317,877.1497382728243,26.333390076504873,0.59526875,14.278297279135064,58.12500000000001,12.968750000000002,0.0,58.28124999999999,12.03125,0.0,0.0,0.0,4.518260413519954,3.518260413519954,0.12726960896080372,0.2956555720374423,15.312500000000002,0.10385892015778515,0.02341068880301852,24.0,24.0,22.0,22.0,0.0,0.0,100.0,0,0,0,0,640,,51.40625,0.1960457883476347,0.0
guangzhou_ssp585_baseline_2020s_heatwave_extreme_2026,paperb_adaptive_band_relax,640,24584.745553019467,877.1290059967695,26.524348953088996,0.6437489583333333,15.434163415082551,64.375,14.0625,0.0,62.96874999999999,12.812499999999998,0.0,0.0,0.0,4.327301536935829,3.327301536935829,0.13479371960650924,0.30105171148608084,17.03125,0.11271586935112676,0.022077850255382423,24.5,24.5,21.5,21.5,0.0,0.0,100.0,0,0,10,0,630,none,50.46874999999999,0.20358959969617044,-1.894272479382475
guangzhou_ssp585_baseline_2020s_heatwave_extreme_2026,paperb_gate_tail_asym_relax,640,24588.734790545954,877.1290508486147,26.524996345136067,0.6440187500000001,15.262097872530859,63.4375,13.90625,0.0,62.96874999999999,12.812499999999998,0.0,0.0,0.0,4.326654144888766,3.3266541448887663,0.13476186562521295,0.30105171148608084,16.71875,0.11268440790066633,0.022077457724546556,24.3837890625,24.5,21.503515625,21.5,16.71875,0.0,83.28125,10,0,20,0,610,none,50.625,0.20384521238316028,-1.8783533782901096
guangzhou_ssp585_baseline_2020s_heatwave_extreme_2026,paperb_pmv_exceedance_guard_relax,640,24638.5130307769,877.1315202656623,26.521172711794986,0.6436041666666666,15.439113311139641,64.375,14.0625,0.0,62.81250000000001,12.812499999999998,0.0,0.0,0.0,4.330477778229847,3.3304777782298465,0.13522079799042935,0.29991898023819386,17.03125,0.11300954500216534,0.022211252988264,24.327747058868407,24.5,21.56524543762207,21.5,12.812499999999998,0.0,87.1875,22,0,13,320,605,pmv_mild_hold,50.625,0.20470340569931172,-1.6797127024278713
guangzhou_ssp585_baseline_2020s_heatwave_extreme_2026,paperb_pmv_relax,640,24737.8887304995,877.1451519703846,26.505087978818732,0.64035,15.353570451600888,63.90625,14.0625,0.0,62.81250000000001,12.812499999999998,0.0,0.0,0.0,4.34656251120609,3.3465625112060904,0.13508234207200745,0.29812025858245883,16.5625,0.11266167653867346,0.022420665533333946,24.059277284145356,24.5,21.558691328763963,21.5,62.81250000000001,0.0,37.1875,60,0,38,0,542,pmv_warm,52.03124999999999,0.2064534378937099,-1.2831527584524105
guangzhou_ssp585_baseline_2020s_heatwave_extreme_2026,paperb_ppd_guard_relax,640,24645.21612783337,877.1316367412916,26.520548772570628,0.643484375,15.438803027933744,64.375,14.0625,0.0,62.81250000000001,12.968750000000002,0.0,0.0,0.0,4.331101717454199,3.3311017174541986,0.13532158769433839,0.29991898023819386,17.03125,0.11306735647066382,0.02225423122367452,24.30269145965576,24.5,21.597588062286377,21.5,14.0625,0.0,85.9375,25,0,12,322,603,ppd_hold,50.625,0.2047890242042123,-1.6529639117215278
guangzhou_ssp585_baseline_2020s_heatwave_extreme_2026,reference,640,25059.439621252317,877.1497382728243,26.333390076504873,0.59526875,14.278297279135064,58.12500000000001,12.968750000000002,0.0,58.28124999999999,12.03125,0.0,0.0,0.0,4.518260413519954,3.518260413519954,,,0.0,,,24.0,24.0,22.0,22.0,0.0,0.0,100.0,0,0,0,0,640,,0.0,,0.0
guangzhou_ssp585_baseline_2020s_hot_2028,diagnostic_reference,640,22939.464707896837,877.2023473629305,25.63611579944966,0.36782499999999996,9.095521555774178,25.46875,3.5937499999999996,0.0,25.46875,2.8125,0.0,0.0,0.0,4.6409575245018475,3.6409575245018475,0.08578472242923126,0.20271391712352552,5.46875,0.05707831939228978,0.02870640303694142,24.0,24.0,22.0,22.0,0.0,0.0,100.0,0,0,0,0,640,,17.96875,0.12521275016758782,0.0
guangzhou_ssp585_baseline_2020s_hot_2028,paperb_adaptive_band_relax,640,22444.39498463733,877.1549819174293,25.97778917571103,0.46124791666666665,10.636311883054024,32.34375,7.187499999999999,0.0,30.9375,7.03125,0.0,0.0,0.0,4.299284148240473,3.2992841482404733,0.09902642374820159,0.23743869313191,7.34375,0.0724717498933913,0.02655467385481025,24.5,24.5,21.5,21.5,0.0,0.0,100.0,0,0,10,0,630,none,20.625,0.14010875118377694,-2.1581572611373168
guangzhou_ssp585_baseline_2020s_hot_2028,paperb_gate_tail_asym_relax,640,22444.589412056976,877.155036707456,25.97773599874362,0.4612354166666667,10.514829887585567,31.5625,7.03125,0.0,30.9375,7.03125,0.0,0.0,0.0,4.299337325207888,3.2993373252078877,0.09903314712946529,0.23743869313191,7.34375,0.07247633252608521,0.026556814603380035,24.44609327316284,24.5,21.52011661529541,21.5,7.34375,0.0,92.65625,13,0,12,0,615,none,20.625,0.14010875118377694,-2.157309693758902
guangzhou_ssp585_baseline_2020s_hot_2028,paperb_pmv_exceedance_guard_relax,640,22480.725736140077,877.1544947733968,25.974739848142406,0.4608958333333334,10.62695738704841,32.5,7.187499999999999,0.0,31.093749999999996,7.03125,0.0,0.0,0.0,4.302333475809094,3.302333475809094,0.09926776217344667,0.23743869313191,7.187499999999999,0.07260095691102653,0.026666805262420108,24.39218807220459,24.5,21.566016101837157,21.5,7.03125,0.0,92.96875,12,0,11,154,617,none,21.09375,0.14083752186619156,-1.9997806295751985
guangzhou_ssp585_baseline_2020s_hot_2028,paperb_pmv_relax,640,22530.61159796125,877.1559278939658,25.973642851625875,0.46164375,10.685622714957546,32.5,7.187499999999999,0.0,31.406250000000004,7.187499999999999,0.0,0.0,0.0,4.303430472325632,3.303430472325632,0.10002479016607627,0.24165593999672438,7.187499999999999,0.07325587708249538,0.02676891308358083,24.278124737739564,24.5,21.547069990634917,21.5,31.406250000000004,0.0,68.59375,43,0,27,0,570,none,22.03125,0.14220249178195005,-1.7823132106253525
guangzhou_ssp585_baseline_2020s_hot_2028,paperb_ppd_guard_relax,640,22483.148693195784,877.1546298739651,25.975253247328208,0.4609729166666666,10.625564721579382,32.34375,7.187499999999999,0.0,30.46875,7.187499999999999,0.0,0.0,0.0,4.3018200766232955,3.301820076623295,0.09933544174946554,0.237703904398374,7.187499999999999,0.07264743944625911,0.026688002303206403,24.39140682220459,24.5,21.56679735183716,21.5,7.187499999999999,0.0,92.8125,12,0,11,161,617,none,21.09375,0.14099390510859217,-1.9892182337801767
guangzhou_ssp585_baseline_2020s_hot_2028,reference,640,22939.464707896837,877.2023473629305,25.63611579944966,0.36782499999999996,9.095521555774178,25.46875,3.5937499999999996,0.0,25.46875,2.8125,0.0,0.0,0.0,4.6409575245018475,3.6409575245018475,,,0.0,,,24.0,24.0,22.0,22.0,0.0,0.0,100.0,0,0,0,0,640,,0.0,,0.0
guangzhou_ssp585_baseline_2020s_typical_2025,diagnostic_reference,640,24081.43400944812,877.1788049571487,25.96258180139324,0.4760270833333333,11.353954331687609,41.25,7.8125,0.0,40.625,7.34375,0.0,0.0,0.0,4.467193970065405,3.467193970065405,0.10298786462760398,0.24884268456148675,8.90625,0.07684310827775515,0.026144756349848815,24.0,24.0,22.0,22.0,0.0,0.0,100.0,0,0,0,0,640,,31.093749999999996,0.1563740252893704,0.0
guangzhou_ssp585_baseline_2020s_typical_2025,paperb_adaptive_band_relax,640,23572.1279142065,877.1580423376942,26.257055116147285,0.5558708333333333,13.065861667280785,50.0,9.6875,0.0,48.4375,8.90625,0.0,0.0,0.0,4.172720655311365,3.172720655311365,0.11472725788568247,0.2685396837983004,11.40625,0.09065671840936254,0.02407053947631988,24.5,24.5,21.5,21.5,0.0,0.0,100.0,0,0,10,0,630,none,34.84375,0.16921563982081775,-2.1149325868293323
guangzhou_ssp585_baseline_2020s_typical_2025,paperb_gate_tail_asym_relax,640,23573.249953881634,877.15813731755,26.25714258199189,0.5559020833333334,12.907042898287767,48.75,9.375,0.0,48.4375,8.90625,0.0,0.0,0.0,4.172633189466759,3.172633189466759,0.11475112612637103,0.2685396837983004,11.40625,0.09068176023299497,0.02406936589337604,24.418554401397706,24.5,21.52187466621399,21.5,11.40625,0.0,88.59375,17,0,15,0,608,none,34.84375,0.16949672437063623,-2.110273231100379
guangzhou_ssp585_baseline_2020s_typical_2025,paperb_pmv_exceedance_guard_relax,640,23617.294370340074,877.1583849593486,26.253180640903764,0.5551427083333333,13.053885345345325,49.21875,9.6875,0.0,48.125,8.90625,0.0,0.0,0.0,4.176595130554881,3.1765951305548823,0.11504564089613889,0.2684917527721101,10.78125,0.09087243361123538,0.024173207284903457,24.374512672424316,24.5,21.567432498931886,21.5,8.90625,0.0,91.09375,15,0,12,251,613,none,35.46875,0.17005257925289022,-1.9273754167876578
guangzhou_ssp585_baseline_2020s_typical_2025,paperb_pmv_relax,640,23719.783738019698,877.1576293838705,26.241942142939713,0.55335625,13.00547447363625,49.375,9.6875,0.0,47.96875,8.90625,0.0,0.0,0.0,4.187833628518935,3.1878336285189346,0.1152134409147623,0.26780707652704316,10.625,0.09085280434395701,0.02436063657080521,24.16191393136978,24.5,21.55253890156746,21.5,47.96875,0.0,52.03124999999999,55,0,37,0,548,pmv_warm,36.71875,0.17172953826832524,-1.5017804640974908
guangzhou_ssp585_baseline_2020s_typical_2025,paperb_ppd_guard_relax,640,23617.53475801531,877.1584048882393,26.253109559750122,0.555128125,13.053332634602953,49.21875,9.6875,0.0,48.125,8.90625,0.0,0.0,0.0,4.1766662117085245,3.1766662117085245,0.11504712520335647,0.2684917527721101,10.78125,0.09086992176597304,0.02417720343738337,24.366602516174318,24.5,21.559546756744385,21.5,9.6875,0.0,90.3125,16,0,12,253,612,none,35.46875,0.17008700001134072,-1.92637718854618
guangzhou_ssp585_baseline_2020s_typical_2025,reference,640,24081.43400944812,877.1788049571487,25.96258180139324,0.4760270833333333,11.353954331687609,41.25,7.8125,0.0,40.625,7.34375,0.0,0.0,0.0,4.467193970065405,3.467193970065405,,,0.0,,,24.0,24.0,22.0,22.0,0.0,0.0,100.0,0,0,0,0,640,,0.0,,0.0
guangzhou_ssp585_late_2080s_heatwave_extreme_2086,diagnostic_reference,640,28164.891280381402,875.3591530032039,29.06949530731306,1.4737552083333334,49.86354502029903,99.84375,90.46875,49.53125,99.6875,89.6875,2.96875,0.0,2.96875,2.8513727176146793,1.851372717614679,0.32403789833015967,0.3896357452073068,95.15625,0.31391308617753155,0.010124812152628098,24.0,24.0,22.0,22.0,0.0,0.0,100.0,0,0,0,0,640,,99.6875,0.43972201704604064,0.0
guangzhou_ssp585_late_2080s_heatwave_extreme_2086,paperb_adaptive_band_relax,640,28127.128371128125,874.3172760129634,29.078035747582682,1.4758354166666667,50.12925692730188,99.84375,91.25,50.15625,99.84375,89.84375,3.28125,0.0,3.28125,2.842832277345061,1.8428322773450614,0.3246446949790939,0.3896361342302304,95.3125,0.3145925228051808,0.010052172173913075,24.5,24.5,21.5,21.5,0.0,0.0,100.0,0,0,10,19,630,none,99.53125,0.4404908785838071,-0.13407795143729473
guangzhou_ssp585_late_2080s_heatwave_extreme_2086,paperb_gate_tail_asym_relax,640,28162.9838965838,875.341549354456,29.069876660184327,1.4738083333333334,49.85879935335656,99.84375,90.46875,49.84375,99.84375,90.0,2.96875,0.0,2.96875,2.850991364743418,1.8509913647434177,0.3240386749490128,0.3885751479875757,95.15625,0.3139476410536005,0.010091033895412157,23.802734088897704,24.5,21.708984035253525,21.5,95.15625,0.0,4.84375,132,0,9,0,499,tail_warm,99.53125,0.439944565535799,-0.006772203658145237
guangzhou_ssp585_late_2080s_heatwave_extreme_2086,paperb_pmv_exceedance_guard_relax,640,28176.22228286673,875.3952950688719,29.069028216727475,1.473815625,50.04543910681556,99.6875,90.78125,49.6875,99.6875,90.0,2.8125,0.0,2.8125,2.8518398082002676,1.8518398082002676,0.32397443603439696,0.3877765435830078,95.15625,0.31384301676337467,0.010131419271022254,23.77376182079315,24.5,21.767120909690856,21.5,90.0,0.0,10.0,149,0,2,62,489,pmv_exceedance_warm,99.6875,0.44018360690060243,0.04023094700607022
guangzhou_ssp585_late_2080s_heatwave_extreme_2086,paperb_pmv_relax,640,28176.253722019766,875.3953042438126,29.06903413866354,1.473815625,50.04546695838333,99.6875,90.78125,49.6875,99.6875,90.0,2.8125,0.0,2.8125,2.851833886264206,1.851833886264206,0.3239744174398423,0.3877765435830078,95.15625,0.313842601254329,0.010131816185513242,23.77031226158142,24.5,21.763671600818633,21.5,99.6875,0.0,0.3125,159,0,2,0,479,pmv_warm,99.6875,0.44023580665112005,0.04034257233678229
guangzhou_ssp585_late_2080s_heatwave_extreme_2086,paperb_ppd_guard_relax,640,28176.22228286673,875.3952950688719,29.069028216727475,1.473815625,50.04543910681556,99.6875,90.78125,49.6875,99.6875,90.0,2.8125,0.0,2.8125,2.8518398082002676,1.8518398082002676,0.32397443603439696,0.3877765435830078,95.15625,0.31384301676337467,0.010131419271022254,23.773761796951295,24.5,21.767120885849,21.5,90.78125,0.0,9.21875,150,0,2,57,488,ppd_protect_warm,99.6875,0.44018360690060243,0.04023094700607022
guangzhou_ssp585_late_2080s_heatwave_extreme_2086,reference,640,28164.891280381402,875.3591530032039,29.06949530731306,1.4737552083333334,49.86354502029903,99.84375,90.46875,49.53125,99.6875,89.6875,2.96875,0.0,2.96875,2.8513727176146793,1.851372717614679,,,0.0,,,24.0,24.0,22.0,22.0,0.0,0.0,100.0,0,0,0,0,640,,0.0,,0.0
guangzhou_ssp585_late_2080s_hot_2086,diagnostic_reference,640,28164.891280381402,875.3591530032039,29.06949530731306,1.4737552083333334,49.86354502029903,99.84375,90.46875,49.53125,99.6875,89.6875,2.96875,0.0,2.96875,2.8513727176146793,1.851372717614679,0.32403789833015967,0.3896357452073068,95.15625,0.31391308617753155,0.010124812152628098,24.0,24.0,22.0,22.0,0.0,0.0,100.0,0,0,0,0,640,,99.6875,0.43972201704604064,0.0
guangzhou_ssp585_late_2080s_hot_2086,paperb_adaptive_band_relax,640,28127.128371128125,874.3172760129634,29.078035747582682,1.4758354166666667,50.12925692730188,99.84375,91.25,50.15625,99.84375,89.84375,3.28125,0.0,3.28125,2.842832277345061,1.8428322773450614,0.3246446949790939,0.3896361342302304,95.3125,0.3145925228051808,0.010052172173913075,24.5,24.5,21.5,21.5,0.0,0.0,100.0,0,0,10,19,630,none,99.53125,0.4404908785838071,-0.13407795143729473
guangzhou_ssp585_late_2080s_hot_2086,paperb_gate_tail_asym_relax,640,28162.9838965838,875.341549354456,29.069876660184327,1.4738083333333334,49.85879935335656,99.84375,90.46875,49.84375,99.84375,90.0,2.96875,0.0,2.96875,2.850991364743418,1.8509913647434177,0.3240386749490128,0.3885751479875757,95.15625,0.3139476410536005,0.010091033895412157,23.802734088897704,24.5,21.708984035253525,21.5,95.15625,0.0,4.84375,132,0,9,0,499,tail_warm,99.53125,0.439944565535799,-0.006772203658145237
guangzhou_ssp585_late_2080s_hot_2086,paperb_pmv_exceedance_guard_relax,640,28176.22228286673,875.3952950688719,29.069028216727475,1.473815625,50.04543910681556,99.6875,90.78125,49.6875,99.6875,90.0,2.8125,0.0,2.8125,2.8518398082002676,1.8518398082002676,0.32397443603439696,0.3877765435830078,95.15625,0.31384301676337467,0.010131419271022254,23.77376182079315,24.5,21.767120909690856,21.5,90.0,0.0,10.0,149,0,2,62,489,pmv_exceedance_warm,99.6875,0.44018360690060243,0.04023094700607022
guangzhou_ssp585_late_2080s_hot_2086,paperb_pmv_relax,640,28176.253722019766,875.3953042438126,29.06903413866354,1.473815625,50.04546695838333,99.6875,90.78125,49.6875,99.6875,90.0,2.8125,0.0,2.8125,2.851833886264206,1.851833886264206,0.3239744174398423,0.3877765435830078,95.15625,0.313842601254329,0.010131816185513242,23.77031226158142,24.5,21.763671600818633,21.5,99.6875,0.0,0.3125,159,0,2,0,479,pmv_warm,99.6875,0.44023580665112005,0.04034257233678229
guangzhou_ssp585_late_2080s_hot_2086,paperb_ppd_guard_relax,640,28176.22228286673,875.3952950688719,29.069028216727475,1.473815625,50.04543910681556,99.6875,90.78125,49.6875,99.6875,90.0,2.8125,0.0,2.8125,2.8518398082002676,1.8518398082002676,0.32397443603439696,0.3877765435830078,95.15625,0.31384301676337467,0.010131419271022254,23.773761796951295,24.5,21.767120885849,21.5,90.78125,0.0,9.21875,150,0,2,57,488,ppd_protect_warm,99.6875,0.44018360690060243,0.04023094700607022
guangzhou_ssp585_late_2080s_hot_2086,reference,640,28164.891280381402,875.3591530032039,29.06949530731306,1.4737552083333334,49.86354502029903,99.84375,90.46875,49.53125,99.6875,89.6875,2.96875,0.0,2.96875,2.8513727176146793,1.851372717614679,,,0.0,,,24.0,24.0,22.0,22.0,0.0,0.0,100.0,0,0,0,0,640,,0.0,,0.0
guangzhou_ssp585_late_2080s_typical_2087,diagnostic_reference,640,25163.337722776676,877.1661356037264,26.545330318231017,0.67181875,17.43804044986235,61.40624999999999,27.187499999999996,0.0,60.46875000000001,26.406249999999996,0.0,0.0,0.0,4.364741786488844,3.3647417864888434,0.15541407662515488,0.31649965797097607,32.96875,0.1327342625806479,0.02267981404450691,24.0,24.0,22.0,22.0,0.0,0.0,100.0,0,0,0,0,640,,56.875,0.22818538662596075,0.0
guangzhou_ssp585_late_2080s_typical_2087,paperb_adaptive_band_relax,640,24782.570573805457,877.1279425324024,26.733158404555706,0.7208354166666667,18.573621966334937,66.875,28.90625,0.0,65.3125,27.500000000000004,0.0,0.0,0.0,4.1769137001641505,3.1769137001641505,0.16199183088536181,0.31912834622799324,33.59375,0.14049734950070536,0.021494481384656407,24.5,24.5,21.5,21.5,0.0,0.0,100.0,0,0,10,0,630,none,56.40625,0.23313046400007414,-1.5131822064549327
guangzhou_ssp585_late_2080s_typical_2087,paperb_gate_tail_asym_relax,640,24783.649587925873,877.1269401074902,26.73303579817924,0.72085625,18.394563004720602,66.40625,28.125,0.0,65.3125,27.500000000000004,0.0,0.0,0.0,4.177036306540613,3.177036306540613,0.1619964326682587,0.3184269537509101,33.4375,0.14048828091257812,0.02150815175568051,24.2556640625,24.5,21.5046875,21.5,33.4375,0.0,66.5625,15,0,25,0,600,none,56.40625,0.23317332534765195,-1.5088941659242905
guangzhou_ssp585_late_2080s_typical_2087,paperb_pmv_exceedance_guard_relax,640,24833.882512681826,877.1281355373858,26.728443845505506,0.72004375,18.571640538818073,66.40625,28.90625,0.0,65.15625,27.500000000000004,0.0,0.0,0.0,4.181628259214349,3.18162825921435,0.16268558386100904,0.31747353276653806,33.75,0.14101534669156326,0.02167023716944577,24.14572696685791,24.5,21.64689655303955,21.5,27.500000000000004,0.0,72.5,49,0,9,241,582,pmv_mild_hold,56.71874999999999,0.2338453461852858,-1.3092667345025566
guangzhou_ssp585_late_2080s_typical_2087,paperb_pmv_relax,640,24894.43969482372,877.1326526538933,26.714939534956073,0.7169052083333333,18.48195236019308,66.09375,28.749999999999996,0.0,65.15625,27.34375,0.0,0.0,0.0,4.195132569763783,3.1951325697637833,0.16237589787420137,0.31827968084081026,33.59375,0.14056915341368592,0.0218067444605154,24.035351437330245,24.5,21.633593606948853,21.5,65.15625,0.0,34.84375,97,0,26,0,517,pmv_warm,58.75,0.23480183253136086,-1.0686103366548294
guangzhou_ssp585_late_2080s_typical_2087,paperb_ppd_guard_relax,640,24833.882906414023,877.1281354481536,26.728443901730248,0.7200447916666666,18.571683427982414,66.40625,28.90625,0.0,65.15625,27.500000000000004,0.0,0.0,0.0,4.181628202989609,3.181628202989608,0.16268558386100904,0.31747353276653806,33.75,0.14101534669156326,0.02167023716944577,24.144358253479005,24.5,21.645528030395507,21.5,28.90625,0.0,71.09375,52,0,9,240,579,ppd_hold,56.71874999999999,0.2338453461852858,-1.3092651697967916
guangzhou_ssp585_late_2080s_typical_2087,reference,640,25163.337722776676,877.1661356037264,26.545330318231017,0.67181875,17.43804044986235,61.40624999999999,27.187499999999996,0.0,60.46875000000001,26.406249999999996,0.0,0.0,0.0,4.364741786488844,3.3647417864888434,,,0.0,,,24.0,24.0,22.0,22.0,0.0,0.0,100.0,0,0,0,0,640,,0.0,,0.0
guangzhou_ssp585_mid_2050s_heatwave_extreme_2059,diagnostic_reference,640,24711.329024909137,877.1392428317896,26.10592862662113,0.52609375,12.457966063725726,49.6875,8.90625,0.0,49.53125,8.125,0.15625,0.0,0.15625,4.743390299172603,3.743390299172603,0.11293673876970618,0.2720258383000776,11.09375,0.08798691702120931,0.02494982174849681,24.0,24.0,22.0,22.0,0.0,0.0,100.0,0,0,0,0,640,,43.75,0.1764605460919242,0.0
guangzhou_ssp585_mid_2050s_heatwave_extreme_2059,paperb_adaptive_band_relax,640,24195.60911128613,877.1232783528591,26.329713673699228,0.5833489583333333,13.654907874011013,55.93749999999999,9.6875,0.0,54.6875,8.90625,0.0,0.0,0.0,4.5196052520944985,3.519605252094498,0.12089477333254224,0.27868450985600757,12.1875,0.09749917141447503,0.023395601918067145,24.5,24.5,21.5,21.5,0.0,0.0,100.0,0,0,10,0,630,none,43.90625,0.1846947340738388,-2.0869776494140013
guangzhou_ssp585_mid_2050s_heatwave_extreme_2059,paperb_gate_tail_asym_relax,640,24199.044338391584,877.1231833428878,26.330131532354464,0.5835385416666666,13.509415805173813,54.84375,9.375,0.0,54.6875,8.90625,0.0,0.0,0.0,4.519187393439262,3.5191873934392617,0.1209516107405797,0.27844014516643917,12.03125,0.09755910823328659,0.023392502507293057,24.4171875,24.5,21.50234375,21.5,12.03125,0.0,87.96875,9,0,19,0,612,none,44.0625,0.18496129260822503,-2.0730762234648203
guangzhou_ssp585_mid_2050s_heatwave_extreme_2059,paperb_pmv_exceedance_guard_relax,640,24241.79122207684,877.1239030570089,26.32265472635526,0.5819239583333333,13.627880456508962,56.09375,9.6875,0.0,54.53125,8.75,0.0,0.0,0.0,4.526664199438465,3.526664199438465,0.12105102511983826,0.2798237179669823,12.34375,0.09747563686113533,0.023575388258702878,24.367835807800294,24.5,21.57016716003418,21.5,8.75,0.0,91.25,16,0,11,293,613,pmv_mild_hold,43.90625,0.18487898976520584,-1.9000912591912722
guangzhou_ssp585_mid_2050s_heatwave_extreme_2059,paperb_pmv_relax,640,24346.11390679385,877.1245436657331,26.31925940905025,0.5829645833333333,13.689307328308757,56.56250000000001,10.0,0.0,54.84375,9.375,0.0,0.0,0.0,4.53005951674348,3.53005951674348,0.12220815096794894,0.2858615038225384,12.1875,0.09845638620560163,0.023751764762347263,24.112109291553498,24.5,21.555663961172105,21.5,54.84375,0.0,45.15625,58,0,38,0,544,pmv_warm,46.40625,0.18777798849632563,-1.4779258442439436
guangzhou_ssp585_mid_2050s_heatwave_extreme_2059,paperb_ppd_guard_relax,640,24246.22793650794,877.1239081937529,26.322500079849096,0.581959375,13.62835317730968,56.09375,9.6875,0.0,54.53125,8.75,0.0,0.0,0.0,4.526818845944632,3.526818845944632,0.12109185031277372,0.2798237179669823,12.34375,0.09750884551512115,0.023583004797652497,24.35942554473877,24.5,21.563325500488283,21.5,9.6875,0.0,90.3125,17,0,11,297,612,ppd_hold,44.0625,0.18503324591681614,-1.88213708753735
guangzhou_ssp585_mid_2050s_heatwave_extreme_2059,reference,640,24711.329024909137,877.1392428317896,26.10592862662113,0.52609375,12.457966063725726,49.6875,8.90625,0.0,49.53125,8.125,0.15625,0.0,0.15625,4.743390299172603,3.743390299172603,,,0.0,,,24.0,24.0,22.0,22.0,0.0,0.0,100.0,0,0,0,0,640,,0.0,,0.0
guangzhou_ssp585_mid_2050s_hot_2057,diagnostic_reference,640,22732.34850861167,877.2069030151912,25.626371051368096,0.35948020833333333,9.1106037885896,24.375,6.875000000000001,0.0,24.6875,6.25,0.0,0.0,0.0,4.472344753968907,3.4723447539689074,0.08821912262488886,0.22227340546951652,6.875000000000001,0.05944211469626608,0.028777007928622735,24.0,24.0,22.0,22.0,0.0,0.0,100.0,0,0,0,0,640,,18.125,0.12791742918654886,0.0
guangzhou_ssp585_mid_2050s_hot_2057,paperb_adaptive_band_relax,640,22327.834056270887,877.1570390833417,25.990495443829253,0.46214062499999997,10.789109585701171,33.59375,7.187499999999999,0.0,32.34375,7.187499999999999,0.0,0.0,0.0,4.108220361507751,3.1082203615077506,0.10043020602435668,0.2511466854040253,7.5,0.07398129549658843,0.0264489105277682,24.5,24.5,21.5,21.5,0.0,0.0,100.0,0,0,10,0,630,none,21.5625,0.1405389738565144,-1.779466174326605
guangzhou_ssp585_mid_2050s_hot_2057,paperb_gate_tail_asym_relax,640,22327.901766040268,877.1570104171764,25.990445143317856,0.4621291666666666,10.672033845852175,32.65625,7.03125,0.0,32.34375,7.187499999999999,0.0,0.0,0.0,4.108270662019146,3.108270662019146,0.10044313891456969,0.2511466854040253,7.5,0.07399400654336581,0.02644913237120381,24.446093368530274,24.5,21.519921398162843,21.5,7.5,0.0,92.5,12,0,11,0,617,none,21.5625,0.14056224782399263,-1.7791683178629225
guangzhou_ssp585_mid_2050s_hot_2057,paperb_pmv_exceedance_guard_relax,640,22367.094760517357,877.1560712981412,25.986839611005404,0.4616270833333333,10.777232255212729,33.4375,7.187499999999999,0.0,32.5,7.187499999999999,0.0,0.0,0.0,4.1118761943316,3.1118761943316007,0.1006278731270224,0.2511466854040253,7.5,0.07405351951362864,0.0265743536133937,24.387110042572022,24.5,21.57031307220459,21.5,7.187499999999999,0.0,92.8125,12,0,11,162,617,none,21.25,0.14055440353592416,-1.6067576473937306
guangzhou_ssp585_mid_2050s_hot_2057,paperb_pmv_relax,640,22427.172184750783,877.1585639005558,25.984665146270014,0.462190625,10.814968741494358,33.59375,7.34375,0.0,32.65625,7.187499999999999,0.0,0.0,0.0,4.114050659066994,3.1140506590669936,0.10120923085510918,0.2504705844809139,7.5,0.07449214752459536,0.02671708333051375,24.270116984844208,24.5,21.550195050239562,21.5,32.65625,0.0,67.34375,44,0,28,0,568,none,23.4375,0.1431252896932487,-1.3424760039433603
guangzhou_ssp585_mid_2050s_hot_2057,paperb_ppd_guard_relax,640,22384.51536276218,877.1560673938527,25.987012630705976,0.4621625,10.785602957852891,33.4375,7.187499999999999,0.0,32.65625,7.187499999999999,0.0,0.0,0.0,4.111703174631025,3.111703174631025,0.10061157783120638,0.2511466854040253,7.5,0.07406504152853319,0.026546536302673125,24.386328792572023,24.5,21.57109432220459,21.5,7.187499999999999,0.0,92.8125,12,0,11,168,617,none,21.09375,0.1405770105929651,-1.530124112419451
guangzhou_ssp585_mid_2050s_hot_2057,reference,640,22732.34850861167,877.2069030151912,25.626371051368096,0.35948020833333333,9.1106037885896,24.375,6.875000000000001,0.0,24.6875,6.25,0.0,0.0,0.0,4.472344753968907,3.4723447539689074,,,0.0,,,24.0,24.0,22.0,22.0,0.0,0.0,100.0,0,0,0,0,640,,0.0,,0.0
guangzhou_ssp585_mid_2050s_typical_2050,diagnostic_reference,640,24709.902172075912,877.1720467975953,26.2226284594194,0.562628125,13.75746505433031,51.40625,15.156249999999998,0.0,50.46874999999999,12.812499999999998,0.0,0.0,0.0,4.305250251771001,3.305250251771002,0.12405911955037938,0.27753516332870815,19.53125,0.09980429000066182,0.024254829549717513,24.0,24.0,22.0,22.0,0.0,0.0,100.0,0,0,0,0,640,,41.25,0.184625095177515,0.0
guangzhou_ssp585_mid_2050s_typical_2050,paperb_adaptive_band_relax,640,24251.101894129075,877.1498504154364,26.46943732940681,0.6288364583333333,15.270617963105991,58.4375,18.75,0.0,56.40625,16.71875,0.0,0.0,0.0,4.058441381783586,3.0584413817835863,0.13491430111347502,0.2931869415776021,22.34375,0.11219230623794223,0.022721994875532718,24.5,24.5,21.5,21.5,0.0,0.0,100.0,0,0,10,0,630,none,43.75,0.19446941445584648,-1.8567466384602604
guangzhou_ssp585_mid_2050s_typical_2050,paperb_gate_tail_asym_relax,640,24256.27229964364,877.1501885484189,26.470227660856114,0.6291833333333333,15.113376461111688,57.65625,18.4375,0.0,56.56250000000001,17.03125,0.0,0.0,0.0,4.057651050334285,3.057651050334285,0.1350572142231888,0.2931869415776021,22.34375,0.11233803946392842,0.02271917475926033,24.338476371765136,24.5,21.52324194908142,21.5,22.34375,0.0,77.65625,23,0,21,0,596,none,44.0625,0.19495137844126412,-1.8358222111656497
guangzhou_ssp585_mid_2050s_typical_2050,paperb_pmv_exceedance_guard_relax,640,24332.514287727474,877.1473334406861,26.458129192563604,0.6264416666666666,15.183546000434532,57.96875,18.28125,0.0,56.25,15.937499999999998,0.0,0.0,0.0,4.069749518626798,3.069749518626798,0.1348170085907972,0.290682288849646,21.71875,0.11195536624574458,0.022861642345052585,24.275836849212645,24.5,21.56294002532959,21.5,15.937499999999998,0.0,84.0625,24,0,18,258,598,none,44.21875,0.19555611281259178,-1.5272738909299144
guangzhou_ssp585_mid_2050s_typical_2050,paperb_pmv_relax,640,24395.58360107672,877.1481365451145,26.446429109006903,0.6238385416666666,15.119740662699268,57.49999999999999,18.28125,0.0,56.25,15.78125,0.0,0.0,0.0,4.081449602183499,3.0814496021834983,0.1345248830541934,0.28960215383436405,21.5625,0.11148745206566876,0.023037430988524586,24.103515535593033,24.5,21.55585926771164,21.5,56.25,0.0,43.75,56,0,37,0,547,pmv_warm,44.84375,0.1958266766323641,-1.272034866064331
guangzhou_ssp585_mid_2050s_typical_2050,paperb_ppd_guard_relax,640,24337.166896549803,877.1473417452308,26.458126854540012,0.6264958333333334,15.185133826829253,57.96875,18.28125,0.0,56.40625,16.09375,0.0,0.0,0.0,4.069751856650389,3.069751856650388,0.1347911167437899,0.290682288849646,21.5625,0.11192342447897316,0.022867692264816712,24.265457487106325,24.5,21.562720012664794,21.5,18.28125,0.0,81.71875,26,0,18,254,596,ppd_hold,44.0625,0.1958312987620133,-1.508444966436684
guangzhou_ssp585_mid_2050s_typical_2050,reference,640,24709.902172075912,877.1720467975953,26.2226284594194,0.562628125,13.75746505433031,51.40625,15.156249999999998,0.0,50.46874999999999,12.812499999999998,0.0,0.0,0.0,4.305250251771001,3.305250251771002,,,0.0,,,24.0,24.0,22.0,22.0,0.0,0.0,100.0,0,0,0,0,640,,0.0,,0.0
guangzhou_ssp585_near_2030s_heatwave_extreme_2033,diagnostic_reference,640,24180.790388304387,877.1969851098938,26.134219573279815,0.5292885416666666,12.931172108855066,45.0,13.90625,0.0,44.375,11.25,0.0,0.0,0.0,4.263852657294372,3.263852657294372,0.11582680233584335,0.2623458302359455,16.40625,0.09088383195470054,0.024942970381142782,24.0,24.0,22.0,22.0,0.0,0.0,100.0,0,0,0,0,640,,35.0,0.16920827239181446,0.0
guangzhou_ssp585_near_2030s_heatwave_extreme_2033,paperb_adaptive_band_relax,640,23677.107577370432,877.1603558558159,26.379467427190157,0.5937281249999999,14.23959639361539,53.125,16.09375,0.0,51.24999999999999,14.0625,0.0,0.0,0.0,4.018604803384027,3.0186048033840267,0.12526980942072066,0.27154707249281795,18.125,0.10180265094750243,0.023467158473218168,24.5,24.5,21.5,21.5,0.0,0.0,100.0,0,0,10,0,630,none,34.53125,0.17868680058781297,-2.082987374877432
guangzhou_ssp585_near_2030s_heatwave_extreme_2033,paperb_gate_tail_asym_relax,640,23679.765933551258,877.1604346439576,26.379789314963727,0.593890625,14.085118392395696,52.1875,15.937499999999998,0.0,51.24999999999999,14.21875,0.0,0.0,0.0,4.018282915610461,3.018282915610461,0.12531696047192847,0.2719850860635358,18.125,0.10185142646898959,0.023465534002938826,24.369921588897704,24.5,21.52128872871399,21.5,18.125,0.0,81.875,22,0,20,0,598,none,34.53125,0.17875175253035663,-2.0719937053648274
guangzhou_ssp585_near_2030s_heatwave_extreme_2033,paperb_pmv_exceedance_guard_relax,640,23770.11950227181,877.1608927280545,26.3787467430101,0.5949333333333333,14.278032251120857,53.28125,16.40625,0.0,51.71875,14.374999999999998,0.0,0.0,0.0,4.019325487564083,3.0193254875640827,0.1259746234886034,0.27170138433943675,17.96875,0.10241244167547858,0.023562181813124777,24.299415016174315,24.5,21.567359256744385,21.5,14.374999999999998,0.0,85.625,22,0,18,239,600,none,35.46875,0.18079614988405998,-1.6983352464409518
guangzhou_ssp585_near_2030s_heatwave_extreme_2033,paperb_pmv_relax,640,23863.157363524482,877.1645553168839,26.37021241428197,0.5939812499999999,14.254501826176204,53.59374999999999,16.09375,0.0,51.5625,14.374999999999998,0.0,0.0,0.0,4.027859816292219,3.0278598162922186,0.1260534504541529,0.2712956536817276,18.28125,0.10235604751665792,0.02369740293749493,24.139453017711638,24.5,21.55351549386978,21.5,51.5625,0.0,48.4375,55,0,37,0,548,pmv_warm,37.1875,0.18282815914249587,-1.3135758578575518
guangzhou_ssp585_near_2030s_heatwave_extreme_2033,paperb_ppd_guard_relax,640,23772.018166450907,877.1608929893101,26.37889784657498,0.5950166666666667,14.280577822616959,53.28125,16.40625,0.0,51.87500000000001,14.374999999999998,0.0,0.0,0.0,4.01917438399921,3.01917438399921,0.12601892428734446,0.27170138433943675,17.96875,0.10245006770879553,0.023568856578548885,24.290698528289795,24.5,21.56724877357483,21.5,16.40625,0.0,83.59375,24,0,18,236,598,none,35.46875,0.18087831790277903,-1.6904832939257153
guangzhou_ssp585_near_2030s_heatwave_extreme_2033,reference,640,24180.790388304387,877.1969851098938,26.134219573279815,0.5292885416666666,12.931172108855066,45.0,13.90625,0.0,44.375,11.25,0.0,0.0,0.0,4.263852657294372,3.263852657294372,,,0.0,,,24.0,24.0,22.0,22.0,0.0,0.0,100.0,0,0,0,0,640,,0.0,,0.0
guangzhou_ssp585_near_2030s_hot_2033,diagnostic_reference,640,24180.790388304387,877.1969851098938,26.134219573279815,0.5292885416666666,12.931172108855066,45.0,13.90625,0.0,44.375,11.25,0.0,0.0,0.0,4.263852657294372,3.263852657294372,0.11582680233584335,0.2623458302359455,16.40625,0.09088383195470054,0.024942970381142782,24.0,24.0,22.0,22.0,0.0,0.0,100.0,0,0,0,0,640,,35.0,0.16920827239181446,0.0
guangzhou_ssp585_near_2030s_hot_2033,paperb_adaptive_band_relax,640,23677.107577370432,877.1603558558159,26.379467427190157,0.5937281249999999,14.23959639361539,53.125,16.09375,0.0,51.24999999999999,14.0625,0.0,0.0,0.0,4.018604803384027,3.0186048033840267,0.12526980942072066,0.27154707249281795,18.125,0.10180265094750243,0.023467158473218168,24.5,24.5,21.5,21.5,0.0,0.0,100.0,0,0,10,0,630,none,34.53125,0.17868680058781297,-2.082987374877432
guangzhou_ssp585_near_2030s_hot_2033,paperb_gate_tail_asym_relax,640,23679.765933551258,877.1604346439576,26.379789314963727,0.593890625,14.085118392395696,52.1875,15.937499999999998,0.0,51.24999999999999,14.21875,0.0,0.0,0.0,4.018282915610461,3.018282915610461,0.12531696047192847,0.2719850860635358,18.125,0.10185142646898959,0.023465534002938826,24.369921588897704,24.5,21.52128872871399,21.5,18.125,0.0,81.875,22,0,20,0,598,none,34.53125,0.17875175253035663,-2.0719937053648274
guangzhou_ssp585_near_2030s_hot_2033,paperb_pmv_exceedance_guard_relax,640,23770.11950227181,877.1608927280545,26.3787467430101,0.5949333333333333,14.278032251120857,53.28125,16.40625,0.0,51.71875,14.374999999999998,0.0,0.0,0.0,4.019325487564083,3.0193254875640827,0.1259746234886034,0.27170138433943675,17.96875,0.10241244167547858,0.023562181813124777,24.299415016174315,24.5,21.567359256744385,21.5,14.374999999999998,0.0,85.625,22,0,18,239,600,none,35.46875,0.18079614988405998,-1.6983352464409518
guangzhou_ssp585_near_2030s_hot_2033,paperb_pmv_relax,640,23863.157363524482,877.1645553168839,26.37021241428197,0.5939812499999999,14.254501826176204,53.59374999999999,16.09375,0.0,51.5625,14.374999999999998,0.0,0.0,0.0,4.027859816292219,3.0278598162922186,0.1260534504541529,0.2712956536817276,18.28125,0.10235604751665792,0.02369740293749493,24.139453017711638,24.5,21.55351549386978,21.5,51.5625,0.0,48.4375,55,0,37,0,548,pmv_warm,37.1875,0.18282815914249587,-1.3135758578575518
guangzhou_ssp585_near_2030s_hot_2033,paperb_ppd_guard_relax,640,23772.018166450907,877.1608929893101,26.37889784657498,0.5950166666666667,14.280577822616959,53.28125,16.40625,0.0,51.87500000000001,14.374999999999998,0.0,0.0,0.0,4.01917438399921,3.01917438399921,0.12601892428734446,0.27170138433943675,17.96875,0.10245006770879553,0.023568856578548885,24.290698528289795,24.5,21.56724877357483,21.5,16.40625,0.0,83.59375,24,0,18,236,598,none,35.46875,0.18087831790277903,-1.6904832939257153
guangzhou_ssp585_near_2030s_hot_2033,reference,640,24180.790388304387,877.1969851098938,26.134219573279815,0.5292885416666666,12.931172108855066,45.0,13.90625,0.0,44.375,11.25,0.0,0.0,0.0,4.263852657294372,3.263852657294372,,,0.0,,,24.0,24.0,22.0,22.0,0.0,0.0,100.0,0,0,0,0,640,,0.0,,0.0
guangzhou_ssp585_near_2030s_typical_2039,diagnostic_reference,640,22385.174454819728,877.2504801774523,25.386631924931205,0.28995208333333333,7.456811798000738,12.1875,0.625,0.0,12.34375,0.0,0.0,0.0,0.0,4.818496868196094,3.818496868196094,0.07362561094794436,0.1424542474152718,1.7187500000000002,0.042827268341028,0.030798342606916294,24.0,24.0,22.0,22.0,0.0,0.0,100.0,0,0,0,0,640,,8.75,0.09962154610075225,0.0
guangzhou_ssp585_near_2030s_typical_2039,paperb_adaptive_band_relax,640,21805.705004102627,877.1614551441717,25.758272795796017,0.390621875,8.833729227732814,20.9375,1.40625,0.0,19.375,1.09375,0.0,0.0,0.0,4.446855997331282,3.4468559973312813,0.08567375975041629,0.1624223397962943,2.03125,0.05725941696710646,0.02841434278330978,24.5,24.5,21.5,21.5,0.0,0.0,100.0,0,0,10,0,630,none,11.875,0.1147348443156512,-2.588630487944832
guangzhou_ssp585_near_2030s_typical_2039,paperb_gate_tail_asym_relax,640,21805.725432902153,877.16147000344,25.758258283321844,0.39061666666666667,8.72969987069337,19.84375,1.25,0.0,19.375,1.09375,0.0,0.0,0.0,4.44687050980545,3.44687050980545,0.08567759665151406,0.1624223397962943,2.03125,0.05726273259224168,0.028414864059272314,24.4859375,24.5,21.5005859375,21.5,2.03125,0.0,97.96875,3,0,13,0,624,none,11.875,0.1147430137811866,-2.5885392275458163
guangzhou_ssp585_near_2030s_typical_2039,paperb_pmv_exceedance_guard_relax,640,21825.5704867457,877.161943256192,25.75423397895903,0.3895385416666667,8.814696299563854,20.9375,1.40625,0.0,19.375,1.09375,0.0,0.0,0.0,4.4508948141682705,3.450894814168271,0.08567306908016548,0.16153241210881,2.1875,0.05719916174851989,0.028473907331645544,24.44033203125,24.5,21.529736328125,21.5,1.09375,0.0,98.90625,3,0,11,117,626,none,12.1875,0.11487498107745606,-2.4998865619898725
guangzhou_ssp585_near_2030s_typical_2039,paperb_pmv_relax,640,21862.31406974233,877.1597410901347,25.74435803316453,0.3871458333333333,8.766751528576046,20.3125,1.40625,0.0,19.21875,1.09375,0.0,0.0,0.0,4.460770759962766,3.4607707599627657,0.08579038881407877,0.16148063628470893,2.1875,0.057100770133787226,0.028689618680291497,24.367773151397706,24.5,21.525390291213988,21.5,19.21875,0.0,80.78125,29,0,27,0,584,none,12.34375,0.11481543349903837,-2.335744070847845
guangzhou_ssp585_near_2030s_typical_2039,paperb_ppd_guard_relax,640,21826.797419573533,877.1623445927361,25.75339667055466,0.38924375,8.809972523501397,20.9375,1.40625,0.0,19.21875,1.09375,0.0,0.0,0.0,4.4517321225726345,3.451732122572635,0.08564921499570735,0.16153241210881,2.1875,0.05716544450152252,0.028483770494184803,24.439404296875,24.5,21.53037109375,21.5,1.40625,0.0,98.59375,3,0,11,125,626,none,12.1875,0.11488807693794208,-2.494405555664414
guangzhou_ssp585_near_2030s_typical_2039,reference,640,22385.174454819728,877.2504801774523,25.386631924931205,0.28995208333333333,7.456811798000738,12.1875,0.625,0.0,12.34375,0.0,0.0,0.0,0.0,4.818496868196094,3.818496868196094,,,0.0,,,24.0,24.0,22.0,22.0,0.0,0.0,100.0,0,0,0,0,640,,0.0,,0.0
