weather,strategy,n_steps,occupied_steps,paperb_met,paperb_people_activity_w_per_person,mean_operative_temp_c_occ,mean_pmv_occ,pmv_violation_pct_occ,pmv_abs_gt_1_0_pct_occ,mean_ppd_pct_occ,ppd_gt_25_pct_occ,adaptive_violation_pct_occ,mean_p_tail_occ,mean_warm_tail_occ,mean_cold_tail_occ,p95_p_tail_occ,mean_zone_p_tail_ge_0p20_pct_occ,max_zone_p_tail_mean_occ,max_zone_p_tail_ge_0p20_pct_occ,relax_action_count,guard_hold_count,warm_protection_count,cold_protection_count,hvac_on_pct_all,mean_heating_setpoint_c,mean_cooling_setpoint_c,electricity_kwh,hvac_electricity_kwh,cooling_electricity_kwh,heating_electricity_kwh,fan_electricity_kwh,pump_electricity_kwh,natural_gas_kwh,zone_heating_kwh_thermal,zone_cooling_kwh_thermal,zone_hvac_kwh_thermal,peak_facility_electric_kw_15min,peak_hvac_electric_kw_15min,peak_cooling_electric_kw_15min,peak_fan_electric_kw_15min,peak_zone_hvac_kw_15min
kolkata_ssp245_baseline_2020s_heatwave_extreme_2027,diagnostic_reference,35040,16704,0.8543330000000003,93.20000000000003,25.918287096044523,-0.41455930715197953,67.15158045977012,11.506226053639846,16.87062089301696,13.643438697318008,4.370210727969349,0.072960773422341,0.05093658238647872,0.022024191035862277,0.1189241547835241,1.3110632183908046,0.1128500033883705,6.291906130268199,0,0,0,0,61.12442922374429,16.767123287671232,27.13972602739726,581144.4349540125,291380.3033093198,222174.60431416426,79.50627456403375,65874.5442196788,40.71777664945128,25040.21825906923,56.550409956017546,451098.23297730903,451154.7833872651,181.53406155769542,110.8284807985524,83.73434574381041,26.261248976346344,164.36164170513925
kolkata_ssp245_baseline_2020s_heatwave_extreme_2027,paperb_adaptive_band_relax,35040,16704,0.8543330000000003,93.20000000000003,27.1868205893781,0.06323770753512128,25.67049808429119,5.280172413793103,10.5332506946396,5.801005747126436,18.528496168582375,0.07142050717009103,0.05206083727782088,0.01935966989227015,0.11749591779724003,1.3649425287356323,0.11425315077657637,6.698994252873564,1430,2864,1290,0,62.776826484018265,15.839476312785388,28.011494006849315,554067.7641079342,264303.63246324135,212594.13629218924,0.09607061460364201,48457.75159952489,40.71777664945128,25125.34422458781,0.0,433267.60077727254,433267.60077727254,181.53406155769542,110.8284807985524,83.73434574381041,26.261248976346344,164.7194339895991
kolkata_ssp245_baseline_2020s_heatwave_extreme_2027,paperb_gate_tail_asym_relax,35040,16704,0.8543330000000003,93.20000000000003,27.30366462742907,0.10720677681992338,19.103208812260537,4.436063218390805,9.67692790061754,4.75933908045977,21.851053639846743,0.07184444690408272,0.05320611969472071,0.018638327209361996,0.12059412030152501,1.3649425287356323,0.11370304835193062,6.824712643678161,1304,0,1116,0,62.8824200913242,15.836044520547945,28.05705622146119,552154.994876727,262390.8632320344,211581.7109436482,0.0,47557.503787473506,40.71777664945128,25063.528849314363,0.0,431174.3659962537,431174.3659962537,181.53406155769542,110.8284807985524,83.73434574381041,26.261248976346344,164.7194339885868
kolkata_ssp245_baseline_2020s_heatwave_extreme_2027,paperb_mu_relax,35040,16704,0.8543330000000003,93.20000000000003,27.3026682630946,0.10684626436781608,19.10919540229885,4.436063218390805,9.67753467631361,4.747365900383142,21.797174329501914,0.0718211761534105,0.05318154441337533,0.018639631740035176,0.12046980968267681,1.3649425287356323,0.1136746940244121,6.800766283524904,1551,0,1175,0,62.87956621004567,15.838827054794521,28.042722602739726,552191.270922796,262427.1392781033,211593.24925056854,0.0,47582.24152662206,40.71777664945128,25063.523574217263,0.0,431171.82606250414,431171.82606250414,181.53406155769542,110.8284807985524,83.73434574381041,26.261248976346344,164.43457416408816
kolkata_ssp245_baseline_2020s_heatwave_extreme_2027,paperb_pmv_exceedance_guard_relax,35040,16704,0.8543330000000003,93.20000000000003,27.098974196775345,0.0302652458492976,31.46551724137931,5.9446839080459775,11.211362856122662,6.7828065134099615,14.804837164750959,0.0729198268498468,0.053571761568745185,0.019348065281101612,0.1222418353271818,1.3649425287356323,0.11625555016956272,7.357519157088123,1944,4263,1131,95,62.699771689497716,16.06782617525423,27.856420815698634,554891.7816711015,265127.6500264087,212592.965006165,68.6726708398093,49214.36384849127,40.71777664945128,24978.501887083854,49.2447848731405,434378.5919938235,434427.8367786967,181.53406155769542,110.8284807985524,83.73434574381041,26.261248976346344,164.43465397192722
kolkata_ssp245_baseline_2020s_heatwave_extreme_2027,paperb_ppd_guard_relax,35040,16704,0.8543330000000003,93.20000000000003,27.096616361208635,0.029412276500638584,31.60919540229885,5.8548850574712645,11.20463917351442,6.525383141762451,14.786877394636017,0.07285673886998266,0.053495810989641915,0.019360927880340748,0.12258513804935983,1.3649425287356323,0.11620198937626543,7.327586206896551,2039,4290,1143,107,62.73972602739726,16.076191733199167,27.85070380729083,554981.4512207223,265217.3195760295,212641.27044989663,69.67183572939753,49254.72878949072,40.71777664945128,24983.8619000425,49.963374640240076,434399.8453146263,434449.8086892666,181.53406155769542,110.8284807985524,83.73434574381041,26.261248976346344,164.43467294742277
kolkata_ssp245_baseline_2020s_heatwave_extreme_2027,reference,35040,16704,0.8543330000000003,93.20000000000003,25.918287096044523,-0.41455930715197953,67.15158045977012,11.506226053639846,16.87062089301696,13.643438697318008,4.370210727969349,,,,,0.0,,0.0,0,0,0,0,61.12442922374429,16.767123287671232,27.13972602739726,581144.4349540125,291380.3033093198,222174.60431416426,79.50627456403375,65874.5442196788,40.71777664945128,25040.21825906923,56.550409956017546,451098.23297730903,451154.7833872651,181.53406155769542,110.8284807985524,83.73434574381041,26.261248976346344,164.36164170513925
kolkata_ssp245_baseline_2020s_hot_2028,diagnostic_reference,35040,16704,0.8543330000000003,93.20000000000003,25.86270025503251,-0.4355987388250319,62.350335249042146,6.53735632183908,14.2959871403345,8.291427203065133,0.5328065134099617,0.06696312044405739,0.04442657757074684,0.022536542873310566,0.12555423036288443,0.0,0.10320987699612127,5.609434865900384,0,0,0,0,60.69634703196347,16.767123287671232,27.13972602739726,592043.6208536227,302275.68202595547,231017.95796270654,50.04802121996662,67956.02331765802,40.71777664945128,24865.84887719979,32.37457757861218,458055.59342301375,458087.9680005924,176.5482525906445,106.45502947994302,79.36089442520102,26.261248976346344,157.95766467986562
kolkata_ssp245_baseline_2020s_hot_2028,paperb_adaptive_band_relax,35040,16704,0.8543330000000003,93.20000000000003,27.187722499931464,0.0611702187100894,17.313218390804597,1.8438697318007662,8.020814938594956,2.1491858237547894,13.553639846743296,0.0629779557931133,0.043412406032101114,0.019565549761012182,0.1018121365944832,0.017959770114942528,0.09979022810966501,5.693247126436781,1151,2245,1150,0,62.57420091324201,15.83884845890411,28.04604023972603,560998.98684026,271231.04801259254,219784.77675810378,0.0,48194.61853011788,40.71777664945128,24838.391210779617,0.0,439553.58441616915,439553.58441616915,176.5482525906445,106.45502947994302,79.36089442520102,26.261248976346344,164.75826274652948
kolkata_ssp245_baseline_2020s_hot_2028,paperb_gate_tail_asym_relax,35040,16704,0.8543330000000003,93.20000000000003,27.240713975371072,0.08124066091954023,14.93654214559387,1.7720306513409962,7.7138934570625795,1.9935344827586208,15.439415708812259,0.06323964274765778,0.04406363334502355,0.01917600940263424,0.10123383882412576,0.017959770114942528,0.0996455641083049,5.675287356321839,1048,0,1046,0,62.62842465753424,15.836044520547945,28.07076198630137,560004.4996728819,270236.5608452145,219222.889253218,0.0,47762.01886762571,40.71777664945128,24833.983537285145,0.0,438694.55665442866,438694.55665442866,176.5482525906445,106.45502947994302,79.36089442520102,26.261248976346344,164.75826274715453
kolkata_ssp245_baseline_2020s_hot_2028,paperb_mu_relax,35040,16704,0.8543330000000003,93.20000000000003,27.239383168660293,0.08075674489144316,14.954501915708812,1.7720306513409962,7.715283751212664,1.9935344827586208,15.367576628352491,0.06322037840421017,0.044040885776386166,0.019179492627824004,0.10122720357127571,0.017959770114942528,0.09963335345189754,5.675287356321839,1180,0,1118,0,62.62842465753424,15.836329908675799,28.066909246575342,560047.4097499398,270279.4709222725,219235.76260665234,0.0,47792.05559124926,40.71777664945128,24833.981471227475,0.0,438694.123022186,438694.123022186,176.5482525906445,106.45502947994302,79.36089442520102,26.261248976346344,164.75826274648838
kolkata_ssp245_baseline_2020s_hot_2028,paperb_pmv_exceedance_guard_relax,35040,16704,0.8543330000000003,93.20000000000003,27.106083891396846,0.03077518358876117,23.09626436781609,2.5742337164750957,8.71351213434312,3.26867816091954,8.548850574712644,0.06538218462264395,0.04581444204732555,0.019567742575318407,0.11669772143606806,0.011973180076628351,0.10355987419033164,6.890565134099617,1454,3428,1087,51,62.44006849315068,15.972242883133562,27.94021118721461,561807.656470809,272039.71764314163,219826.0675866771,41.09618289294387,48920.90114920073,40.71777664945128,24803.288275106675,27.63146521727306,440665.77377305506,440693.4052382724,176.5482525906445,106.45502947994302,79.36089442520102,26.261248976346344,163.25608403759142
kolkata_ssp245_baseline_2020s_hot_2028,paperb_ppd_guard_relax,35040,16704,0.8543330000000003,93.20000000000003,27.108954103401967,0.031804278416347385,22.83884099616858,2.4545019157088124,8.652384370557165,2.9154693486590038,8.991858237547893,0.06519067875957126,0.04561480841870261,0.019575870340868648,0.11541537001202527,0.011973180076628351,0.10342697768185742,6.657088122605365,1524,3451,1112,58,62.405821917808225,15.971622386914955,27.937993632277397,561841.3458862066,272073.4070585392,219830.12009755085,39.61438881780676,48952.01984779964,40.71777664945128,24806.61091933298,26.063070695842605,440564.2156844234,440590.2787551192,176.5482525906445,106.45502947994302,79.36089442520102,26.261248976346344,163.25608029166892
kolkata_ssp245_baseline_2020s_hot_2028,reference,35040,16704,0.8543330000000003,93.20000000000003,25.86270025503251,-0.4355987388250319,62.350335249042146,6.53735632183908,14.2959871403345,8.291427203065133,0.5328065134099617,,,,,0.0,,0.0,0,0,0,0,60.69634703196347,16.767123287671232,27.13972602739726,592043.6208536227,302275.68202595547,231017.95796270654,50.04802121996662,67956.02331765802,40.71777664945128,24865.84887719979,32.37457757861218,458055.59342301375,458087.9680005924,176.5482525906445,106.45502947994302,79.36089442520102,26.261248976346344,157.95766467986562
kolkata_ssp245_baseline_2020s_typical_2026,diagnostic_reference,35040,16704,0.8543330000000003,93.20000000000003,25.73498175325079,-0.4938662994891444,68.90565134099617,8.028017241379311,15.28509521559198,10.362787356321839,1.2990900383141764,0.06899587608011307,0.0467117945335998,0.022284081546513273,0.12776533987697125,0.0,0.10407009113187428,5.0586685823754785,0,0,0,0,60.00856164383561,16.767123287671232,27.13972602739726,571888.1831494335,282118.85858012404,215617.02223153156,71.93267364173875,63178.24979155725,40.71777664945128,24993.776043573853,47.96383015391514,446184.2353174623,446232.1991476162,173.75741471964983,103.6376073186237,76.54347226388167,26.261248976346344,154.63633397669278
kolkata_ssp245_baseline_2020s_typical_2026,paperb_adaptive_band_relax,35040,16704,0.8543330000000003,93.20000000000003,27.08528106816186,0.014610991379310339,19.330699233716476,1.801963601532567,8.124534047711082,2.2150383141762453,19.10919540229885,0.06536814036884503,0.0456643657525232,0.019703774616321824,0.10389085650910042,0.0,0.09918721190577931,4.3163314176245215,1238,3121,1200,0,61.740867579908674,15.839312214611873,28.03508133561644,543934.2068990183,254164.88232970872,205491.1465122373,0.6411138778634466,45421.44082020019,40.71777664945128,25021.488854369924,0.3862928406630606,426885.1211154152,426885.5074082559,173.75741471964983,103.63760731862367,76.54347226388167,26.261248976346344,156.135999061812
kolkata_ssp245_baseline_2020s_typical_2026,paperb_gate_tail_asym_relax,35040,16704,0.8543330000000003,93.20000000000003,27.162268429347975,0.0437007503192848,15.690852490421456,1.4008620689655173,7.62708302282206,1.7181513409961684,21.827107279693486,0.06572083432139468,0.04652170518403347,0.019199129137361208,0.10418920725902021,0.0,0.09894017387182538,4.250478927203065,1044,0,1044,0,61.80650684931507,15.836044520547945,28.070804794520548,542581.5062127834,252812.18164347392,204747.45043484235,0.11313818893088304,44812.964187049125,40.71777664945128,24995.368925287064,0.0,425561.42109467834,425561.42109467834,173.75741471964983,103.6376073186237,76.54347226388167,26.261248976346344,156.1359990625099
kolkata_ssp245_baseline_2020s_typical_2026,paperb_mu_relax,35040,16704,0.8543330000000003,93.20000000000003,27.161211102310492,0.043310863665389526,15.696839080459771,1.4008620689655173,7.6284197141701116,1.7181513409961684,21.779214559386972,0.06570455844217593,0.046503055882644986,0.01920150255953094,0.10416672297283472,0.0,0.09889529544409008,4.21455938697318,1077,0,1070,0,61.80650684931507,15.836215753424657,28.070105593607305,542601.2624524613,252831.9378831519,204753.00845499116,0.11313818893088304,44827.16240657827,40.71777664945128,24995.394609666655,0.0,425565.5551945834,425565.5551945834,173.75741471964983,103.6376073186237,76.54347226388167,26.261248976346344,156.13599906150915
kolkata_ssp245_baseline_2020s_typical_2026,paperb_pmv_exceedance_guard_relax,35040,16704,0.8543330000000003,93.20000000000003,26.97653967893318,-0.026081377713920793,26.933668582375482,2.490421455938697,9.021356882018349,3.490181992337165,12.045019157088124,0.06842775631654349,0.048728572832054,0.019699183484489496,0.11958603768985764,0.0,0.10438609289846947,6.148227969348659,1405,4083,1042,79,61.432648401826484,16.017666416952054,27.918256367722602,545051.4802276568,255282.1556583473,205598.16427151542,53.79466632457878,46378.54283711387,40.71777664945128,24936.485027854273,36.13028577532023,428516.61082219885,428552.7411079741,173.75741471964983,103.63760731862367,76.54347226388167,26.261248976346344,155.87482426814594
kolkata_ssp245_baseline_2020s_typical_2026,paperb_ppd_guard_relax,35040,16704,0.8543330000000003,93.20000000000003,26.966741419010102,-0.029797174329501915,27.592193486590038,2.4545019157088124,9.075659059091524,3.166906130268199,11.33860153256705,0.06861540391543361,0.04891821158095046,0.019697192334483166,0.11952721069153881,0.0,0.10496824373333415,6.333812260536398,1514,4200,1053,96,61.43550228310502,16.03075948915525,27.909673096817922,545292.1158313075,255522.79126199798,205793.59612174344,60.31691868995881,46417.2243381711,40.71777664945128,24940.670718369725,40.36624352634697,428694.10994059226,428734.4761841186,173.75741471964983,103.63760731862367,76.54347226388167,26.261248976346344,155.86713253997115
kolkata_ssp245_baseline_2020s_typical_2026,reference,35040,16704,0.8543330000000003,93.20000000000003,25.73498175325079,-0.4938662994891444,68.90565134099617,8.028017241379311,15.28509521559198,10.362787356321839,1.2990900383141764,,,,,0.0,,0.0,0,0,0,0,60.00856164383561,16.767123287671232,27.13972602739726,571888.1831494335,282118.85858012404,215617.02223153156,71.93267364173875,63178.24979155725,40.71777664945128,24993.776043573853,47.96383015391514,446184.2353174623,446232.1991476162,173.75741471964983,103.6376073186237,76.54347226388167,26.261248976346344,154.63633397669278
kolkata_ssp245_late_2080s_heatwave_extreme_2086,diagnostic_reference,35040,16704,0.8543330000000003,93.20000000000003,26.26751872603897,-0.258468590357599,63.82902298850575,8.961925287356323,15.371435756539151,11.08117816091954,1.011733716475096,0.070264015408757,0.049347276390260396,0.0209167390184966,0.12264959812550992,0.47294061302681994,0.11436152797199693,8.87212643678161,0,0,0,0,62.708333333333336,16.767123287671232,27.13972602739726,612580.8668783483,322822.21697133774,246504.25432060056,19.82069497370206,73046.49579018791,40.71777664945128,24814.590620625284,10.531972405290478,467591.7517185128,467602.2836909181,178.46300636314453,107.4349151322036,80.3407800774616,26.261248976346344,165.5620172210534
kolkata_ssp245_late_2080s_heatwave_extreme_2086,paperb_adaptive_band_relax,35040,16704,0.8543330000000003,93.20000000000003,27.455952994082214,0.18732283684546613,24.084051724137932,6.405651340996169,10.07341596695241,6.944444444444445,13.290229885057473,0.06771122993069406,0.04897467179878587,0.018736558131908193,0.11333724043803595,0.5507662835249042,0.11234448606299106,8.482998084291188,1126,2205,1114,0,64.35502283105022,15.83832049086758,28.05881135844749,583932.0810393785,294173.431132368,235650.4986260998,0.0,55271.28634069261,40.71777664945128,24762.250308024562,0.0,451143.97351218073,451143.97351218073,178.46300636314453,107.4349151322036,80.3407800774616,26.261248976346344,166.86661272887656
kolkata_ssp245_late_2080s_heatwave_extreme_2086,paperb_gate_tail_asym_relax,35040,16704,0.8543330000000003,93.20000000000003,27.476844268257267,0.19522445721583653,23.443486590038315,6.387691570881227,9.947729538855095,6.896551724137931,14.194204980842912,0.06776296803777292,0.049156843415451776,0.01860612462232113,0.1126991831051637,0.5507662835249042,0.11213082567629128,8.518917624521073,1160,0,1092,0,64.375,15.836044520547945,28.066167237442922,583527.6557529488,293769.0058459384,235459.60186376996,0.0,55057.75781659279,40.71777664945128,24762.467419299228,0.0,450891.65684303956,450891.65684303956,178.46300636314453,107.4349151322036,80.3407800774616,26.261248976346344,166.86661281250323
kolkata_ssp245_late_2080s_heatwave_extreme_2086,paperb_mu_relax,35040,16704,0.8543330000000003,93.20000000000003,27.475493686764704,0.19473004469987226,23.443486590038315,6.387691570881227,9.949848415834774,6.896551724137931,14.128352490421456,0.06775775225962831,0.04915064772689068,0.01860710453273764,0.11265299350251429,0.5627394636015326,0.11211026743668974,8.518917624521073,1495,0,1225,0,64.36358447488585,15.83644406392694,28.053132134703198,583565.2687655388,293806.61885852844,235471.30468288535,0.0,55083.668010067464,40.71777664945128,24762.4761703733,0.0,450889.61664611544,450889.61664611544,178.46300636314453,107.4349151322036,80.3407800774616,26.261248976346344,166.46513277192687
kolkata_ssp245_late_2080s_heatwave_extreme_2086,paperb_pmv_exceedance_guard_relax,35040,16704,0.8543330000000003,93.20000000000003,27.382945993526768,0.16012551883780335,28.69971264367816,6.513409961685824,10.576815935949822,7.333572796934866,9.578544061302683,0.06939551578746678,0.050700204653885125,0.01869531113358166,0.12493392378902637,0.5687260536398467,0.11498650472889992,9.692289272030653,2211,3706,1382,18,64.26655251141553,15.940631266816021,27.901715683175006,585072.5954975324,295313.94559052185,235891.53741545038,5.926402540744914,56164.835606955145,40.71777664945128,24758.898605162034,3.6119394434418712,452126.1534156328,452129.76535507623,178.46300636314453,107.4349151322036,80.3407800774616,26.261248976346344,166.46152988235298
kolkata_ssp245_late_2080s_heatwave_extreme_2086,paperb_ppd_guard_relax,35040,16704,0.8543330000000003,93.20000000000003,27.382238377105523,0.15989184227330774,28.72964559386973,6.501436781609195,10.565396348043244,7.153975095785441,9.524664750957855,0.06940304789776171,0.05069859422070502,0.018704453677056688,0.12493216366024767,0.5687260536398467,0.11504651537252958,9.823994252873563,2327,3745,1399,21,64.30936073059361,15.945914043792307,27.894611500605055,585042.9830494138,295284.33314240316,235862.70982558603,7.114567499542834,56162.86258374206,40.71777664945128,24758.919933483754,4.217659394274132,452086.0248488425,452090.2425082368,178.46300636314453,107.4349151322036,80.3407800774616,26.261248976346344,166.46236846396565
kolkata_ssp245_late_2080s_heatwave_extreme_2086,reference,35040,16704,0.8543330000000003,93.20000000000003,26.26751872603897,-0.258468590357599,63.82902298850575,8.961925287356323,15.371435756539151,11.08117816091954,1.011733716475096,,,,,0.0,,0.0,0,0,0,0,62.708333333333336,16.767123287671232,27.13972602739726,612580.8668783483,322822.21697133774,246504.25432060056,19.82069497370206,73046.49579018791,40.71777664945128,24814.590620625284,10.531972405290478,467591.7517185128,467602.2836909181,178.46300636314453,107.4349151322036,80.3407800774616,26.261248976346344,165.5620172210534
kolkata_ssp245_late_2080s_hot_2087,diagnostic_reference,35040,16704,0.8543330000000003,93.20000000000003,26.191048988840436,-0.29226835887611746,60.560344827586206,6.555316091954023,14.071379947579924,8.548850574712644,0.203544061302682,0.0656623598571134,0.04419916825131849,0.021463191605794903,0.11234388780346667,0.0,0.10601740494021257,6.716954022988506,0,0,0,0,61.980593607305934,16.767123287671232,27.13972602739726,614250.1467483318,324488.42861836555,247649.09844960904,23.99087653940243,73563.69201130822,40.71777664945128,24829.651478690066,13.934788232772553,469444.80182075984,469458.7366089925,174.61960353415736,104.50214794640408,77.40801289166208,26.261248976346344,164.8504732299057
kolkata_ssp245_late_2080s_hot_2087,paperb_adaptive_band_relax,35040,16704,0.8543330000000003,93.20000000000003,27.392999202555735,0.15469592113665387,22.186302681992338,4.412116858237548,8.967319853358733,4.968869731800766,11.045258620689655,0.06449333419636766,0.045437971646619675,0.019055362549747993,0.105673756535043,0.035919540229885055,0.10566984119941329,6.9624042145593865,1102,1841,1102,0,63.85844748858448,15.837628424657535,28.060466609589042,581936.821402771,292175.10327280476,235617.52762456937,0.0,53305.928367326414,40.71777664945128,24782.544068461364,0.0,453290.96386425773,453290.96386425773,174.61960353415736,104.50214794640408,77.40801289166208,26.261248976346344,166.10789094493168
kolkata_ssp245_late_2080s_hot_2087,paperb_gate_tail_asym_relax,35040,16704,0.8543330000000003,93.20000000000003,27.413901231891515,0.16261334610472541,21.37811302681992,4.412116858237548,8.839237666611544,4.944923371647509,11.973180076628353,0.06460740334107806,0.04570255128205237,0.018904852059025704,0.10554432121748586,0.035919540229885055,0.10573146801184571,7.1240421455938705,1052,0,1048,0,63.869863013698634,15.836044520547945,28.070719178082193,581526.0152267489,291764.29709678254,235411.23101377566,0.0,53101.41880209787,40.71777664945128,24781.285429042484,0.0,453018.85795442306,453018.85795442306,174.61960353415736,104.50214794640408,77.40801289166208,26.261248976346344,166.1078909451379
kolkata_ssp245_late_2080s_hot_2087,paperb_mu_relax,35040,16704,0.8543330000000003,93.20000000000003,27.412379596607696,0.16208253512132823,21.37811302681992,4.412116858237548,8.842421961965856,4.950909961685824,11.937260536398467,0.06458483489812238,0.04567968524575597,0.018905149652366404,0.10540016046700008,0.02993295019157088,0.10572219648066306,7.112068965517242,1252,0,1162,0,63.869863013698634,15.836501141552512,28.065282534246574,581586.2922479996,291824.5741180333,235421.49293736074,0.0,53151.4338997636,40.71777664945128,24781.272378731748,0.0,453018.3827377865,453018.3827377865,174.61960353415736,104.50214794640408,77.40801289166208,26.261248976346344,165.52368755756933
kolkata_ssp245_late_2080s_hot_2087,paperb_pmv_exceedance_guard_relax,35040,16704,0.8543330000000003,93.20000000000003,27.33904803086816,0.13476472701149425,25.68845785440613,4.639607279693487,9.327882871994635,5.328065134099616,8.147749042145595,0.06565034550348729,0.0466172736549754,0.01903307184851189,0.11387141075237542,0.02993295019157088,0.10739457613426792,7.9382183908045985,1947,3516,1345,17,63.74999999999999,15.92205325610017,27.93310195713827,582792.3132910137,293030.59516104736,235705.3405005999,13.250697082688278,54060.356682455764,40.71777664945128,24773.428599757826,8.186706052801995,453858.2229755432,453866.4096815961,174.61960353415736,104.50214794640408,77.40801289166208,26.261248976346344,167.08434390103943
kolkata_ssp245_late_2080s_hot_2087,paperb_ppd_guard_relax,35040,16704,0.8543330000000003,93.20000000000003,27.331845215462167,0.13212041028097063,26.017720306513407,4.657567049808429,9.372353462426277,5.244252873563219,7.8484195402298855,0.0656980674050159,0.046662005834422184,0.019036061570593725,0.11443395796988695,0.02993295019157088,0.10769067777542095,8.075909961685824,2056,3610,1374,22,63.75570776255708,15.928901874420305,27.921630803635132,583041.01670003,293279.29857006366,235814.14181273145,13.927702100000293,54199.5817743232,40.71777664945128,24771.669234968023,8.7128390627037,453961.63299676386,453970.3458358266,174.61960353415736,104.50214794640408,77.40801289166208,26.261248976346344,165.16851898041693
kolkata_ssp245_late_2080s_hot_2087,reference,35040,16704,0.8543330000000003,93.20000000000003,26.191048988840436,-0.29226835887611746,60.560344827586206,6.555316091954023,14.071379947579924,8.548850574712644,0.203544061302682,,,,,0.0,,0.0,0,0,0,0,61.980593607305934,16.767123287671232,27.13972602739726,614250.1467483318,324488.42861836555,247649.09844960904,23.99087653940243,73563.69201130822,40.71777664945128,24829.651478690066,13.934788232772553,469444.80182075984,469458.7366089925,174.61960353415736,104.50214794640408,77.40801289166208,26.261248976346344,164.8504732299057
kolkata_ssp245_late_2080s_typical_2084,diagnostic_reference,35040,16704,0.8543330000000003,93.20000000000003,26.16139971462475,-0.3075525622605364,70.731561302682,13.272270114942527,17.218280178839084,15.750718390804597,2.203065134099617,0.0719728805944146,0.05107558289520977,0.02089729769920484,0.12614488815371908,0.46096743295019155,0.11515468553044214,7.465277777777778,0,0,0,0,62.465753424657535,16.767123287671232,27.13972602739726,598084.9771326217,308314.4903430358,236812.92476246585,40.10717317744634,68209.80452049767,40.71777664945128,24882.462501541508,25.214335017848537,459168.512772325,459193.72710734286,176.9500517767216,106.56507594890682,79.85052202977913,26.261248976346344,167.24053248686783
kolkata_ssp245_late_2080s_typical_2084,paperb_adaptive_band_relax,35040,16704,0.8543330000000003,93.20000000000003,27.404348227223636,0.1643920418263091,26.40086206896552,9.183429118773946,10.98347959571382,9.638409961685824,14.589319923371647,0.06835094049624918,0.050012319942312006,0.01833862055393718,0.12004399562222468,0.47294061302681994,0.11277081218192649,8.11182950191571,1191,2371,1150,0,64.01255707762557,15.83839897260274,28.047374429223744,573748.3824876136,283977.8956980276,227376.4990756937,0.05393108881061519,53349.68880435029,40.71777664945128,24879.460653961058,0.0,441339.0120940404,441339.0120940404,176.9500517767216,106.56507594890682,79.99592191736177,26.261248976346344,167.602886176822
kolkata_ssp245_late_2080s_typical_2084,paperb_gate_tail_asym_relax,35040,16704,0.8543330000000003,93.20000000000003,27.454025835605485,0.1831128671775224,23.89846743295019,8.866139846743296,10.608356119751205,9.20138888888889,16.24161877394636,0.06839043891146016,0.05032698686594395,0.018063452045516196,0.12037273171265314,0.47294061302681994,0.11218658486917543,8.010057471264368,1145,0,1088,0,64.08390410958904,15.836044520547945,28.067123287671233,572882.3841297077,283111.89734012174,226921.46624907752,0.0,52938.77720414946,40.71777664945128,24861.08278765436,0.0,440372.76880787464,440372.76880787464,176.9500517767216,106.56507594890682,79.99592203540458,26.261248976346344,167.60288617680155
kolkata_ssp245_late_2080s_typical_2084,paperb_mu_relax,35040,16704,0.8543330000000003,93.20000000000003,27.452748498479647,0.182647349936143,23.916427203065137,8.866139846743296,10.61115073884892,9.20138888888889,16.217672413793103,0.06837197727992737,0.05030684221392191,0.018065135066005458,0.1201947490304425,0.47294061302681994,0.11217262565981018,8.010057471264368,1649,0,1296,0,64.08390410958904,15.836529680365297,28.046775114155253,572909.7648530535,283139.27806346753,226929.50067557485,0.0,52958.12350099786,40.71777664945128,24861.06187914706,0.0,440373.7200272721,440373.7200272721,176.9500517767216,106.56507594890682,79.99784190556407,26.261248976346344,167.0890849413396
kolkata_ssp245_late_2080s_typical_2084,paperb_pmv_exceedance_guard_relax,35040,16704,0.8543330000000003,93.20000000000003,27.346457109498548,0.14290018358876116,30.14248084291188,9.51867816091954,11.381669452551566,10.141283524904214,11.59602490421456,0.0694276312932973,0.05112057024569431,0.018307061047603008,0.1255072146292267,0.47294061302681994,0.11461654594095572,9.141522988505747,2715,3445,1465,42,63.867009132420094,15.981674788313914,27.847364181797253,574410.2601263735,284639.7733367875,227280.39279517048,24.957742907361098,54082.76891181485,40.71777664945128,24830.489755084924,17.034164292920316,442048.70590193046,442065.7400662234,176.9500517767216,106.56507594890682,80.04382423342894,26.261248976346344,167.21351269294155
kolkata_ssp245_late_2080s_typical_2084,paperb_ppd_guard_relax,35040,16704,0.8543330000000003,93.20000000000003,27.32880491795286,0.13625638569604087,31.124281609195403,9.494731800766283,11.495830905987368,10.03352490421456,10.68007662835249,0.07001500485946621,0.0516966419692652,0.018318362890201032,0.1285149672881351,0.47294061302681994,0.11548140326443104,9.841954022988505,2788,3644,1471,54,63.82134703196347,16.001401688736866,27.831530105033423,574859.1961405714,285088.70935098553,227557.26184402587,30.66472485860936,54249.1288952062,40.71777664945128,24830.80767082553,19.96575160818829,442313.2993303067,442333.2650819149,176.9500517767216,106.56507594890682,80.04473158179535,26.261248976346344,167.2122373669795
kolkata_ssp245_late_2080s_typical_2084,reference,35040,16704,0.8543330000000003,93.20000000000003,26.16139971462475,-0.3075525622605364,70.731561302682,13.272270114942527,17.218280178839084,15.750718390804597,2.203065134099617,,,,,0.0,,0.0,0,0,0,0,62.465753424657535,16.767123287671232,27.13972602739726,598084.9771326217,308314.4903430358,236812.92476246585,40.10717317744634,68209.80452049767,40.71777664945128,24882.462501541508,25.214335017848537,459168.512772325,459193.72710734286,176.9500517767216,106.56507594890682,79.85052202977913,26.261248976346344,167.24053248686783
kolkata_ssp245_mid_2050s_heatwave_extreme_2053,diagnostic_reference,35040,16704,0.8543330000000003,93.20000000000003,26.071441240253552,-0.3454607279693487,64.79286398467433,7.836446360153257,14.934475683397277,10.1352969348659,1.1853448275862069,0.06735750572782494,0.0459323398503864,0.021425165877438538,0.11639606508970625,0.0,0.10406279383789127,5.340038314176245,0,0,0,0,61.93493150684931,16.767123287671232,27.13972602739726,599466.2362003835,309705.90632217954,236509.4590853466,31.496720406322446,69913.30132253298,40.71777664945128,24864.35719987624,19.979707854409803,462459.7623886249,462479.7420964792,174.573912133008,104.45633655476149,77.3622015000195,26.261248976346344,166.1493634512322
kolkata_ssp245_mid_2050s_heatwave_extreme_2053,paperb_adaptive_band_relax,35040,16704,0.8543330000000003,93.20000000000003,27.31773579589184,0.12217907886334609,22.755028735632184,4.370210727969349,9.098911607432015,4.932950191570881,13.918821839080458,0.06559739792344964,0.04658974432538787,0.01900765359806178,0.10764029823217824,0.005986590038314176,0.1037314273557294,5.603448275862069,1159,2283,1132,0,63.38470319634703,15.839362157534246,28.05074200913242,569976.9993306829,280216.669452479,225495.1399538181,0.0,51469.880304767255,40.71777664945128,24827.132567454468,0.0,445380.90702045854,445380.90702045854,174.573912133008,104.45633655476149,77.3622015000195,26.261248976346344,166.5593673788999
kolkata_ssp245_mid_2050s_heatwave_extreme_2053,paperb_gate_tail_asym_relax,35040,16704,0.8543330000000003,93.20000000000003,27.356947292865918,0.13693698116219669,20.965038314176248,4.154693486590038,8.833537483515201,4.681513409961686,15.176005747126437,0.06559997642750434,0.04683339370945915,0.01876658271804519,0.10697939677464896,0.005986590038314176,0.10329207582797993,5.441810344827586,1046,0,1046,0,63.387557077625566,15.836044520547945,28.070790525114155,569258.659285025,279498.3294068211,225117.94278714084,0.0,51128.73742578666,40.71777664945128,24826.671463622326,0.0,444511.3520174056,444511.3520174056,174.573912133008,104.45633655476149,77.3622015000195,26.261248976346344,166.55936737868535
kolkata_ssp245_mid_2050s_heatwave_extreme_2053,paperb_mu_relax,35040,16704,0.8543330000000003,93.20000000000003,27.355440033472362,0.13641008141762453,20.97102490421456,4.154693486590038,8.838963729422737,4.6755268199233715,15.104166666666666,0.06558353450825154,0.04681543616149035,0.018768098346761193,0.10690070044583388,0.005986590038314176,0.10331759064255301,5.435823754789272,1276,0,1176,0,63.387557077625566,15.836501141552512,28.064982876712328,569304.020173641,279543.6902954372,225128.37857659845,0.0,51163.66252494506,40.71777664945128,24826.668005647498,0.0,444505.0992635705,444505.0992635705,174.573912133008,104.45633655476149,77.3622015000195,26.261248976346344,166.05876399099418
kolkata_ssp245_mid_2050s_heatwave_extreme_2053,paperb_pmv_exceedance_guard_relax,35040,16704,0.8543330000000003,93.20000000000003,27.263485471009666,0.10204278416347383,26.67025862068966,4.57375478927203,9.491236536958143,5.292145593869732,11.003352490421456,0.0666711644831231,0.04769817653228158,0.018972987950841517,0.11344347625415205,0.005986590038314176,0.10529254821172386,6.561302681992337,1871,3691,1259,31,63.35901826484018,15.939477915306615,27.929313192846568,570612.1394907434,280851.8096125395,225414.91862170442,18.783964565155234,52166.45783237631,40.71777664945128,24803.748201966464,12.292364815676065,446201.1192315396,446213.41159635526,174.573912133008,104.45633655476149,77.3622015000195,26.261248976346344,166.2236902830112
kolkata_ssp245_mid_2050s_heatwave_extreme_2053,paperb_ppd_guard_relax,35040,16704,0.8543330000000003,93.20000000000003,27.2548307158792,0.09878117017879946,27.107279693486593,4.61566091954023,9.527962578045182,5.226293103448276,10.60823754789272,0.06676356153628718,0.04778645929693474,0.018977102239352447,0.11384380877446916,0.005986590038314176,0.10568993560739878,6.603208812260536,1981,3803,1275,36,63.38184931506849,15.95007176508098,27.918419546188286,570765.200689794,281004.8708115901,225506.10152393897,22.374217594484115,52224.745876163,40.71777664945128,24805.780602883973,14.580245709790564,446260.80118434795,446275.3814300577,174.573912133008,104.45633655476149,77.3622015000195,26.261248976346344,166.231116655725
kolkata_ssp245_mid_2050s_heatwave_extreme_2053,reference,35040,16704,0.8543330000000003,93.20000000000003,26.071441240253552,-0.3454607279693487,64.79286398467433,7.836446360153257,14.934475683397277,10.1352969348659,1.1853448275862069,,,,,0.0,,0.0,0,0,0,0,61.93493150684931,16.767123287671232,27.13972602739726,599466.2362003835,309705.90632217954,236509.4590853466,31.496720406322446,69913.30132253298,40.71777664945128,24864.35719987624,19.979707854409803,462459.7623886249,462479.7420964792,174.573912133008,104.45633655476149,77.3622015000195,26.261248976346344,166.1493634512322
kolkata_ssp245_mid_2050s_hot_2053,diagnostic_reference,35040,16704,0.8543330000000003,93.20000000000003,26.071441240253552,-0.3454607279693487,64.79286398467433,7.836446360153257,14.934475683397277,10.1352969348659,1.1853448275862069,0.06735750572782494,0.0459323398503864,0.021425165877438538,0.11639606508970625,0.0,0.10406279383789127,5.340038314176245,0,0,0,0,61.93493150684931,16.767123287671232,27.13972602739726,599466.2362003835,309705.90632217954,236509.4590853466,31.496720406322446,69913.30132253298,40.71777664945128,24864.35719987624,19.979707854409803,462459.7623886249,462479.7420964792,174.573912133008,104.45633655476149,77.3622015000195,26.261248976346344,166.1493634512322
kolkata_ssp245_mid_2050s_hot_2053,paperb_adaptive_band_relax,35040,16704,0.8543330000000003,93.20000000000003,27.31773579589184,0.12217907886334609,22.755028735632184,4.370210727969349,9.098911607432015,4.932950191570881,13.918821839080458,0.06559739792344964,0.04658974432538787,0.01900765359806178,0.10764029823217824,0.005986590038314176,0.1037314273557294,5.603448275862069,1159,2283,1132,0,63.38470319634703,15.839362157534246,28.05074200913242,569976.9993306829,280216.669452479,225495.1399538181,0.0,51469.880304767255,40.71777664945128,24827.132567454468,0.0,445380.90702045854,445380.90702045854,174.573912133008,104.45633655476149,77.3622015000195,26.261248976346344,166.5593673788999
kolkata_ssp245_mid_2050s_hot_2053,paperb_gate_tail_asym_relax,35040,16704,0.8543330000000003,93.20000000000003,27.356947292865918,0.13693698116219669,20.965038314176248,4.154693486590038,8.833537483515201,4.681513409961686,15.176005747126437,0.06559997642750434,0.04683339370945915,0.01876658271804519,0.10697939677464896,0.005986590038314176,0.10329207582797993,5.441810344827586,1046,0,1046,0,63.387557077625566,15.836044520547945,28.070790525114155,569258.659285025,279498.3294068211,225117.94278714084,0.0,51128.73742578666,40.71777664945128,24826.671463622326,0.0,444511.3520174056,444511.3520174056,174.573912133008,104.45633655476149,77.3622015000195,26.261248976346344,166.55936737868535
kolkata_ssp245_mid_2050s_hot_2053,paperb_mu_relax,35040,16704,0.8543330000000003,93.20000000000003,27.355440033472362,0.13641008141762453,20.97102490421456,4.154693486590038,8.838963729422737,4.6755268199233715,15.104166666666666,0.06558353450825154,0.04681543616149035,0.018768098346761193,0.10690070044583388,0.005986590038314176,0.10331759064255301,5.435823754789272,1276,0,1176,0,63.387557077625566,15.836501141552512,28.064982876712328,569304.020173641,279543.6902954372,225128.37857659845,0.0,51163.66252494506,40.71777664945128,24826.668005647498,0.0,444505.0992635705,444505.0992635705,174.573912133008,104.45633655476149,77.3622015000195,26.261248976346344,166.05876399099418
kolkata_ssp245_mid_2050s_hot_2053,paperb_pmv_exceedance_guard_relax,35040,16704,0.8543330000000003,93.20000000000003,27.263485471009666,0.10204278416347383,26.67025862068966,4.57375478927203,9.491236536958143,5.292145593869732,11.003352490421456,0.0666711644831231,0.04769817653228158,0.018972987950841517,0.11344347625415205,0.005986590038314176,0.10529254821172386,6.561302681992337,1871,3691,1259,31,63.35901826484018,15.939477915306615,27.929313192846568,570612.1394907434,280851.8096125395,225414.91862170442,18.783964565155234,52166.45783237631,40.71777664945128,24803.748201966464,12.292364815676065,446201.1192315396,446213.41159635526,174.573912133008,104.45633655476149,77.3622015000195,26.261248976346344,166.2236902830112
kolkata_ssp245_mid_2050s_hot_2053,paperb_ppd_guard_relax,35040,16704,0.8543330000000003,93.20000000000003,27.2548307158792,0.09878117017879946,27.107279693486593,4.61566091954023,9.527962578045182,5.226293103448276,10.60823754789272,0.06676356153628718,0.04778645929693474,0.018977102239352447,0.11384380877446916,0.005986590038314176,0.10568993560739878,6.603208812260536,1981,3803,1275,36,63.38184931506849,15.95007176508098,27.918419546188286,570765.200689794,281004.8708115901,225506.10152393897,22.374217594484115,52224.745876163,40.71777664945128,24805.780602883973,14.580245709790564,446260.80118434795,446275.3814300577,174.573912133008,104.45633655476149,77.3622015000195,26.261248976346344,166.231116655725
kolkata_ssp245_mid_2050s_hot_2053,reference,35040,16704,0.8543330000000003,93.20000000000003,26.071441240253552,-0.3454607279693487,64.79286398467433,7.836446360153257,14.934475683397277,10.1352969348659,1.1853448275862069,,,,,0.0,,0.0,0,0,0,0,61.93493150684931,16.767123287671232,27.13972602739726,599466.2362003835,309705.90632217954,236509.4590853466,31.496720406322446,69913.30132253298,40.71777664945128,24864.35719987624,19.979707854409803,462459.7623886249,462479.7420964792,174.573912133008,104.45633655476149,77.3622015000195,26.261248976346344,166.1493634512322
kolkata_ssp245_mid_2050s_typical_2058,diagnostic_reference,35040,16704,0.8543330000000003,93.20000000000003,25.84508907620976,-0.44571503831417625,68.51053639846744,6.657088122605365,15.10431058973287,8.908045977011495,0.1257183908045977,0.06853107083359038,0.04661805023810847,0.021913020595481916,0.11845176186548936,0.0,0.1053079026437616,5.9446839080459775,0,0,0,0,60.68207762557078,16.767123287671232,27.13972602739726,585677.6596363054,295917.2667515272,227548.33447588893,24.233057746409095,65093.05211840437,40.71777664945128,24838.521979453497,12.886963187111597,458448.456342779,458461.3433059661,177.7363170557774,107.62587411997191,80.5317390652299,26.261248976346344,164.97679526073742
kolkata_ssp245_mid_2050s_typical_2058,paperb_adaptive_band_relax,35040,16704,0.8543330000000003,93.20000000000003,27.24743858615046,0.08667013888888889,17.199473180076627,2.957375478927203,8.206593408440117,3.484195402298851,13.84698275862069,0.064127594904079,0.04510617655955663,0.01902141834452238,0.10291479829791483,0.047892720306513405,0.10056044464393304,5.310105363984674,1108,2320,1108,0,62.5142694063927,15.838470319634704,28.05685644977169,557865.0660690771,268104.6731842989,217015.52256903294,0.0,47837.50351577845,40.71777664945128,24794.966940547663,0.0,438297.9443428916,438297.9443428916,177.7363170557774,107.62587411997191,80.5317390652299,26.261248976346344,164.66935810718718
kolkata_ssp245_mid_2050s_typical_2058,paperb_gate_tail_asym_relax,35040,16704,0.8543330000000003,93.20000000000003,27.275460759056294,0.0973592353128991,16.22365900383142,2.957375478927203,8.06927500319821,3.466235632183908,15.05028735632184,0.06427436289878903,0.04546426335279713,0.018810099545991898,0.10204525073519134,0.047892720306513405,0.10060537546618839,5.441810344827586,1057,0,1054,0,62.61700913242009,15.836044520547945,28.070690639269408,557228.7241675367,267468.3312827585,216657.92405792532,0.0,47558.7601253457,40.71777664945128,24792.735092500825,0.0,437733.74326728913,437733.74326728913,177.7363170557774,107.62587411997191,80.5317390652299,26.261248976346344,164.6693581071039
kolkata_ssp245_mid_2050s_typical_2058,paperb_mu_relax,35040,16704,0.8543330000000003,93.20000000000003,27.274013490006794,0.09679294380587486,16.22365900383142,2.957375478927203,8.071473749065115,3.466235632183908,15.008381226053642,0.06425596465016989,0.04544150661846736,0.018814458031702532,0.10200058788623331,0.05387931034482758,0.10056934350314334,5.441810344827586,1246,0,1154,0,62.55422374429224,15.836358447488584,28.065732020547944,557256.0554527291,267495.66256795096,216670.58237674262,0.0,47573.43309172088,40.71777664945128,24792.77470405877,0.0,437732.91883407487,437732.91883407487,177.7363170557774,107.62587411997191,80.5317390652299,26.261248976346344,164.14407433065304
kolkata_ssp245_mid_2050s_typical_2058,paperb_pmv_exceedance_guard_relax,35040,16704,0.8543330000000003,93.20000000000003,27.157250869171733,0.05300415070242657,22.970545977011493,3.2207854406130267,8.848587900133492,4.298371647509579,8.908045977011495,0.06625392752263971,0.04725950164620005,0.01899442587643968,0.11906211319074651,0.05986590038314176,0.1036920327831248,6.549329501915708,1620,3299,1197,27,62.37157534246576,15.939126461499358,27.939598689667164,559204.6213867161,269444.228501938,217338.2920285372,10.84310909672375,48843.44626481655,40.71777664945128,24770.888802648176,6.071748454226236,439818.4097796497,439824.4815281038,177.7363170557774,107.62587411997191,80.5317390652299,26.261248976346344,164.47134972292602
kolkata_ssp245_mid_2050s_typical_2058,paperb_ppd_guard_relax,35040,16704,0.8543330000000003,93.20000000000003,27.15981529020361,0.05394185025542785,22.844827586206897,3.1070402298850572,8.781345596913138,3.7535919540229883,9.021791187739463,0.06609950455491469,0.04709488152252788,0.01900462303238681,0.11721298228470083,0.05986590038314176,0.10365294142129007,6.495450191570881,1719,3315,1225,30,62.377283105022826,15.943361381635274,27.93538901969178,559133.6034243213,269373.2105395431,217283.26453031425,13.007490527622377,48825.29141921374,40.71777664945128,24769.510712329542,6.996139850448537,439704.0804331496,439711.07657300006,177.7363170557774,107.62587411997191,80.5317390652299,26.261248976346344,164.2708789516598
kolkata_ssp245_mid_2050s_typical_2058,reference,35040,16704,0.8543330000000003,93.20000000000003,25.84508907620976,-0.44571503831417625,68.51053639846744,6.657088122605365,15.10431058973287,8.908045977011495,0.1257183908045977,,,,,0.0,,0.0,0,0,0,0,60.68207762557078,16.767123287671232,27.13972602739726,585677.6596363054,295917.2667515272,227548.33447588893,24.233057746409095,65093.05211840437,40.71777664945128,24838.521979453497,12.886963187111597,458448.456342779,458461.3433059661,177.7363170557774,107.62587411997191,80.5317390652299,26.261248976346344,164.97679526073742
kolkata_ssp245_near_2030s_heatwave_extreme_2039,diagnostic_reference,35040,16704,0.8543330000000003,93.20000000000003,25.836208153014226,-0.4510123722860792,67.94181034482759,9.434865900383143,15.515698944115453,11.799568965517242,2.101293103448276,0.06838108181831636,0.046324297198222765,0.022056784620093594,0.12068335928905562,0.0,0.10343116631520087,4.298371647509579,0,0,0,0,60.507990867579906,16.767123287671232,27.13972602739726,576114.5620220341,286345.94223852776,218152.86248968236,82.97136887693502,64858.45197711128,40.71777664945128,24993.151358409883,57.083229929443704,447652.15537567483,447709.2386056043,174.30048419354452,104.18217978261428,77.08804472787226,26.261248976346344,164.4479880498743
kolkata_ssp245_near_2030s_heatwave_extreme_2039,paperb_adaptive_band_relax,35040,16704,0.8543330000000003,93.20000000000003,27.103514855498716,0.024350175606641135,23.353687739463602,2.8975095785440614,8.823422009076287,3.4063697318007664,17.810105363984675,0.06622854677258254,0.046591084492422656,0.019637462280159865,0.10672918899066394,0.0,0.10206044538815348,4.657567049808429,1276,2877,1232,0,62.323059360730596,15.83949058219178,28.023537385844747,548179.4982080479,258410.87842454162,208156.65220482554,0.0,47002.56981685886,40.71777664945128,25022.079275166143,0.0,429662.96360984293,429662.96360984293,174.30048419354452,104.18217978261428,77.08804472787226,26.261248976346344,170.58214206925706
kolkata_ssp245_near_2030s_heatwave_extreme_2039,paperb_gate_tail_asym_relax,35040,16704,0.8543330000000003,93.20000000000003,27.2049377394744,0.06254597701149425,18.396791187739463,2.340756704980843,8.120858085488257,2.7059386973180075,20.737547892720308,0.06659083075843472,0.04759331423780821,0.0189975165206265,0.10776834072189984,0.0,0.10133973324049116,4.412116858237548,1044,0,1044,0,62.394406392694066,15.836044520547945,28.070804794520548,546528.2808245259,256759.6610410195,207269.23892690832,0.0,46238.765711253945,40.71777664945128,24992.58925134392,0.0,428130.40924744634,428130.40924744634,174.30048419354452,104.18217978261428,77.08804472787226,26.261248976346344,170.58214204383947
kolkata_ssp245_near_2030s_heatwave_extreme_2039,paperb_mu_relax,35040,16704,0.8543330000000003,93.20000000000003,27.20389134494046,0.06217680395913153,18.39080459770115,2.340756704980843,8.121303293471978,2.7059386973180075,20.719588122605366,0.066569817133327,0.04757104479475194,0.01899877233857506,0.10757926111249379,0.0,0.1012933753535989,4.394157088122606,1113,0,1094,0,62.394406392694066,15.836244292237444,28.06968464611872,546566.2373568439,256797.61757333757,207283.79855227662,0.0,46262.162618203736,40.71777664945128,24992.595380860002,0.0,428130.8202740492,428130.8202740492,174.30048419354452,104.18217978261428,77.08804472787226,26.261248976346344,171.86369906648162
kolkata_ssp245_near_2030s_heatwave_extreme_2039,paperb_pmv_exceedance_guard_relax,35040,16704,0.8543330000000003,93.20000000000003,26.96865903486587,-0.026206297892720328,32.83045977011494,4.100814176245211,9.966476821589008,5.214319923371648,10.704022988505747,0.06988749727803066,0.050180628604165445,0.019706868673865233,0.12147845968318742,0.0,0.1081225688800783,6.788793103448276,1653,4799,1061,113,62.046232876712324,16.073043976526826,27.880376751346674,549943.7939081552,260175.17412464888,208814.00218715615,81.01709512402184,48028.49843951147,40.71777664945128,24943.595396428205,55.091739858034245,431729.60626110295,431784.69800096087,174.30048419354452,104.18217978261428,77.08804472787226,26.261248976346344,170.98558231033175
kolkata_ssp245_near_2030s_heatwave_extreme_2039,paperb_ppd_guard_relax,35040,16704,0.8543330000000003,93.20000000000003,26.97646680330258,-0.02330036717752235,32.429358237547895,3.849377394636015,9.857541093519686,4.621647509578544,11.188936781609195,0.06958112478966083,0.04985500013328534,0.019726124656375497,0.11941137709432931,0.0,0.10782234496197522,6.387691570881227,1763,4772,1102,126,62.01769406392694,16.071576178563785,27.880455567521047,549929.6514229461,260161.03163943975,208767.46543511725,81.40073759153275,48060.50906387374,40.71777664945128,24939.43604025634,55.045766295565066,431581.0697467203,431636.11551301595,174.30048419354452,104.18217978261428,77.08804472787226,26.261248976346344,170.984644695669
kolkata_ssp245_near_2030s_heatwave_extreme_2039,reference,35040,16704,0.8543330000000003,93.20000000000003,25.836208153014226,-0.4510123722860792,67.94181034482759,9.434865900383143,15.515698944115453,11.799568965517242,2.101293103448276,,,,,0.0,,0.0,0,0,0,0,60.507990867579906,16.767123287671232,27.13972602739726,576114.5620220341,286345.94223852776,218152.86248968236,82.97136887693502,64858.45197711128,40.71777664945128,24993.151358409883,57.083229929443704,447652.15537567483,447709.2386056043,174.30048419354452,104.18217978261428,77.08804472787226,26.261248976346344,164.4479880498743
kolkata_ssp245_near_2030s_hot_2031,diagnostic_reference,35040,16704,0.8543330000000003,93.20000000000003,26.025860478006486,-0.36499058109833976,64.08045977011494,8.506944444444445,14.85190631480661,10.853687739463602,0.26340996168582376,0.06676792856064626,0.04513722714016077,0.021630701420485482,0.11773660885401618,0.005986590038314176,0.1073165852987536,6.483477011494252,0,0,0,0,61.19292237442922,16.767123287671232,27.13972602739726,593536.8318734164,303770.4976244721,230950.2765311287,56.345002462803,69512.2203910765,40.71777664945128,24908.157205397292,37.77075703499204,456072.3290092914,456110.09976632637,173.34013546806875,101.52733020402577,74.43319514928373,26.261248976346344,160.6869341928363
kolkata_ssp245_near_2030s_hot_2031,paperb_adaptive_band_relax,35040,16704,0.8543330000000003,93.20000000000003,27.242598442552712,0.0851924090038314,21.845067049808428,3.4243295019157087,8.727354605863493,3.8194444444444446,14.852729885057473,0.06407671767109853,0.04463624433464365,0.019440473336454885,0.10135884265761276,0.05387931034482758,0.10251468928468896,5.860871647509579,1141,2460,1136,0,63.05650684931506,15.838092180365297,28.049286529680366,560780.450461596,271014.1162126518,218609.40461161715,0.8441393089627844,49152.21176192149,40.71777664945128,24904.489287326014,0.5123354960827003,439456.7432182862,439457.2555537823,173.31604168730848,101.52733020402577,74.43319514928373,26.261248976346344,164.91047821565968
kolkata_ssp245_near_2030s_hot_2031,paperb_gate_tail_asym_relax,35040,16704,0.8543330000000003,93.20000000000003,27.28818561104121,0.10233752394636016,19.959291187739463,3.292624521072797,8.442649074378197,3.6278735632183907,16.57686781609195,0.06426085697823804,0.04513139438733058,0.01912946259090744,0.10022905994216301,0.05387931034482758,0.10223240333315088,5.741139846743295,1056,0,1050,0,63.12214611872145,15.836044520547945,28.07054794520548,560047.9900905618,270281.65584161744,218234.42130689052,0.43317443269395606,48795.14566049007,40.71777664945128,24892.342485534515,0.30507788151860005,438768.9035742044,438769.20865208603,173.31604168730848,101.52733020402577,74.43319514928373,26.261248976346344,164.91047800377507
kolkata_ssp245_near_2030s_hot_2031,paperb_mu_relax,35040,16704,0.8543330000000003,93.20000000000003,27.287180369156857,0.10197166347381864,19.97126436781609,3.292624521072797,8.444256554537851,3.6278735632183907,16.55890804597701,0.06425202043589284,0.045120848358201446,0.019131172077691404,0.10022905994216301,0.05387931034482758,0.10221992774505517,5.73515325670498,1197,0,1124,0,63.12214611872145,15.836301369863014,28.0668022260274,560078.4308391657,270312.0965902213,218243.735197945,0.43317443269395606,48816.272518039375,40.71777664945128,24892.344379429203,0.30507788151860005,438769.67441897234,438769.9794968538,173.31604168730848,101.52733020402577,74.43319514928373,26.261248976346344,164.91048283575645
kolkata_ssp245_near_2030s_hot_2031,paperb_pmv_exceedance_guard_relax,35040,16704,0.8543330000000003,93.20000000000003,27.13660301390395,0.0454405332056194,28.903256704980844,4.148706896551724,9.525198531799981,4.849137931034483,9.452825670498084,0.06592245097241198,0.046356485876819974,0.019565965095592018,0.11217580633779009,0.05387931034482758,0.10540593483784312,6.818726053639847,1746,4135,1181,61,62.942351598173516,15.993868029172019,27.906207275390624,562294.8923328109,272528.55808386666,218958.9789741925,43.04134184575214,50274.882068024286,40.71777664945128,24850.841892753742,29.527630637158417,440953.00161714747,440982.52924778464,173.34013546806875,101.52733020402577,74.43319514928373,26.261248976346344,164.17818493122715
kolkata_ssp245_near_2030s_hot_2031,paperb_ppd_guard_relax,35040,16704,0.8543330000000003,93.20000000000003,27.12489446493737,0.041075909961685815,29.43007662835249,4.136733716475096,9.60615584988888,4.717432950191571,9.051724137931034,0.06604077469163082,0.04645806994898113,0.01958270474264969,0.11253150691972062,0.05387931034482758,0.10580907631764057,6.788793103448276,1833,4278,1183,72,62.93949771689498,16.0065329913135,27.896805241554294,562663.6763993494,272897.342150405,219216.51319043315,46.39179812239338,50382.78146204528,40.71777664945128,24867.88348919846,31.635150134417312,441173.0458654899,441204.6810156242,173.34013546806875,101.52733020402577,74.43319514928373,26.261248976346344,164.1780291381384
kolkata_ssp245_near_2030s_hot_2031,reference,35040,16704,0.8543330000000003,93.20000000000003,26.025860478006486,-0.36499058109833976,64.08045977011494,8.506944444444445,14.85190631480661,10.853687739463602,0.26340996168582376,,,,,0.0,,0.0,0,0,0,0,61.19292237442922,16.767123287671232,27.13972602739726,593536.8318734164,303770.4976244721,230950.2765311287,56.345002462803,69512.2203910765,40.71777664945128,24908.157205397292,37.77075703499204,456072.3290092914,456110.09976632637,173.34013546806875,101.52733020402577,74.43319514928373,26.261248976346344,160.6869341928363
kolkata_ssp245_near_2030s_typical_2036,diagnostic_reference,35040,16704,0.8543330000000003,93.20000000000003,25.619449863223252,-0.5446325830140485,70.36637931034483,8.6147030651341,15.736420619124129,11.12308429118774,0.8920019157088124,0.06813840942085751,0.04564552051182862,0.022492888909028903,0.12016313800929977,0.0,0.10011723076627066,3.705699233716475,0,0,0,0,59.81449771689498,16.767123287671232,27.13972602739726,564226.2171886037,274451.1237901531,210986.2288671398,63.219867047710395,60150.01894496527,40.71777664945128,24998.97635122704,42.06676862633471,443543.3832296429,443585.44999826927,174.30048419354452,104.18217978261428,77.08804472787226,26.261248976346344,157.5097939487684
kolkata_ssp245_near_2030s_typical_2036,paperb_adaptive_band_relax,35040,16704,0.8543330000000003,93.20000000000003,27.044648678097325,-0.005922772988505747,17.079741379310345,1.6403256704980842,7.828308024104668,1.873802681992337,17.349137931034484,0.06287610485253693,0.04305997330146147,0.01981613155107547,0.09898009067626057,0.011973180076628351,0.0955428752177898,3.633860153256705,1194,2851,1179,0,61.50399543378996,15.839797374429224,28.03667950913242,535931.664867845,246156.57146939446,200043.6463344337,0.0,42861.269023960434,40.71777664945128,24998.501557805965,0.0,422978.61089826573,422978.61089826573,174.30048419354452,104.18217978261428,77.08804472787226,26.261248976346344,163.49056970843705
kolkata_ssp245_near_2030s_typical_2036,paperb_gate_tail_asym_relax,35040,16704,0.8543330000000003,93.20000000000003,27.11725940607426,0.021417464878671768,13.380028735632186,1.3529693486590038,7.369950522504602,1.5505268199233717,19.69588122605364,0.06314859767133026,0.04383935744796672,0.019309240223363524,0.09849479055433334,0.011973180076628351,0.09532369457713087,3.7535919540229883,1047,0,1046,0,61.64954337899543,15.836044520547945,28.070790525114155,534696.87157456,244921.77817610948,199389.37337138178,0.0,42280.74869372737,40.71777664945128,24976.816090773595,0.0,421600.6939092646,421600.6939092646,174.30048419354452,104.18217978261428,77.08804472787226,26.261248976346344,163.49056970627942
kolkata_ssp245_near_2030s_typical_2036,paperb_mu_relax,35040,16704,0.8543330000000003,93.20000000000003,27.116127271070095,0.020980204342273295,13.421934865900385,1.3529693486590038,7.372746832541901,1.5505268199233717,19.665948275862068,0.06313439123096365,0.043824794022369246,0.01930959720859441,0.09851265033913899,0.011973180076628351,0.09527535505272486,3.7535919540229883,1151,0,1104,0,61.64954337899543,15.836301369863014,28.068314783105023,534713.1891785325,244938.095780082,199397.7767960336,0.0,42288.66287304805,40.71777664945128,24976.808380063696,0.0,421603.2995651881,421603.2995651881,174.30048419354452,104.18217978261428,77.08804472787226,26.261248976346344,162.97507729844227
kolkata_ssp245_near_2030s_typical_2036,paperb_pmv_exceedance_guard_relax,35040,16704,0.8543330000000003,93.20000000000003,26.919987690319047,-0.05277223020434227,25.43103448275862,2.5981800766283527,8.833435164621555,3.430316091954023,10.195162835249043,0.06585313145270695,0.04603783873030514,0.019815292722401807,0.11550817718296755,0.011973180076628351,0.10001522632295572,5.30411877394636,1403,3814,1018,79,61.44691780821918,16.025561857876713,27.91261950627854,537511.9306777805,247736.8372793301,200593.0655285849,54.38654968799083,43837.72909005682,40.71777664945128,24937.413104581643,36.8239758509042,425091.40365376975,425128.22762962064,174.30048419354452,104.18217978261428,77.08804472787226,26.261248976346344,163.51345015908578
kolkata_ssp245_near_2030s_typical_2036,paperb_ppd_guard_relax,35040,16704,0.8543330000000003,93.20000000000003,26.917353896010297,-0.05384422892720308,25.592672413793103,2.4185823754789273,8.803874058840005,2.86757662835249,10.243055555555555,0.06573239928106214,0.04588702963605136,0.019845369645010796,0.11417465517498225,0.011973180076628351,0.10000937140193646,5.040708812260537,1453,3922,1033,87,61.40981735159817,16.032446846461188,27.90951055936073,537619.5091934144,247844.41579496386,200659.21351905633,54.91331803773532,43878.63284686949,40.71777664945128,24938.583479023004,36.71367422693,425077.2732559252,425113.98693015217,174.30048419354452,104.18217978261428,77.08804472787226,26.261248976346344,163.5088219221495
kolkata_ssp245_near_2030s_typical_2036,reference,35040,16704,0.8543330000000003,93.20000000000003,25.619449863223252,-0.5446325830140485,70.36637931034483,8.6147030651341,15.736420619124129,11.12308429118774,0.8920019157088124,,,,,0.0,,0.0,0,0,0,0,59.81449771689498,16.767123287671232,27.13972602739726,564226.2171886037,274451.1237901531,210986.2288671398,63.219867047710395,60150.01894496527,40.71777664945128,24998.97635122704,42.06676862633471,443543.3832296429,443585.44999826927,174.30048419354452,104.18217978261428,77.08804472787226,26.261248976346344,157.5097939487684
